resource_id,url,category,description,in_sources_md,sources_md_id,supporting_claims,claim_count,ingestion_batch,extraction_quality,methodology,sample_size,data_vintage,conflict_of_interest,limitations
RES-0001,http://www.torontoshelternetwork.com/,Other (www.torontoshelternetwork.com),torontoshelternetwork.com,yes,RES-0001,CL-305,1,project-history,unknown,,,,,
RES-0002,http://www.welllivinghouse.com/wp-content/uploads/2019/05/MK_Evaluation-Report_2019.pdf,Other (www.welllivinghouse.com),Firestone et al. 2019 Well Living House,yes,RES-0002,CL-046,1,project-history,unknown,,,,,
RES-0003,https://abc13.com/post/increased-number-citations-written-homeless-houston-new-ordinance/18149138/,Other (abc13.com),Houston Public Media July 16 2025; ABC13; Defender Network — confirmed research pass June 30 2026,yes,RES-0003,CL-087;CL-90665,2,project-history,unknown,,,,,
RES-0004,https://ajph.aphapublications.org/doi/full/10.2105/AJPH.2013.301369,Other (ajph.aphapublications.org),Hwang et al 2013 AJPH Comprehensive Assessment of Health Care Utilization,yes,RES-0004,CL-345,1,project-history,unknown,,,,,
RES-0005,https://alphahousecalgary.com/how-we-help/outreach/,Sector nonprofit/network,Calgary HELP (formerly DOAP) Team — Alpha House Society,yes,RES-0005,CL-409,1,project-history,unknown,,,,,
RES-0006,https://bot.com/Resources/Resource-Library/priced-out-the-high-cost-of-development-charges,Other (bot.com),"Toronto Region Board of Trade — ""Priced Out: The High Cost of Development Charges"" (December 2025)",yes,RES-0006,CL-412,1,project-history,unknown,,,,,
RES-0007,https://bsh.ubc.ca/bill-60-and-the-ltb-backlog-misdiagnosis-misdirection-and-missed-opportunities/,Other (bsh.ubc.ca),"Balanced Supply of Housing UBC ""Bill 60 and the LTB Backlog"" March 23 2026",yes,RES-0007,CL-90623;CL-90624,2,project-history,unknown,,,,,
RES-0008,https://budget.ontario.ca/2023/,Government of Ontario (primary govt),Ontario Budget 2023; MMAH 2024-25 plans; Hansard May 16 2023,yes,RES-0008,CL-136,1,project-history,unknown,,,,,
RES-0009,https://caeh.ca/cas/,Sector nonprofit/network,CAEH — What is a Coordinated Access System?,yes,RES-0009,CL-443,1,project-history,unknown,,,,,
RES-0010,https://caeh.ca/medicine-hat-functional-zero/,Sector nonprofit/network,CAEH — Medicine Hat Functional Zero (June 2021),yes,RES-0010,CL-175;CL-585,2,project-history,unknown,,,,,
RES-0011,https://canliiconnects.org/en/commentaries/73252,Other (canliiconnects.org),CanLII Connects commentary on Sanctuary et al v Toronto 2020 ONSC 6207,no,,CL-347,1,project-history,unknown,,,,,
RES-0012,https://ccla.org/equality/ccla-reacts-to-ontario-passing-the-safer-municipalities-act/,Other (ccla.org),CCLA statement (ccla.org); legislative analysis (gowlingwlg.com); confirmed research pass June 2026,yes,RES-0012,CL-208,1,project-history,unknown,,,,,
RES-0013,https://colab.ws/articles/10.1177/10780874251314838,Other (colab.ws),ResearchGate CoLab and Community Housing Canada publication listings confirming paper type and abstr,yes,RES-0013,CL-339,1,project-history,unknown,,,,,
RES-0014,https://community.solutions/built-for-zero/functional-zero/,Sector nonprofit/network,Community Solutions — Built for Zero: Functional Zero Definition and 2025 Evolution,yes,RES-0014,CL-178;CL-461,2,project-history,unknown,,,,,
RES-0015,https://cupe.ca/local/cupe-966-salvation-army-wilkinson-and-cawthra-and-peel-family-shelters,Other (cupe.ca),CUPE official local directory pages,yes,RES-0015,CL-348,1,project-history,unknown,,,,,
RES-0016,https://cupe.on.ca/cupe-ontario-and-omw-join-amos-municipalities-calls-to-deal-with-human-and-financial-costs-of-ontarios-homelessness-crisis/,Other (cupe.on.ca),CUPE Ontario press release January 2025,yes,RES-0016,CL-334,1,project-history,unknown,,,,,
RES-0017,https://cupelocal79.org/city-workers-request-no-board-report-prepare-for-possible-strike-action/,Sector nonprofit/network,CUPE Local 79 official statements and TorontoToday/CBC reporting Jan-March 2025,yes,RES-0017,CL-335,1,project-history,unknown,,,,,
RES-0018,https://cupelocal79.org/worth-it/,Sector nonprofit/network,"CUPE Local 79 — ""Worth It"" Campaign Page and City of Toronto March 2025 Agreement Announcement",yes,RES-0018,CL-444,1,project-history,unknown,,,,,
RES-0019,https://doi.org/10.1186/s12888-015-0408-z,Other (doi.org),Stergiopoulos et al. 2015; At Home/Chez Soi trial (largest Canadian housing RCT),no,,CL-223,1,project-history,unknown,,,,,
RES-0020,https://doi.org/10.1186/s12889-025-23006-6,Other (doi.org),BMC Public Health systematic review and qualitative evidence synthesis DOI 10.1186/s12889-025-23006-,yes,RES-0020,CL-235,1,project-history,unknown,,,,,
RES-0021,https://doi.org/10.1186/s12913-025-13170-1,Other (doi.org),BMC Health Services Research DOI 10.1186/s12913-025-13170-1,yes,RES-0021,CL-236,1,project-history,unknown,,,,,
RES-0022,https://en.wikipedia.org/wiki/2026_Toronto_municipal_election,Other (en.wikipedia.org),Wikipedia 2026 Toronto municipal election; media coverage of campaign launch,yes,RES-0022,CL-283,1,project-history,unknown,,,,,
RES-0023,https://en.wikipedia.org/wiki/Toronto_City_Council_2022%E2%80%932026,Other (en.wikipedia.org),"Wikipedia: ""November 30, 2023: Former Toronto District School Board trustee Parthi Kandavel is elect",yes,RES-0023,CL-276;CL-670,2,project-history,unknown,,,,,
RES-0024,https://en.wikipedia.org/wiki/Value_of_life,Other (en.wikipedia.org),Policy Research Initiative 2009 update of Chestnut et al 1999 as codified in Treasury Board guidance,yes,RES-0024,CL-353,1,project-history,unknown,,,,,
RES-0025,https://factchecktoronto.ca/2021/06/07/shelter-violence/,City of Toronto (primary govt),FactCheckToronto citing City FOI response 2021-00378 and Toronto Star Jan 23 2021,yes,RES-0025,CL-260;CL-765,2,project-history,unknown,,,,,
RES-0026,https://factchecktoronto.ca/tag/central-intake/,City of Toronto (primary govt),FactCheckToronto analysis of FOI 2020-01799 via Osgoode Hall Environmental Justice and Sustainabilit,yes,RES-0026,CL-307;CL-308;CL-309,3,project-history,unknown,,,,,
RES-0027,https://fairrentontario.ca/why-rent-control/,Government of Ontario (primary govt),Fair Rent Ontario advocacy organization,yes,RES-0027,CL-292,1,project-history,unknown,,,,,
RES-0028,https://fao-on.org/en/report/estimates-2025-mccss/,Ontario FAO,"Financial Accountability Office of Ontario, Ministry of Children Community and Social Services 2025 ",yes,RES-0028,CL-265;CL-266,2,project-history,unknown,,,,,
RES-0029,https://fao-on.org/wp-content/uploads/Housing-and-Homelessness-Programs-EN.pdf,Ontario FAO,FAO — Housing and Homelessness Programs in Ontario (2021),yes,RES-0029,CL-429,1,project-history,unknown,,,,,
RES-0030,https://feedontario.ca/wp-content/uploads/2019/04/Feed-Ontario-Report-Social-Assistance-Changes-2019.pdf,Sector nonprofit/network,"Feed Ontario - Social Assistance Changes in Ontario (2019) - historical OW/ODSP rate report, distinct from the 2025 Hunger Report",yes,RES-0030,CL-127;CL-200;CL-081,3,project-history,unknown,,,,,
RES-0031,https://ghrc.ca/blog/ontario-minimum-wage-history/,Other (ghrc.ca),GHRC Staffing Solutions citing Ontario ESA; Peninsula Canada citing Ontario ESA,yes,RES-0031,,0,project-history,unknown,,,,,
RES-0032,https://globalnews.ca/news/11213143/ont-toronto-refugee-lawsuit/,News (other outlet),Global News — Proposed Class Action Lawsuit on Refugee Shelter Exclusion (June 2025),yes,RES-0032,CL-295;CL-452,2,project-history,unknown,,,,,
RES-0033,https://globalnews.ca/news/11612013/toronto-encampments-reduced/,News (other outlet),Global News November 2024; City of Toronto encampment tracking; CP24 January 2026,yes,RES-0033,CL-204;CL-90684,2,project-history,unknown,,,,,
RES-0034,https://globalnews.ca/news/11937544/ontario-not-reach-housing-goal/,News (other outlet),Global News (globalnews.ca/news/11937544); CBC News housing starts reporting,yes,RES-0034,CL-203;CL-597,2,project-history,unknown,,,,,
RES-0035,https://globalnews.ca/news/8199534/city-of-toronto-homeless-encampment-clearing-costs/,News (other outlet),Global News September 2021 citing City of Toronto official disclosure,yes,RES-0035,CL-354,1,project-history,unknown,,,,,
RES-0036,https://greenhealthcare.ca/towards-a-safe-secure-and-sustainable-reusable-ppe-system/,Other (greenhealthcare.ca),Canadian Coalition for Green Health Care — Reusable PPE System Report (Dec 2023),yes,RES-0036,CL-415,1,project-history,unknown,,,,,
RES-0037,https://hart.ubc.ca/blog/hart-comments-on-ontarios-bill-23-more-homes-built-faster/,Other (hart.ubc.ca),"Housing Assessment Resource Tools (HART) UBC ""HART comments on Ontarios Bill 23"" May 2 2023",yes,RES-0037,CL-231,1,project-history,unknown,,,,,
RES-0038,https://healthydebate.ca/2024/10/topic/hospitals-encampments-mental-illness-canada/,Other (healthydebate.ca),"Healthy Debate ""From hospitals to encampments"" October 8 2024",yes,RES-0038,CL-219;CL-220,2,project-history,unknown,,,,,
RES-0039,https://homelesshub.ca/blog/2024/the-cost-of-inaction-healthcare-expenses-associated-with-homelessness-in-toronto/,Sector nonprofit/network,"ICES/Unity Health - Richard et al. BMC Health Services Research 2024:1074 - the SAME paper cited via two secondary summaries (CL-191, CL-449, CL-467) - corrected same-day from an initial mistaken independent-cross-validation framing",yes,RES-0039,CL-191;CL-467,2,project-history,unknown,,,,,
RES-0040,https://homelesshub.ca/blog/2025/eviction-prevention-pays-off-how-bc-rent-bank-saves-homes-and-government-dollars/,Sector nonprofit/network,BC Rent Bank Financial Analysis (via Homeless Hub),yes,RES-0040,CL-448,1,project-history,unknown,,,,,
RES-0041,https://homelesshub.ca/blog/2025/yes-its-cheaper-the-financial-case-for-homelessness-prevention/,Sector nonprofit/network,Unity Health Toronto — Lucie Richard 2024 Healthcare Cost Study,yes,RES-0041,CL-449,1,project-history,unknown,,,,,
RES-0042,https://homelesshub.ca/wp-content/uploads/2024/04/Appendix-A-Toronto.pdf,Sector nonprofit/network,Reaching Home Community Homelessness Report for Toronto 2019-2021,yes,RES-0042,CL-368,1,project-history,unknown,,,,,
RES-0043,https://homelesshub.ca/wp-content/uploads/2025/04/Toronto-Community-Plan-2024-2028.pdf,Sector nonprofit/network,Reaching Home Toronto Community Plan 2024-2028,yes,RES-0043,CL-366,1,project-history,unknown,,,,,
RES-0044,https://houselink.on.ca/whats-new/the-issues/,Other (houselink.on.ca),houselink.on.ca Research and Reports page,yes,RES-0044,CL-306,1,project-history,unknown,,,,,
RES-0045,https://housing-infrastructure.canada.ca/homelessness-sans-abri/hifis-sisa/index-eng.html,Government of Canada (primary govt),Housing Infrastructure and Communities Canada official HIFIS program page,yes,RES-0045,CL-380;CL-671,2,project-history,unknown,,,,,
RES-0046,https://housing-infrastructure.canada.ca/homelessness-sans-abri/reports-rapports/data-shelter-2023-donnees-refuge-eng.html,Government of Canada (primary govt),Housing Infrastructure and Communities Canada National Shelter Study 2023 Update,yes,RES-0046,CL-383,1,project-history,unknown,,,,,
RES-0047,https://housing-infrastructure.canada.ca/pd-dp/seea-eees/uhei-ilihrc-eng.html,Government of Canada (primary govt),Housing Infrastructure and Communities Canada program page,yes,RES-0047,CL-133,1,project-history,unknown,,,,,
RES-0048,https://hsd.multco.us/emergency-shelters/day-centers/,Sector nonprofit/network,Multnomah County (Portland) Day Centers,yes,RES-0048,CL-410,1,project-history,unknown,,,,,
RES-0049,https://invisiblepeople.tv/number-of-homeless-canadians-admitted-to-correction-facilities-has-tripled-over-the-last-decade/,Other (invisiblepeople.tv),Invisible People citing John Howard Society of Canada; corroborated multiple sources,yes,RES-0049,CL-221,1,project-history,unknown,,,,,
RES-0050,https://kmb.camh.ca/eenet/resources/what-is-housing-first,Other (kmb.camh.ca),CAMH EENet What is Housing First knowledge mobilization page written by team affiliated with origina,yes,RES-0050,CL-340,1,project-history,unknown,,,,,
RES-0051,https://maytree.com/publications/poverty-rising-how-ontarios-strategy-failed-and-what-must-come-next/,Other (maytree.com),Maytree Foundation — Poverty Rising: How Ontario's Strategy Failed (July 2025),yes,RES-0051,CL-098,1,project-history,unknown,,,,,
RES-0052,https://michaelparsampp.ca/ontario-opens-nine-homelessness-and-addiction-recovery-treatment-hubs/,Other (michaelparsampp.ca),Ontario government announcement April 1 2025; multiple Task E models,yes,RES-0052,CL-150,1,project-history,unknown,,,,,
RES-0053,https://news.ontario.ca/en,Government of Ontario (primary govt),Multiple Task E models; government press releases,partial,RES-0053,CL-138,1,project-history,unknown,,,,,
RES-0054,https://newtorontoinitiative.ca/home/the-big-picture,Other (newtorontoinitiative.ca),"New Toronto Initiative ""The Big Picture"" Sept 30 2025; City of Toronto 2024 Budget Notes backgroundf",yes,RES-0054,CL-225;CL-226;CL-562;CL-563,4,project-history,unknown,,,,,
RES-0055,https://nlihc.org/resource/systematic-research-review-finds-benefits-housing-first-programs-us-outweigh-costs,Other (nlihc.org),NLIHC — Systematic Research Review: Housing First Benefits Outweigh Costs,yes,RES-0055,CL-439,1,project-history,unknown,,,,,
RES-0056,https://ojs.lib.uwo.ca/index.php/ijoh/article/view/16652,Other (ojs.lib.uwo.ca),Kirwan and McLaughlin International Journal on Homelessness 2024,yes,RES-0056,CL-371,1,project-history,unknown,,,,,
RES-0057,https://ontario.cmha.ca/bill-6/,Other (ontario.cmha.ca),CMHA Ontario,yes,RES-0057,CL-025,1,project-history,unknown,,,,,
RES-0058,https://ontario.cmha.ca/provincial-policy/health-systems-transformation/history-of-mental-health-reform/,Other (ontario.cmha.ca),ResearchGate (Restructuring Mental Health Policy in Ontario: Deconstructing the Evolving Welfare Sta,yes,RES-0058,CL-218,1,project-history,unknown,,,,,
RES-0059,https://ontarioliberal.ca/homelessness-is-solvable-the-homelessness-ends-with-housing-act-calls-for-decisive-action/,Other (ontarioliberal.ca),Ontario Liberal Party — Bill 28 Defeat Statement (May 2026),yes,RES-0059,CL-156,1,project-history,unknown,,,,,
RES-0060,https://openpolicyontario.com/channeling-the-1995-welfare-cuts-even-if-we-agreed-with-them-rates-would-now-be-more-than-200-a-month-higher/,Other (openpolicyontario.com),John Stapleton / Open Policy Ontario — Ontario Social Assistance Rate History,no,,CL-440,1,project-history,unknown,,,,,
RES-0061,https://pmc.ncbi.nlm.nih.gov/articles/PMC11581741/,Academic (PubMed/PMC/preprint),NYC Right-to-Counsel and Eviction Warrant Reduction (cohort study),partial,RES-0061,CL-422,1,project-history,unknown,,,,,
RES-0062,https://pmc.ncbi.nlm.nih.gov/articles/PMC2323142/,Academic (PubMed/PMC/preprint),Slesnick et al. (2008) — Health Services Research,partial,RES-0062,CL-397,1,project-history,unknown,,,,,
RES-0063,https://pmc.ncbi.nlm.nih.gov/articles/PMC6352814/,Academic (PubMed/PMC/preprint),PMC Dublin homeless mortality cohort study 2011-2015,yes,RES-0063,CL-458,1,project-history,unknown,,,,,
RES-0064,https://pressprogress.ca/justin-trudeau-is-blaming-conservatives-for-cuts-to-housing-those-cuts-actually-began-under-the-liberals/,Other (pressprogress.ca),Prof J Davis Hulchanski University of Toronto; multiple primary sources,yes,RES-0064,CL-038,1,project-history,unknown,,,,,
RES-0065,https://psychiatryonline.org/doi/10.1176/appi.ps.201500002,Other (psychiatryonline.org),Poremski et al Psychiatric Services 2016 full text retrieved directly,no,,CL-370,1,project-history,unknown,,,,,
RES-0066,https://psychiatryonline.org/doi/10.1176/appi.ps.202000029,Other (psychiatryonline.org),Latimer et al 2020 Psychiatric Services Table 2 plus EENet CAMH evidence summary corroboration,yes,RES-0066,CL-346,1,project-history,unknown,,,,,
RES-0067,https://pub-london.escribemeetings.com/filestream.ashx?DocumentId=34005,Other (pub-london.escribemeetings.com),ISAC — Year-by-Year Ontario Works Rate Change Archive (2004-2016),yes,RES-0067,CL-445,1,project-history,unknown,,,,,
RES-0068,https://pub-ottawa.escribemeetings.com/filestream.ashx?DocumentId=126970,Other (pub-ottawa.escribemeetings.com),"CBC News — Ottawa HPP Allocation Shortfall (April 27, 2023)",yes,RES-0068,,0,project-history,unknown,,,,,
RES-0069,https://pubmed.ncbi.nlm.nih.gov/10791509/,Academic (PubMed/PMC/preprint),"Hwang (2000) — Mortality Among Men Using Homeless Shelters in Toronto, Ontario",yes,RES-0069,CL-424,1,project-history,unknown,,,,,
RES-0070,https://raw.githubusercontent.com/rfordatascience/tidytuesday/main/data/2020/2020-12-01/shelters.csv,Other (raw.githubusercontent.com),City of Toronto Open Data via rfordatascience/tidytuesday GitHub mirror (TidyTuesday 2020-12-01),yes,RES-0070,CL-302,1,project-history,unknown,,,,,
RES-0071,https://secure.toronto.ca/council/agenda-item.do?item=2023.BA45.8,City of Toronto (primary govt),City of Toronto Chief Procurement Officer report Council Item 2023.BA45.8,yes,RES-0071,CL-329,1,project-history,unknown,,,,,
RES-0072,https://secure.toronto.ca/council/agenda-item.do?item=2023.EC7.7,City of Toronto (primary govt),Homelessness Services Capital Infrastructure Strategy — Council Item EC7.7,yes,RES-0072,CL-277,1,project-history,unknown,,,,,
RES-0073,https://secure.toronto.ca/council/agenda-item.do?item=2023.MM7.28,City of Toronto (primary govt),City Council decision 2023.MM7.28 and ALFDC program materials,yes,RES-0073,CL-367,1,project-history,unknown,,,,,
RES-0074,https://secure.toronto.ca/council/agenda-item.do?item=2024.EC13.8,City of Toronto (primary govt),Toronto City Council 2024.EC13.8,yes,RES-0074,CL-109;CL-278,2,project-history,unknown,,,,,
RES-0075,https://secure.toronto.ca/council/agenda-item.do?item=2024.EC17.4,City of Toronto (primary govt),Council Item 2024.EC17.4,yes,RES-0075,CL-287;CL-717,2,project-history,unknown,,,,,
RES-0076,https://secure.toronto.ca/council/agenda-item.do?item=2024.EC9.4,City of Toronto (primary govt),City of Toronto Council Item 2024.EC9.4,yes,RES-0076,CL-327;CL-749,2,project-history,unknown,,,,,
RES-0077,https://secure.toronto.ca/council/agenda-item.do?item=2024.GG12.14,City of Toronto (primary govt),City of Toronto Council Item 2024.GG12.14,yes,RES-0077,CL-328,1,project-history,unknown,,,,,
RES-0078,https://secure.toronto.ca/council/agenda-item.do?item=2024.MM20.38,City of Toronto (primary govt),"Mayor Chow Letter to Province — COHB Restoration Request (Sept 26, 2025)",yes,RES-0078,CL-281,1,project-history,unknown,,,,,
RES-0079,https://secure.toronto.ca/council/agenda-item.do?item=2025.EC22.3,City of Toronto (primary govt),City of Toronto — Council Agenda Item 2025.EC22.3,yes,RES-0079,CL-432,1,project-history,unknown,,,,,
RES-0080,https://secure.toronto.ca/council/agenda-item.do?item=2025.EX26.13,City of Toronto (primary govt),Mayor Olivia Chow letter to Council Sept 26 2025 item 2025.EX26.13,yes,RES-0080,CL-377;CL-688;CL-280;CL-209,4,project-history,unknown,,,,,
RES-0081,https://secure.toronto.ca/council/agenda-item.do?item=2025.MM34.4,City of Toronto (primary govt),City of Toronto — Agenda Item 2025.MM34.4 and 2025.EX28.21,yes,RES-0081,CL-453;CL-572;CL-573;CL-713,4,project-history,unknown,,,,,
RES-0082,https://secure.toronto.ca/council/agenda-item.do?item=2025.PH23.3,City of Toronto (primary govt),City of Toronto official council voting record; CBC Toronto July 24 2025; Progress Toronto,yes,RES-0082,CL-279;CL-210;CL-684,3,project-history,unknown,,,,,
RES-0083,https://secure.toronto.ca/council/agenda-item.do?item=2025.PH25.4,City of Toronto (primary govt),City Council decision 2025.PH25.4,yes,RES-0083,CL-369,1,project-history,unknown,,,,,
RES-0084,https://secure.toronto.ca/council/agenda-item.do?item=2026.TTC12.1,City of Toronto (primary govt),TTC 2026 Operating Budget — Agenda Item 2026.TTC12.1,yes,RES-0084,CL-400,1,project-history,unknown,,,,,
RES-0085,https://secure.toronto.ca/council/report.do?meeting=2025.AU8&type=decisions,City of Toronto (primary govt),Toronto Auditor General Feb 2025 audit full recommendation list via Audit Committee decision documen,yes,RES-0085,CL-323;CL-337,2,project-history,unknown,,,,,
RES-0086,https://secure.toronto.ca/council/report.do?meeting=2026.PH29&type=agenda,City of Toronto (primary govt),Official Planning and Housing Committee agenda April 14 2026; CreateTO board bio; Council Item 2024.,no,,CL-285,1,project-history,unknown,,,,,
RES-0087,https://springmag.ca/the-system-fails-the-unhoused-a-voice-from-the-frontlines,Other (springmag.ca),Spring Magazine December 22 2022,yes,RES-0087,CL-293,1,project-history,unknown,,,,,
RES-0088,https://taeh.ca,Other (taeh.ca),taeh.ca and Toronto Foundation profile,yes,RES-0089,CL-071,1,project-history,unknown,,,,,
RES-0089,https://taeh.ca/,Other (taeh.ca),taeh.ca and Toronto Foundation profile,yes,RES-0089,CL-303,1,project-history,unknown,,,,,
RES-0090,https://tdotcommunity.ca/project/drug-overdose-deaths-in-torontos-homeless-shelters-are-the-new-normal/,Other (tdotcommunity.ca),tdotcommunity.ca April 2022 citing City overdose data,yes,RES-0090,CL-301;CL-612,2,project-history,unknown,,,,,
RES-0091,https://theguardian.com (need specific URL),Other (theguardian.com (need specific url)),DeepSeek-Expert citing The Guardian 2019,no,,CL-093,1,project-history,unknown,,,,,
RES-0092,https://thelocal.to/ttc-mental-health-issues-homelessness-public-space/,Other (thelocal.to),The Local — Investigative Journalism on TTC and Homelessness,yes,RES-0092,CL-395;CL-589;CL-780,3,project-history,unknown,,,,,
RES-0093,https://toronto.ca/community-people/community-partners/emergency-shelter-operators/homelessness-shelter-operator-expression-of-interest,City of Toronto (primary govt),Homelessness Shelter Operator Expression of Interest City of Toronto,yes,RES-0093,CL-288,1,project-history,unknown,,,,,
RES-0094,https://toronto.ca/wp-content/uploads/2024/04/96b5-Shelter-Safety-Study-AODA-Final-Report-April-2024.pdf,City of Toronto (primary govt),CAMH Shelter Safety Study 2024,yes,RES-0094,CL-013;CL-014,2,project-history,unknown,,,,,
RES-0095,https://toronto.citynews.ca/2024/12/16/mayor-olivia-chow-removes-councillor-brad-bradford-from-housing-committee,Other (toronto.citynews.ca),CityNews — Mayor Chow Removes Bradford from Housing Committee (December 2024),yes,RES-0095,CL-125,1,project-history,unknown,,,,,
RES-0096,https://torontohousing.ca/sites/default/files/2025-12/item_7a_-_2025-76_-_toronto_community_housing_safety_and_wellbeing_strategy_2026-2030.pdf,Other (torontohousing.ca),TCHC 2026-2030 Safety and Wellbeing Strategy,yes,RES-0096,CL-413,1,project-history,unknown,,,,,
RES-0097,https://torontolife.com/city/this-years-ttc-operating-budget-will-exceed-3-billion/,News (other outlet),TorontoToday / Toronto Life — TTC 2027 Funding Cliff,no,,,0,project-history,unknown,,,,,
RES-0098,https://tribunalwatch.ca/2024/ltb-statement-of-concern-the-numbers-speak-for-themselves/,Tribunal Watch / Tribunals Ontario,Tribunal Watch Ontario February 2024,yes,RES-0098,CL-021;CL-232,2,project-history,unknown,,,,,
RES-0099,https://tribunalwatch.ca/2025/the-landlord-and-tenant-board-annual-report-progress-but-still-a-long-way-to-go/,Tribunal Watch / Tribunals Ontario,Tribunal Watch Ontario analysis of Tribunals Ontario 2024-25 Annual Report,yes,RES-0099,CL-351;CL-459,2,project-history,unknown,,,,,
RES-0100,https://tribunalwatch.ca/tag/ltb/,Tribunal Watch / Tribunals Ontario,Tribunal Watch Ontario direct statement June 10 2026,yes,RES-0100,CL-460,1,project-history,unknown,,,,,
RES-0101,https://unityhealth.to/2023/07/homelessness-cold-weather-ed/,Other (unityhealth.to),Unity Health Toronto and Institute for Clinical Evaluative Sciences 2023 study cited in AG audit,yes,RES-0101,CL-320,1,project-history,unknown,,,,,
RES-0102,https://utppublishing.com/doi/full/10.3138/CPP.39.4.541,Academic (journal),"O'Grady, Gaetz & Buccieri (2013) — Tickets... and More Tickets",no,,CL-423,1,project-history,unknown,,,,,
RES-0103,https://www.abc13.com/post/increased-number-citations-written-homeless-houston-new-ordinance/18149138/,Other (www.abc13.com),Houston Public Media July 16 2025; ABC13; Defender Network,yes,RES-0103,CL-205,1,project-history,unknown,,,,,
RES-0104,https://www.acto.ca,Other (www.acto.ca),ISAC/ACTO November 2025 submission,yes,RES-0104,CL-017,1,project-history,unknown,,,,,
RES-0105,https://www.allianceon.org/sites/default/files/CHC_ED_Costs_Averted_Feb_9.pdf,Other (www.allianceon.org),Alliance for Healthier Communities — ED Costs Averted Report,yes,RES-0105,CL-427,1,project-history,unknown,,,,,
RES-0106,https://www.amo.on.ca/sites/default/files/assets/DOCUMENTS/Reports/2025/2025-01-08-AMOHomelessnessReportSummaryFinal.pdf,Other (www.amo.on.ca),AMO/HelpSeeker 2025 — Municipalities Under Pressure,yes,RES-0106,CL-060;CL-111;CL-114;CL-779,4,project-history,unknown,,,,,
RES-0107,https://www.amo.on.ca/sites/default/files/assets/DOCUMENTS/Reports/2026/MunisUnderPressure1YearUpdateReport2026-01-13.pdf,Other (www.amo.on.ca),AMO/HelpSeeker 2026 — Municipalities Under Pressure: One Year Later,yes,RES-0107,CL-026;CL-027;CL-112;CL-113;CL-121;CL-155;CL-023;CL-90661,8,project-history,unknown,,,,,
RES-0108,https://www.auditor.on.ca/en/content/annualreports/arreports/en21/AR_Homelessness_en21.pdf,Other (www.auditor.on.ca),Ontario Auditor General 2021 — Value-for-Money Audit: Homelessness,yes,RES-0108,CL-139,1,project-history,unknown,,,,,
RES-0109,https://www.auditor.on.ca/en/content/annualreports/arreports/en23/1-07FU_homelessness_en23.pdf,Other (www.auditor.on.ca),Ontario Auditor General 2023 — Follow-up on Homelessness Audit,yes,RES-0109,CL-140,1,project-history,unknown,,,,,
RES-0110,https://www.bitfocus.com/blog/leveraging-your-hmis-to-support-trauma-informed-care,Other (www.bitfocus.com),Dinnen et al 2014 cited in Bitfocus HMIS trauma-informed care paper,yes,RES-0110,CL-372,1,project-history,unknown,,,,,
RES-0111,https://www.bmj.com/content/339/bmj.b4036,Other (www.bmj.com),Hwang et al. 2009 BMJ b4036,yes,RES-0111,CL-029,1,project-history,unknown,,,,,
RES-0112,https://www.bu.edu/sph/news/articles/2024/extreme-heat-may-substantially-raise-mortality-risk-for-people-experiencing-homelessness/,Other (www.bu.edu),Lin et al. (2024) — Daily Heat and Mortality Among People Experiencing Homelessness,yes,RES-0112,CL-421,1,project-history,unknown,,,,,
RES-0113,https://www.budget.gc.ca/2021/report-rapport/p2-en.html,Other (www.budget.gc.ca),Federal Budget 2021 Chapter 5; confirmed in Hansard and CMHC transition documents,yes,RES-0113,CL-131,1,project-history,unknown,,,,,
RES-0114,https://www.calgaryhomeless.com/,Other (www.calgaryhomeless.com),"Calgary Homeless Foundation 2024 PIT count — confirmed research pass; 3,314 was incorrect",yes,RES-0114,CL-092;CL-207,2,project-history,unknown,,,,,
RES-0115,https://www.calgaryhomeless.com/wp-content/uploads/2026/03/PiT-Report_2025.F2.pdf,Other (www.calgaryhomeless.com),Calgary Homeless Foundation — 2025 Point-in-Time Count,yes,RES-0115,CL-134,1,project-history,unknown,,,,,
RES-0116,https://www.cambridge.org/core/journals/canadian-journal-of-law-and-society-la-revue-canadienne-droit-et-societe/article/vulnerability-of-asylum-seekers-and-undocumented-migrants-in-toronto/4E68F42076F04F4778F0F92587E6A9C9,Other (www.cambridge.org),Cambridge University Press Vulnerability of Asylum Seekers and Undocumented Migrants in Toronto 2024,yes,RES-0116,CL-381,1,project-history,unknown,,,,,
RES-0117,https://www.cbc.ca/news/canada/calgary/homeless-medicine-hat-point-in-time-count-1.6600717,News (CBC),CBC News — Medicine Hat Functional Zero Reversal (October 2022),yes,RES-0117,CL-176,1,project-history,unknown,,,,,
RES-0118,https://www.cbc.ca/news/canada/kitchener-waterloo/green-liberal-mpps-housing-first-private-members-bill-can-it-work-1.7548550,News (CBC),AMO/HelpSeeker 2025 report via CBC News June 2025,yes,RES-0118,CL-157,1,project-history,unknown,,,,,
RES-0119,https://www.cbc.ca/news/canada/ottawa/ottawa-questions-homelessness-funding-1.6823740,News (CBC),"CBC News — Ottawa HPP Allocation Shortfall (April 27, 2023)",yes,RES-0119,CL-269,1,project-history,unknown,,,,,
RES-0120,https://www.cbc.ca/news/canada/toronto/,News (CBC),Progress Toronto; CBC Toronto July 24 2025,yes,RES-0120,CL-282,1,project-history,unknown,,,,,
RES-0121,https://www.cbc.ca/news/canada/toronto/encampment-clearing-investigation-toronto-ombudsman-1.6789619,News (CBC),City of Toronto data cited in CBC News March 2023,yes,RES-0121,CL-096,1,project-history,unknown,,,,,
RES-0122,https://www.cbc.ca/news/canada/toronto/incarceration-to-encampment-john-howard-society-of-ontario-report-1.7585965,News (CBC),"John Howard Society of Ontario ""From Incarceration to Encampment"" (July 2025); CBC News July 17 2025",yes,RES-0122,CL-215,1,project-history,unknown,,,,,
RES-0123,https://www.cbc.ca/news/canada/toronto/number-of-encampments-decreased-past-year-homelessness-9.7182350,News (CBC),"CBC News — Toronto Encampment Decline Coverage (April 30, 2026 and January 14, 2026)",yes,RES-0123,CL-431,1,project-history,unknown,,,,,
RES-0124,https://www.cbc.ca/news/canada/toronto/ontario-defends-supervised-consumption-site-closures-9.7142185,News (CBC),"CBC News — Ford Government Defends SCS Closures (March 25, 2026)",yes,RES-0124,CL-149;CL-151,2,project-history,unknown,,,,,
RES-0125,https://www.cbc.ca/news/canada/toronto/ontario-greenbelt-review-update-9.7148802,News (CBC),Globalnews/CBC — RCMP Greenbelt Investigation Status (2026),yes,RES-0125,CL-438,1,project-history,unknown,,,,,
RES-0126,https://www.cbc.ca/news/canada/toronto/ontario-temp-foreign-workers-agencies-1.6213249,News (CBC),CBC News 2021-2023 reporting on Ontario Ministry of Labour enforcement,yes,RES-0126,CL-331,1,project-history,unknown,,,,,
RES-0127,https://www.cbc.ca/news/canada/toronto/refugee-housing-shelter-asylum-seekers-work-permits-1.6911571,News (CBC),CBC News July 2023,yes,RES-0127,CL-358,1,project-history,unknown,,,,,
RES-0128,https://www.cbc.ca/news/canada/toronto/toronto-affordable-housing-lottery-changes-1.7416934,News (CBC),CBC News January 6 2025 citing City of Toronto data,yes,RES-0128,CL-311;CL-312,2,project-history,unknown,,,,,
RES-0129,https://www.cbc.ca/news/canada/toronto/toronto-city-council-meeting-nov-8-1.7020639,News (CBC),CBC News November 8 2023,yes,RES-0129,CL-284,1,project-history,unknown,,,,,
RES-0130,https://www.cbc.ca/news/canada/toronto/toronto-increase-rent-bank-funding-mayor-9.7044571,News (CBC),CBC News January 14 2026 (Mayor Chow announcement),yes,RES-0130,CL-024,1,project-history,unknown,,,,,
RES-0131,https://www.cbc.ca/news/canada/toronto/toronto-ombudsman-report-refugee-shelters-council-1.7414425,News (CBC),"CBC News — Council Response to the Refugee Shelter Ombudsman Report (Dec 19, 2024)",yes,RES-0131,CL-451;CL-606,2,project-history,unknown,,,,,
RES-0132,https://www.change.org/p/audit-toronto-shelter-and-support-services-tsss,Other (www.change.org),Change.org petition Audit Toronto Shelter and Support Services TSSS,yes,RES-0132,CL-338,1,project-history,unknown,,,,,
RES-0133,https://www.charityintelligence.ca/,Other (www.charityintelligence.ca),Charity Intelligence Canada via CRA T3010 (CRA BN 108229865RR0001),yes,RES-0133,,0,project-history,unknown,,,,,
RES-0134,https://www.charityintelligence.ca/charity-details/204-fred-victor,Other (www.charityintelligence.ca),Fred Victor Centre — T3010 (FY March 2025),yes,RES-0134,CL-195,1,project-history,unknown,,,,,
RES-0135,https://www.charityintelligence.ca/charity-details/350-homes-first,Other (www.charityintelligence.ca),Homes First Society — T3010 (FY December 2023),yes,RES-0135,CL-194;CL-521;CL-672;CL-699,4,project-history,unknown,,,,,
RES-0136,https://www.charityintelligence.ca/charity-details/114-dixon-hall-neighbourhood-services,Other (www.charityintelligence.ca),Dixon Hall Neighbourhood Services — T3010 (FY March 2024),yes,RES-0136,CL-197;CL-532;CL-700,3,project-history,unknown,,,,,
RES-0137,https://www.charityintelligence.ca/charity-details/78-covenant-house-toronto,Other (www.charityintelligence.ca),Covenant House Toronto — T3010 (FY June 2024),yes,RES-0137,CL-196;CL-213;CL-90681,3,project-history,unknown,,,,,
RES-0138,https://www.charityintelligence.ca/charity-details/29-covenant-house-toronto,Other (www.charityintelligence.ca),"CRA T3010 via Charity Intelligence -- this exact URL (charity-details/29-covenant-house-toronto) now resolves to a DIFFERENT charity (Centraide of Greater Montreal, United Way Montreal), not Covenant House Toronto. Likely an id renumbering on charityintelligence.ca. The correct Covenant House Toronto page is charity-id 78, archived separately as RES-0137. Kept on file as a documented trap for future citers of this URL.",yes,RES-0138,,0,project-history,unknown,,,,,
RES-0139,https://www.charityintelligence.ca/charity-details/32-fred-victor,Other (www.charityintelligence.ca),CRA T3010 annual information return via Charity Intelligence Canada,yes,RES-0139,CL-212,1,project-history,unknown,,,,,
RES-0140,https://www.charityintelligence.ca/charity-details/52-homes-first-society,Other (www.charityintelligence.ca),CRA T3010 annual information return via Charity Intelligence Canada,yes,RES-0140,CL-211,1,project-history,unknown,,,,,
RES-0141,https://www.chrc-ccdp.gc.ca/resources/newsroom/two-years-after-landmark-report-renewed-action-needed-homelessness-continues,Other (www.chrc-ccdp.gc.ca),Federal Housing Advocate March 3 2026,yes,RES-0141,CL-022,1,project-history,unknown,,,,,
RES-0142,https://www.cihi.ca/en/homelessness-and-hospital-use,Other (www.cihi.ca),"CIHI — Homelessness and Hospital Use, 2022-2023",yes,RES-0142,CL-189;CL-190,2,project-history,unknown,,,,,
RES-0143,https://www.cihi.ca/en/indicators/cost-of-a-standard-hospital-stay-cshs,Other (www.cihi.ca),CIHI Cost of Standard Hospital Stay 2022-23,yes,RES-0143,CL-129,1,project-history,unknown,,,,,
RES-0144,https://www.cihi.ca/en/patient-cost-estimator,Other (www.cihi.ca),CIHI Patient Cost Estimator 2022-23; various secondary sources,yes,RES-0144,CL-128;CL-130,2,project-history,unknown,,,,,
RES-0145,https://www.cmajopen.ca/content/5/3/E576,Academic/peer-reviewed,"Latimer et al. 2017 CMAJ Open, plus independent corroboration from PubMed, PMC, ResearchGate, and CBC News. [T-0069 Phase 2 pilot / #142] Full citation: ""Costs of services for homeless people with mental illness in 5 Canadian cities"" (At Home/Chez Soi usual-care arm) -- supports RES-30046 FLAGSHIP_homelessness_housing_first.md's cost-of-homelessness (ER/police/courts) claim.",yes,RES-0145,CL-343,1,project-history,full,,,,,
RES-0146,https://www.cmajopen.ca/content/cmajo/5/3/E576.full.pdf,Other (www.cmajopen.ca),Latimer et al. 2017 CMAJ Open,yes,RES-0146,CL-028,1,project-history,unknown,,,,,
RES-0147,https://www.cmhc-schl.gc.ca,Government of Canada (primary govt),CMHC Average Market Rent 2024,yes,RES-0147,CL-018;CL-291,2,project-history,unknown,,,,,
RES-0148,https://www.communityland.ca/2023-census/,Sector nonprofit/network,2023 Census of Community Land Trusts in Canada,yes,RES-0148,CL-441,1,project-history,unknown,,,,,
RES-0149,https://www.cp24.com/local/toronto/2025/06/04/toronto-hit-with-50m-class-action-lawsuit-over-decision-to-deny-refugees-shelter-beds/,News (other outlet),CP24 June 4 2025,yes,RES-0149,CL-259,1,project-history,unknown,,,,,
RES-0150,https://www.dhhs.nh.gov/sites/g/files/ehbemt476/files/documents2/clm-ips-fidelity-report-sfy24-final-amended.pdf,Other (www.dhhs.nh.gov),NH DHHS IPS Fidelity Report / MDRC — Individual Placement and Support in Practice,yes,RES-0150,CL-386,1,project-history,unknown,,,,,
RES-0151,https://www.fraserinstitute.org/commentary/toronto-taxpayers-should-demand-better-citys-homelessness-services,Other (www.fraserinstitute.org),"Fraser Institute commentary ""Toronto taxpayers should demand better of citys homelessness services"" ",yes,RES-0151,CL-224,1,project-history,unknown,,,,,
RES-0152,https://www.frontiersin.org/journals/psychiatry/articles/10.3389/fpsyt.2021.763396/full,Academic (journal),STAR (Supporting Transitions and Recovery) Centre — Quasi-Experimental Evaluation,yes,RES-0152,CL-408;CL-766,2,project-history,unknown,,,,,
RES-0153,https://www.gg.ca/en/honours/recipients/146-4673,Other (www.gg.ca),York University Faculty of Education profile; Governor General of Canada honours page,yes,RES-0153,CL-304;CL-772,2,project-history,unknown,,,,,
RES-0154,https://www.globenewswire.com/news-release/2025/09/04/3144858/0/en/OPSEU-SEFPO-and-CUPE-Ontario-community-and-social-services-workers-launch-Worth-Fighting-For-coordinated-bargaining-campaign-at-rally-in-Hamilton.html,Other (www.globenewswire.com),OPSEU SEFPO and CUPE Ontario press releases via GlobeNewswire September 2025 and May 2026,yes,RES-0154,CL-349;CL-773,2,project-history,unknown,,,,,
RES-0155,https://www.globenewswire.com/news-release/2026/05/25/3300591/0/en/We-re-telling-our-employers-you-re-either-with-us-or-you-re-against-the-people-who-need-us-Province-wide-strike-in-community-health-and-social-services-expands.html,Other (www.globenewswire.com),OPSEU SEFPO May 25 2026 press release citing FAO,yes,RES-0155,CL-350,1,project-history,unknown,,,,,
RES-0156,https://www.helpseeker.org/reports/municipalities-under-pressure-the-human-and-financial-cost-of-ontarios-homelessness-crisis,Other (www.helpseeker.org),Donaldson et al. (2025). Municipalities Under Pressure. HelpSeeker/AMO.,yes,RES-0156,CL-120;CL-144;CL-145,3,project-history,unknown,,,,,
RES-0157,https://www.homelesshub.ca/resource/hospital-costs-and-length-stay-among-homeless-patients-admitted-medical-surgical-and,Sector nonprofit/network,"Weaver, Hoch, Hwang et al. — Hospital Cost Differential (Toronto)",yes,RES-0157,CL-418,1,project-history,unknown,,,,,
RES-0158,https://www.houstonpublicmedia.org/articles/news/city-of-houston/2025/07/16/526508/houston-city-council-effectively-bans-homeless-people-from-downtown-and-east-downtown-sidewalks/,Other (www.houstonpublicmedia.org),Houston Public Media July 16 2025,yes,RES-0158,CL-132,1,project-history,unknown,,,,,
RES-0159,https://www.jobbank.gc.ca/marketreport/wages-occupation/227148/geo9219,Other (www.jobbank.gc.ca),Government of Canada Job Bank wage report,yes,RES-0159,CL-333,1,project-history,unknown,,,,,
RES-0160,https://www.lawtimesnews.com/practice-areas/criminal/about-one-in-10-of-homeless-ontarios-homeless-population-went-from-jail-to-the-streets/392899,News (other outlet),"John Howard Society of Ontario ""From Incarceration to Encampment"" July 2025; John Howard recommendat",yes,RES-0160,CL-222,1,project-history,unknown,,,,,
RES-0161,https://www.medrxiv.org/content/10.1101/2024.05.07.24306964.full.pdf,Academic (PubMed/PMC/preprint),"""Nowhere to Go"" — Mixed-Methods Study on Shelter Service Restriction",yes,RES-0161,CL-398,1,project-history,unknown,,,,,
RES-0162,https://www.medscape.com/viewarticle/ontario-2026-healthcare-budget-focuses-primary-care-and-home-2026a1000c3n,Other (www.medscape.com),"2026 Ontario Budget — Total Healthcare Allocation and ""Roadmap to Wellness""",yes,RES-0162,CL-416,1,project-history,unknown,,,,,
RES-0163,https://www.metisnation.org/programs-and-services/housing-infrastructure/,Other (www.metisnation.org),Metis Nation of Ontario official program pages,yes,RES-0163,CL-375,1,project-history,unknown,,,,,
RES-0164,https://www.msdsb.net/images/ADMIN/correspondence/2020/COHB_Program_Guidelines_Final.pdf,Other (www.msdsb.net),Multiple primary sources including official COHB Program Guidelines and City of Toronto COHB page,yes,RES-0164,CL-360,1,project-history,unknown,,,,,
RES-0165,https://www.ncbi.nlm.nih.gov/pmc/articles/PMC11936304/,Academic (PubMed/PMC/preprint),US cost analysis studies published via peer-reviewed journals not Toronto or Ontario specific,partial,RES-0165,CL-420,1,project-history,unknown,,,,,
RES-0166,https://www.ncbi.nlm.nih.gov/pmc/articles/PMC5480200/,Academic (PubMed/PMC/preprint),Helsinki Shelter Users — Dual Diagnosis and Daytime Healthcare Utilization,partial,RES-0166,CL-411,1,project-history,unknown,,,,,
RES-0167,https://www.ncbi.nlm.nih.gov/pmc/articles/PMC7424067/,Academic (PubMed/PMC/preprint),STAR Centre — Program Description,partial,RES-0167,CL-407,1,project-history,unknown,,,,,
RES-0168,https://www.ncbi.nlm.nih.gov/pmc/articles/PMC8061292/,Academic (PubMed/PMC/preprint),Ontario Psychiatric Discharge Readmission Cohort Study,yes,RES-0168,CL-419,1,project-history,unknown,,,,,
RES-0169,https://www.ncbi.nlm.nih.gov/pmc/articles/PMC8815224/,Academic (PubMed/PMC/preprint),SHARPS Study Team BMC Public Health 2022 PMC8815224,yes,RES-0169,CL-234,1,project-history,unknown,,,,,
RES-0170,https://www.nihanglaw.ca/bill-c12-ineligibility-letter-canada-ircc-asylum-letter/,Other (www.nihanglaw.ca),Government of Canada temporary public policy cited by multiple immigration law sources,yes,RES-0170,CL-362,1,project-history,unknown,,,,,
RES-0171,https://www.nlstoronto.org/uploads/4/4/3/9/4439251/social_assistance_rates_updates.pdf,Other (www.nlstoronto.org),ISAC — Social Assistance Rates Fact Sheet (September 2013),yes,RES-0171,CL-442,1,project-history,unknown,,,,,
RES-0172,https://www.ola.org/en/legislative-business/bills/parliament-44/session-1/bill-28,Other (www.ola.org),"Bill 28 — Homelessness Ends with Housing Act, 2025",yes,RES-0172,CL-653;CL-657,2,project-history,unknown,,,,,
RES-0173,https://www.ola.org/en/legislative-business/bills/parliament-44/session-1/bill-28/votes,Other (www.ola.org),"Bill 28 — Homelessness Ends with Housing Act, 2025",yes,RES-0173,,0,project-history,unknown,,,,,
RES-0174,https://www.ola.org/en/legislative-business/house-documents/parliament-44/session-1/2025-10-23/hansard,Other (www.ola.org),"OLA Hansard Oct 23, 2025 — vote record confirmed Kimi audit June 30 2026",yes,RES-0174,CL-154,1,project-history,unknown,,,,,
RES-0175,https://www.ombudsmantoronto.ca/investigation-report/an-investigation-into-the-citys-decision-to-stop-allowing-refugee-claimants-into-base-shelter-system-beds/,City of Toronto (primary govt),Ombudsman Toronto investigation report 2024; Christie Refugee Welcome Centre summary,yes,RES-0175,CL-258,1,project-history,unknown,,,,,
RES-0176,https://www.ombudsmantoronto.ca/investigative-report/an-investigation-into-the-citys-decision-to-stop-allowing-refugee-claimants-into-base-shelter-system-beds/,City of Toronto (primary govt),"Ombudsman Toronto — Investigation into Refugee Claimant Shelter Bed Access (Dec 12, 2024)",yes,RES-0176,CL-450,1,project-history,unknown,,,,,
RES-0177,https://www.ombudsmantoronto.ca/news/,City of Toronto (primary govt),Ombudsman Toronto news release,yes,RES-0177,CL-261,1,project-history,unknown,,,,,
RES-0178,https://www.ombudsmantoronto.ca/wp-content/uploads/2024/12/An-Investigation-Into-the-Citys-Decision-to-Stop-Allowing-Refugee-Claimants-into-Base-Shelter-System-Beds.pdf,City of Toronto (primary govt),Ombudsman Toronto investigation report December 2024,yes,RES-0178,CL-294,1,project-history,unknown,,,,,
RES-0179,https://www.ontario.ca/document/2023-ontario-budget,Government of Ontario (primary govt),Ontario Budget 2023 — HPP baseline ~$493M from Budget 2022; $202M increase Budget 2023 = ~$695M roun,no,,CL-069,1,project-history,unknown,,,,,
RES-0180,https://www.ontario.ca/document/mccss-service-objectives-community-services/services-delivered-vaw-emergency-shelter-and,Government of Ontario (primary govt),Claude Sonnet Task E citing MCCSS service objectives URL,yes,RES-0180,CL-137,1,project-history,unknown,,,,,
RES-0181,https://www.ontario.ca/document/ontario-works-policy-directives/61-calculating-assistance,Government of Ontario (primary govt),Ontario Works Policy Directive 6.1 — Calculating Assistance,yes,RES-0181,CL-206,1,project-history,unknown,,,,,
RES-0182,https://www.ontario.ca/document/ontario-works-policy-directives/63-shelter,Government of Ontario (primary govt),Government of Ontario Ontario Works Policy Directives official site,yes,RES-0182,CL-359,1,project-history,unknown,,,,,
RES-0183,https://www.ontario.ca/document/ontarios-third-action-plan-under-national-housing-strategy-2025-2028/nhs-programs,Government of Ontario (primary govt),Ontario Third Action Plan under National Housing Strategy 2025-2028,yes,RES-0183,CL-289,1,project-history,unknown,,,,,
RES-0184,https://www.ontario.ca/laws/regulation/980134,Government of Ontario (primary govt),Ontario Regulation 134/98 — Ontario Works Act,yes,RES-0184,CL-201;CL-081;CL-142,3,project-history,unknown,,,,,
RES-0185,https://feedontario.ca/hunger-report-2025/,Sector nonprofit/network,"Feed Ontario Hunger Report 2025 - RESOLVED July 2026, see CL-471, record food bank use + 66% housing cost burden",yes,RES-0185,CL-471;CL-786,2,project-history,unknown,,,,,
RES-0186,https://www.ontario.ca/laws/statute/90e06,Government of Ontario (primary govt),Fixed election date legislation Ontario; Feb 27 2025 election + 4 years = ~April 2029 (fixed date fi,yes,RES-0186,CL-084,1,project-history,unknown,,,,,
RES-0187,https://www.ontario.ca/laws/statute/s25005,Government of Ontario (primary govt),"Safer Municipalities Act, 2025 — S.O. 2025, c.5",yes,RES-0187,CL-146,1,project-history,unknown,,,,,
RES-0188,https://www.ontario.ca/page/homelessness-and-addiction-recovery-treatment-hubs-hart-hubs-reference-document-january-2025,Government of Ontario (primary govt),HART Hub Reference Document (January 2025),yes,RES-0188,CL-147;CL-725,2,project-history,unknown,,,,,
RES-0189,https://www.ontario.ca/page/ontario-disability-support-program-odsp-rates,Government of Ontario (primary govt),Grok Task E; DeepSeek-WA Task E citing Ontario.ca ODSP rates,no,,CL-143,1,project-history,unknown,,,,,
RES-0190,https://www.ontario.ca/page/ontario-works-rates,Government of Ontario (primary govt),DeepSeek-WA Task E citing Ontario OW policy directives,no,,,0,project-history,unknown,,,,,
RES-0191,https://www.ontario.ca/page/published-plans-and-annual-reports-2024-2025-ministry-children-community-and-social-services,Government of Ontario (primary govt),Ontario Ministry of Children Community and Social Services published plans 2024-25,yes,RES-0191,CL-268,1,project-history,unknown,,,,,
RES-0192,https://www.ontariobigcitymayors.ca/ontarios-big-city-mayors-statement-on-the-association-of-municipalities-of-ontarios-amo-updated-report-on-homelessness-in-ontario/,Other (www.ontariobigcitymayors.ca),Ontario Big City Mayors statement January 2026,yes,RES-0192,CL-115,1,project-history,unknown,,,,,
RES-0193,https://www.pbo-dpb.ca/en/publications/RP-2425-005-S--federal-spending-address-homelessness,Government of Canada (primary govt),Parliamentary Budget Office — Federal Spending to Address Homelessness (May 2024),yes,RES-0193,CL-082;CL-126,2,project-history,unknown,,,,,
RES-0194,https://www.pbo-dpb.ca/en/publications/RP-2425-005-S--federal-spending-address-homelessness--depenses-federales-matiere-itinerance,Government of Canada (primary govt),Parliamentary Budget Officer — Federal Spending to Address Homelessness (May 2024),yes,RES-0194,CL-425,1,project-history,unknown,,,,,
RES-0195,https://www.pbo-dpb.ca/en/publications/RP-2425-007-S--costing-asylum-claims-from-visa-exempt-countries--analyse-couts-demandeurs-asile-pays-dispenses-obligation-visa,Government of Canada (primary govt),PBO — Costing Asylum Claims from Visa-Exempt Countries,yes,RES-0195,CL-122;CL-426,2,project-history,unknown,,,,,
RES-0196,https://www.policyalternatives.ca/news-research/successfully-housing-the-homeless-a-finnish-perspective/,Other (www.policyalternatives.ca),Multiple Sources — Helsinki 70% Land Ownership / 25% Social Housing Mandate,yes,RES-0196,CL-446,1,project-history,unknown,,,,,
RES-0197,https://www.researchgate.net/publication/232522168_A_fidelity_scale_for_the_Individual_Placement_and_Support_model_of_supported_employment,Other (www.researchgate.net),Bond Becker Drake IPS fidelity scale review and related systematic reviews,yes,RES-0197,CL-374,1,project-history,unknown,,,,,
RES-0198,https://www.researchgate.net/publication/398698250,Other (www.researchgate.net),ResearchGate/PMC Peer Navigator Role and Contribution to Mental Health Service Delivery — Collective,no,,,0,project-history,unknown,,,,,
RES-0199,https://www.richmondhill.ca/en/learn-more/about-bill-23-the-more-homes-built-faster-act.aspx,Other (www.richmondhill.ca),"City of Richmond Hill Staff Report SRPI.23.033 ""About Bill 23 The More Homes Built Faster Act"" Jan 3",yes,RES-0199,CL-230,1,project-history,unknown,,,,,
RES-0200,https://www.socialplanningtoronto.org/2026_police_budget,Other (www.socialplanningtoronto.org),Social Planning Toronto — 2026 Police Budget Analysis,yes,RES-0200,CL-118;CL-90662,2,project-history,unknown,,,,,
RES-0201,https://www.thecanadianencyclopedia.ca/en/article/ontario-cuts-back,Other (www.thecanadianencyclopedia.ca),"Canadian Encyclopedia (Maclean's July 31 1995): ""cheque reduced from $663 to $520""; Policy Options 2",yes,RES-0201,CL-272;CL-273,2,project-history,unknown,,,,,
RES-0202,https://www.theglobeandmail.com/canada/article-city-of-toronto-police-face-lawsuit-over-removal-of-homeless-camps/,Other (www.theglobeandmail.com),Globe and Mail October 2021,yes,RES-0202,CL-355,1,project-history,unknown,,,,,
RES-0203,https://www.theglobeandmail.com/canada/article-embargo-survey-finds-two-of-five-people-without-a-home-say-jail-time/,Other (www.theglobeandmail.com),"John Howard Society of Ontario ""Locked Up and Locked Out"" 2024",yes,RES-0203,CL-217,1,project-history,unknown,,,,,
RES-0204,https://www.theglobeandmail.com/canada/article-inmates-released-homeless-rates/,Other (www.theglobeandmail.com),Globe and Mail investigation November 2023; data via freedom of information requests,yes,RES-0204,CL-216,1,project-history,unknown,,,,,
RES-0205,https://www.theglobeandmail.com/canada/article-life-in-the-shadows-inside-the-world-of-torontos-undocumented-migrants/,Other (www.theglobeandmail.com),Globe and Mail investigation 2025 citing federal government estimates,yes,RES-0205,CL-382,1,project-history,unknown,,,,,
RES-0206,https://www.theglobeandmail.com/politics/article-scores-of-asylum-claimants-warned-they-may-face-deportation-after/,Other (www.theglobeandmail.com),Globe and Mail April 2026 and multiple immigration law practitioner sources cross-checked,yes,RES-0206,CL-361,1,project-history,unknown,,,,,
RES-0207,https://www.thelancet.com/journals/lanpub/article/PIIS2468-2667(20)30055-4/fulltext,Other (www.thelancet.com),Lancet Public Health systematic review search snippet - full article bot-blocked on direct fetch,yes,RES-0207,CL-373,1,project-history,unknown,,,,,
RES-0208,https://www.thetrillium.ca/news/housing/ontarios-unofficial-estimate-of-homeless-population-is-234000-documents-9341464,News (other outlet),The Trillium (Pinkerton/Hauen) Aug 13 2024; corroborated by 8+ Village Media syndicated outlets,yes,RES-0208,CL-254;CL-255;CL-256;CL-568,4,project-history,unknown,,,,,
RES-0209,https://www.thetrillium.ca/news/social-services-and-society/number-of-homeless-ow-odsp-recipients-has-almost-doubled-in-two-years-government-data-9577826,News (other outlet),"The Trillium — ""Number of Homeless OW, ODSP Recipients Has Almost Doubled"" (Sept 2024)",yes,RES-0209,CL-430,1,project-history,unknown,,,,,
RES-0210,https://www.toronto.ca/,City of Toronto (primary govt),Meta Task G citing Mayor's 2026 budget release and Toronto.ca Rent Bank page,yes,RES-0210,CL-168,1,project-history,unknown,,,,,
RES-0211,https://www.toronto.ca/city-government/accountability-operations-customer-service/city-administration/city-managers-office/intergovernmental-affairs/canada-community-building-fund/housing-needs-assessment/,City of Toronto (primary govt),City of Toronto Housing Needs Assessment October 2025,yes,RES-0211,CL-378,1,project-history,unknown,,,,,
RES-0212,https://www.toronto.ca/city-government/budget-finances/city-budget/,City of Toronto (primary govt),Toronto Budget Committee Jan 2025,yes,RES-0212,CL-001;CL-003,2,project-history,unknown,,,,,
RES-0213,https://www.toronto.ca/city-government/council/members-of-council/,City of Toronto (primary govt),City of Toronto Members of Council page; Wikipedia Toronto City Council 2022-2026,yes,RES-0213,CL-274;CL-275,2,project-history,unknown,,,,,
RES-0214,https://www.toronto.ca/city-government/data-research-maps/research-reports/housing-and-homelessness-research-and-reports/2025-2030-strategic-plan-to-address-homelessness/,City of Toronto (primary govt),Meta Task G citing City of Toronto Strategic Plan webpage modified March 4 2026,yes,RES-0214,CL-158,1,project-history,unknown,,,,,
RES-0215,https://www.toronto.ca/city-government/data-research-maps/research-reports/housing-and-homelessness-research-and-reports/deaths-of-shelter-residents/annual-review-of-statistics-on-deaths-of-shelter-residents/,City of Toronto (primary govt),City of Toronto 2024 Annual Review of Statistics on Deaths of Shelter Residents,yes,RES-0215,CL-296;CL-650;CL-782;CL-793,4,project-history,unknown,,,,,
RES-0216,https://www.toronto.ca/city-government/data-research-maps/research-reports/housing-and-homelessness-research-and-reports/overdoses-in-homelessness-services-settings/,City of Toronto (primary govt),"City of Toronto Overdoses in Homelessness Services Settings dataset - updated through 2026, includes the 2026 monthly overdose surge and quarterly trend data",yes,RES-0216,CL-300;CL-474;CL-90683,3,project-history,unknown,,,,,
RES-0217,https://www.toronto.ca/city-government/data-research-maps/research-reports/housing-and-homelessness-research-and-reports/shelter-system-flow-data/,City of Toronto (primary govt),City of Toronto — Shelter System Flow Data,yes,RES-0217,CL-004;CL-171;CL-379;CL-447,4,project-history,unknown,,,,,
RES-0218,https://www.toronto.ca/city-government/data-research-maps/toronto-housing-data-hub/housing-data-hub-definitions/,City of Toronto (primary govt),City of Toronto Housing Data Hub Definitions page,yes,RES-0218,CL-326,1,project-history,unknown,,,,,
RES-0219,https://www.toronto.ca/community-people/community-partners/emergency-shelter-operators/bulletins-directives-funding-submissions-and-shelter-standards/,City of Toronto (primary govt),City of Toronto TSSS Bulletins Directives and Funding Submissions page,yes,RES-0219,CL-310,1,project-history,unknown,,,,,
RES-0220,https://www.toronto.ca/community-people/get-involved/volunteer-with-the-city/street-needs-assessment/,City of Toronto (primary govt),City of Toronto official SNA program page,yes,RES-0220,CL-253,1,project-history,unknown,,,,,
RES-0221,https://www.toronto.ca/community-people/health-wellness-care/health-inspections-monitoring/monitoring-deaths-of-homeless-people/,City of Toronto (primary govt),Toronto Public Health Deaths of People Experiencing Homelessness dashboard,yes,RES-0221,CL-298,1,project-history,unknown,,,,,
RES-0222,https://www.toronto.ca/community-people/housing-shelter/access-community-housing/rent-geared-to-income-subsidy/canada-ontario-housing-benefit/,City of Toronto (primary govt),City of Toronto COHB program page,yes,RES-0222,CL-290,1,project-history,unknown,,,,,
RES-0223,https://www.toronto.ca/community-people/housing-shelter/homeless-help/about-torontos-shelter-system/street-needs-assessment/,City of Toronto (primary govt),2024 Street Needs Assessment Report,yes,RES-0223,CL-101;CL-601;CL-776,3,project-history,unknown,,,,,
RES-0224,https://www.toronto.ca/community-people/housing-shelter/homeless-help/about-torontos-shelter-system/winter-services-plan-for-people-experiencing-homelessness/,City of Toronto (primary govt),City of Toronto Winter Services Plan retrospective page April 2026,yes,RES-0224,CL-363,1,project-history,unknown,,,,,
RES-0225,https://www.toronto.ca/community-people/housing-shelter/homeless-help/encampment-outreach-response/,City of Toronto (primary govt),City of Toronto Encampment Outreach and Response page and TFS 2026 Budget Notes,yes,RES-0225,CL-356,1,project-history,unknown,,,,,
RES-0226,https://www.toronto.ca/community-people/housing-shelter/rental-housing-rights-information/understand-prevent-evictions/eviction-prevention-in-the-community-epic/,City of Toronto (primary govt),Meta Task G citing City budget notes; Qwen Task G confirms program details,yes,RES-0226,CL-169;CL-170,2,project-history,unknown,,,,,
RES-0227,https://www.toronto.ca/legdocs/mmis/2023/cc/bgrd/backgroundfile-230130.pdf,City of Toronto (primary govt),City of Toronto Staff Report to Council — Bill 23 Impact Estimate (November 2022),yes,RES-0227,CL-389,1,project-history,unknown,,,,,
RES-0228,https://www.toronto.ca/legdocs/mmis/2023/cc/bgrd/backgroundfile-235280.pdf,City of Toronto (primary govt),Toronto Ombudsman 2023 — Encampment Investigation,yes,RES-0228,CL-099,1,project-history,unknown,,,,,
RES-0229,https://www.toronto.ca/legdocs/mmis/2023/ph/bgrd/backgroundfile-240848.pdf,City of Toronto (primary govt),City of Toronto Council Report — Rapid Housing Initiative Phase 3 Outcomes (Nov 2023),yes,RES-0229,CL-428,1,project-history,unknown,,,,,
RES-0230,https://www.toronto.ca/legdocs/mmis/2024/bu/bgrd/backgroundfile-242343.pdf,City of Toronto (primary govt),2024 TSSS Budget Notes backgroundfile-242343; cross-confirmed by Task G What We Heard SMIS finding a,yes,RES-0230,CL-229;CL-344;CL-384;CL-385,4,project-history,unknown,,,,,
RES-0231,https://www.toronto.ca/legdocs/mmis/2024/ec/bgrd/backgroundfile-245818.pdf,City of Toronto (primary govt),City of Toronto encampment strategy report backgroundfile-245818,yes,RES-0231,CL-100;CL-035,2,project-history,unknown,,,,,
RES-0232,https://www.toronto.ca/legdocs/mmis/2024/ex/bgrd/backgroundfile-246468.pdf,City of Toronto (primary govt),City of Toronto HSCIS research (documented in staff reports),yes,RES-0232,CL-019,1,project-history,unknown,,,,,
RES-0233,https://www.toronto.ca/legdocs/mmis/2025/au/bgrd/backgroundfile-252902.pdf,City of Toronto (primary govt),Toronto AG 2025 — Audit of TSSS Warming Centres and Winter Respite Sites,yes,RES-0233,CL-271;CL-314;CL-315;CL-316;CL-317;CL-318;CL-319;CL-321;CL-322;CL-330,10,project-history,unknown,,,,,
RES-0234,https://www.toronto.ca/legdocs/mmis/2025/au/bgrd/backgroundfile-256858.pdf,City of Toronto (primary govt),Toronto AG 2025 — Consolidated Follow-up on Outstanding Recommendations,yes,RES-0234,CL-90625;CL-90626,2,project-history,unknown,,,,,
RES-0235,https://www.toronto.ca/legdocs/mmis/2025/bu/bgrd/backgroundfile-251962.pdf,City of Toronto (primary govt),TSSS 2025 Budget Notes,yes,RES-0235,CL-078;CL-123,2,project-history,unknown,,,,,
RES-0236,https://www.toronto.ca/legdocs/mmis/2025/bu/bgrd/backgroundfile-252522.pdf,City of Toronto (primary govt),TSSS 2025 Budget Notes — Additional Content Mined,yes,RES-0236,CL-391;CL-393;CL-435;CL-436;CL-437;CL-545;CL-547;CL-774;CL-775,9,project-history,unknown,,,,,
RES-0237,https://www.toronto.ca/legdocs/mmis/2025/bu/bgrd/backgroundfile-252532.pdf,City of Toronto (primary govt),TPL 2025 Budget Notes,yes,RES-0237,CL-396,1,project-history,unknown,,,,,
RES-0238,https://www.toronto.ca/legdocs/mmis/2025/bu/bgrd/backgroundfile-252540.pdf,City of Toronto (primary govt),"Parks, Forestry and Recreation 2025 Budget Notes",yes,RES-0238,CL-406,1,project-history,unknown,,,,,
RES-0239,https://www.toronto.ca/legdocs/mmis/2025/ex/bgrd/backgroundfile-254196.pdf,City of Toronto (primary govt),George Street Revitalization — Advancing the Project (March 2025),yes,RES-0239,CL-164;CL-165,2,project-history,unknown,,,,,
RES-0240,https://www.toronto.ca/legdocs/mmis/2025/ph/bgrd/backgroundfile-257007.pdf,City of Toronto (primary govt),Homelessness Services Capital Infrastructure Strategy — Council Item EC7.7,yes,RES-0240,CL-162,1,project-history,unknown,,,,,
RES-0241,https://www.toronto.ca/legdocs/mmis/2026/bu/bgrd/backgroundfile-261037.pdf,City of Toronto (primary govt),2026 Toronto Paramedic Services Budget Notes backgroundfile-261037,yes,RES-0241,CL-153,1,project-history,unknown,,,,,
RES-0242,https://www.toronto.ca/legdocs/mmis/2026/bu/bgrd/backgroundfile-261532.pdf,City of Toronto (primary govt),BudgetTO 2026 Budget Notes — Toronto Shelter and Support Services (Current HSCIS Progress),yes,RES-0242,CL-061;CL-077;CL-102;CL-103;CL-104;CL-107;CL-108;CL-110;CL-392;CL-456;CL-457;CL-559;CL-560;CL-552;CL-561;CL-762;CL-90672;CL-90678,18,project-history,unknown,,,,,
RES-0243,https://www.toronto.ca/legdocs/mmis/2026/bu/bgrd/backgroundfile-261647.pdf,City of Toronto (primary govt),TTC 2026 Budget Presentation — Key Operating Investments 2023-2026,yes,RES-0243,CL-399,1,project-history,unknown,,,,,
RES-0244,https://www.toronto.ca/legdocs/mmis/2026/bu/bgrd/backgroundfile-261746.pdf,City of Toronto (primary govt),TTC 2026 Budget Notes,yes,RES-0244,,0,project-history,unknown,,,,,
RES-0245,https://www.toronto.ca/news/city-of-toronto-releases-details-of-2025-2026-winter-services-plan-for-people-experiencing-homelessness/,City of Toronto (primary govt),City of Toronto news release on 2025/2026 Winter Services Plan,yes,RES-0245,CL-325,1,project-history,unknown,,,,,
RES-0246,https://www.toronto.ca/news/city-of-toronto-releases-findings-of-2024-street-needs-assessment-homelessness-survey/,City of Toronto (primary govt),City of Toronto press release July 7 2025,yes,RES-0246,CL-037;CL-764;CL-770;CL-50012,4,project-history,unknown,,,,,
RES-0247,https://www.toronto.ca/news/city-of-toronto-staff-report-on-encampments-and-interdivisional-protocol-for-encampments-in-toronto-idp/,City of Toronto (primary govt),City of Toronto — Fact Sheet on Encampments and Interdivisional Protocol (May 2024),yes,RES-0247,CL-454;CL-455,2,project-history,unknown,,,,,
RES-0248,https://www.toronto.ca/news/toronto-public-health-releases-updated-data-for-deaths-of-people-experiencing-homelessness-in-toronto/,City of Toronto (primary govt),Toronto Public Health press release February 2025,yes,RES-0248,CL-297;CL-299;CL-791;CL-792,4,project-history,unknown,,,,,
RES-0249,https://www.toronto.ca/wp-content/uploads/2024/04/9779-2024-Public-Book-TSSS-V1.pdf,City of Toronto (primary govt),2024 Program Summary Toronto Shelter and Support Services,yes,RES-0249,CL-286,1,project-history,unknown,,,,,
RES-0250,https://www.toronto.ca/wp-content/uploads/2024/12/949f-TorontosCurrentandFutureClimate-REPORT-Final.pdf,City of Toronto (primary govt),City of Toronto — Toronto's Current and Future Climate Report,yes,RES-0250,CL-434,1,project-history,unknown,,,,,
RES-0251,https://www.toronto.ca/wp-content/uploads/2025/04/8fa4-Strategic-Plan-Stakeholder-Engagement-Report-EXEC-SUMMARY.pdf,City of Toronto (primary govt),What We Heard: 2025-2030 Strategic Plan Stakeholder Engagement Report,yes,RES-0251,,0,project-history,unknown,,,,,
RES-0252,https://www.toronto.ca/wp-content/uploads/2025/04/979d-Strategic-Plan-Stakeholder-Engagement-Report-FULL.pdf,City of Toronto (primary govt),What We Heard: 2025-2030 Strategic Plan Stakeholder Engagement Report,yes,RES-0252,CL-106;CL-159;CL-173;CL-600,4,project-history,unknown,,,,,
RES-0253,https://www.toronto.ca/wp-content/uploads/2025/05/903c-2024-TSSS-Annual-ReportAODA.pdf,City of Toronto (primary govt),TSSS 2024 Annual Report,yes,RES-0253,CL-031;CL-179;CL-180;CL-181;CL-182;CL-183;CL-184;CL-185;CL-186;CL-187;CL-188,11,project-history,unknown,,,,,
RES-0254,https://www.toronto.ca/wp-content/uploads/2025/07/9790-street-needs-assessment-report-2024.pdf,City of Toronto (primary govt),2024 Street Needs Assessment Report,yes,RES-0254,CL-002;CL-020;CL-119;CL-777,4,project-history,unknown,,,,,
RES-0255,https://www.toronto.ca/wp-content/uploads/2025/11/978e-HousingTO2024-2025ProgressReport.pdf,City of Toronto (primary govt),HousingTO 2024-2025 Annual Progress Report,yes,RES-0255,CL-160,1,project-history,unknown,,,,,
RES-0256,https://www.toronto.ca/wp-content/uploads/2026/03/8eba-2026-Public-Book-TSSS-V1.pdf,City of Toronto (primary govt),TSSS 2026 Program Summary — HSCIS $507.6M Confirmation,yes,RES-0256,CL-163;CL-270;CL-469,3,project-history,unknown,,,,,
RES-0257,https://www.toronto.ca/wp-content/uploads/2026/03/965d-2026-Public-Book-TPL-V1.pdf,City of Toronto (primary govt),TPL 2026 Program Summary,yes,RES-0257,,0,project-history,unknown,,,,,
RES-0258,https://www.toronto.ca/wp-content/uploads/2026/03/967f-2026-Public-Book-TPS-V1.pdf,City of Toronto (primary govt),2026 TPS Program Summary Book,yes,RES-0258,CL-117,1,project-history,unknown,,,,,
RES-0259,https://www.torontoauditor.ca,Toronto Auditor General,Toronto AG Warming Centres 2025 (Tara Anderson),yes,RES-0259,CL-005;CL-006;CL-007;CL-008;CL-009;CL-011;CL-012,7,project-history,unknown,,,,,
RES-0260,https://www.torontoauditor.ca/report/[short-url],Toronto Auditor General,Toronto AG 2025 — Audit of TSSS Warming Centres and Winter Respite Sites,no,,,0,project-history,unknown,,,,,
RES-0261,https://www.torontoauditor.ca/report/audit-of-toronto-shelter-and-support-services-warming-centres-and-winter-respite-sites-understanding-and-addressing-demand-while-improving-financial-accountability-to-stretch-dollars-furthe/,Toronto Auditor General,Toronto Auditor General,yes,RES-0261,CL-097,1,project-history,unknown,,,,,
RES-0262,https://www.torontoauditor.ca/report/city-of-torontos-modular-housing-initiative-the-need-to-balance-fast-delivery-with-stronger-management-of-contracts-and-costs/,Toronto Auditor General,Toronto Auditor General June 2023 audit City of Torontos Modular Housing Initiative,yes,RES-0262,CL-341,1,project-history,unknown,,,,,
RES-0263,https://www.torontoauditor.ca/report/opening-doors-to-stable-housing-an-effective-waiting-list-and-reduced-vacancy-rates-will-help-more-people-access-housing/,Toronto Auditor General,Toronto Auditor General,yes,RES-0263,CL-036,1,project-history,unknown,,,,,
RES-0264,https://www.torontoauditor.ca/report/part-1-of-the-audit-of-emergency-shelters-a-focus-on-case-management/,Toronto Auditor General,Toronto Auditor General Part 1 of the Audit of Emergency Shelters: A Focus on Case Management 2022,yes,RES-0264,CL-227;CL-228;CL-763,3,project-history,unknown,,,,,
RES-0265,https://www.torontoauditor.ca/report/part-2-of-the-audit-of-emergency-shelters-lessons-learned-from-hotel-operations/,Toronto Auditor General,"Toronto Auditor General — Part 2 of the Audit of Emergency Shelters: Lessons Learned from Hotel Operations (May 20, 2022)",yes,RES-0265,CL-433,1,project-history,unknown,,,,,
RES-0266,https://www.torontoauditor.ca/reports/type/audit-reports/?auditee=shelter-support-and-housing-administration,Toronto Auditor General,Toronto AG 2022 — Hotel Operations (Emergency Shelters Part 2),yes,RES-0266,CL-90627,1,project-history,unknown,,,,,
RES-0267,https://www.torontofinancialdistrict.com/s/D6-BIAs-Letter-Encampment-Approach-and-Strategy-EC138-May-29-2024.pdf,Other (www.torontofinancialdistrict.com),D6 BIAs letter to Councillor Bravo ECDC May 28 2024 obtained via Toronto Financial District BIA publ,yes,RES-0267,CL-365,1,project-history,unknown,,,,,
RES-0268,https://www.torontofinancialdistrict.com/s/Letter-to-Federal-Government-on-IHAP-Program-Expansion-from-Downtown-Toronto-BIA-Alliance-2025-08-26.pdf,Other (www.torontofinancialdistrict.com),Downtown Toronto BIA Alliance letter to PM Carney August 26 2025 obtained via Toronto Financial Dist,yes,RES-0268,CL-364,1,project-history,unknown,,,,,
RES-0269,https://www.torontohousing.ca,Other (www.torontohousing.ca),TCHC 2024 annual data,yes,RES-0269,CL-016,1,project-history,unknown,,,,,
RES-0270,https://www.torontotoday.ca/local/city-hall/city-workers-strike-rally-cupe79-deadline-10338349,News (other outlet),TorontoToday March 7 2025,yes,RES-0270,CL-336,1,project-history,unknown,,,,,
RES-0271,https://www.torontotoday.ca/local/city-hall/thousands-of-beds-not-made-available-at-city-warming-shelters-audit-finds-10227091,News (other outlet),TorontoToday.ca February 14 2025 reporting on Audit Committee meeting,no,,CL-324,1,project-history,unknown,,,,,
RES-0272,https://www.torontotoday.ca/local/city-hall/toronto-eliminated-nearly-all-encampments-near-schools-playgrounds-11746394,News (other outlet),TorontoToday Jan 2026 citing TSSS General Manager Gord Tanner,no,,CL-105,1,project-history,unknown,,,,,
RES-0273,https://www.torontotoday.ca/local/crime-emergency-services/several-toronto-warming-centres-full-capacity-as-advocates-allege-people-being-turned-away-11786211,News (other outlet),TorontoToday — Warming Centre Capacity Dispute (January 2026),no,,CL-414;CL-629,2,project-history,unknown,,,,,
RES-0274,https://www.torontotoday.ca/local/policy/ywca-toronto-workers-strike-labour-negotiations-stall-shelter-10605426,News (other outlet),TorontoToday May 2025 reporting on CUPE Local 2189 labour dispute,yes,RES-0274,CL-332,1,project-history,unknown,,,,,
RES-0275,https://www.tps.ca/mental-health/,Other (www.tps.ca),Toronto Police Service Mental Health page,yes,RES-0275,CL-116,1,project-history,unknown,,,,,
RES-0276,https://www.ttc.ca/riding-the-ttc/safety-and-security/TTC-Community-Safety-Plan,TTC,TTC Community Safety Plan (official page),yes,RES-0276,CL-394,1,project-history,unknown,,,,,
RES-0277,https://www.varke.fi/en/statistics/homelessness/homeless-people-2024,Other (www.varke.fi),Finland ARA/Varke — Homeless People 2024,yes,RES-0277,CL-135,1,project-history,unknown,,,,,
RES-0278,https://www.visaverge.com/news/canada-sends-procedural-fairness-letters-to-30000-asylum-seekers-under-bill-c-12/,Other (www.visaverge.com),IRCC notices reported April 10 2026 and visaverge.com analysis of Bill C-12,yes,RES-0278,CL-357,1,project-history,unknown,,,,,
RES-0279,https://www.ziprecruiter.com/Jobs/Shelter-Security/--in-Ontario,Other (www.ziprecruiter.com),Real Toronto-area job postings via ZipRecruiter and Glassdoor cross-referenced against named shelter,no,,CL-404,1,project-history,unknown,,,,,
RES-0280,https://www150.statcan.gc.ca/n1/pub/75f0002m/75f0002m2023006-eng.htm,Government of Canada (primary govt),"Statistics Canada — A Profile of Workers in the Homelessness Support Sector, 2021",yes,RES-0280,CL-402;CL-405,2,project-history,unknown,,,,,
RES-0281,https://www3.ohrc.on.ca/en/policy-human-rights-and-rental-housing/vii-social-housing,Other (www3.ohrc.on.ca),Ontario Human Rights Commission Policy on Human Rights and Rental Housing,yes,RES-0281,CL-313,1,project-history,unknown,,,,,
RES-0282,https://open.toronto.ca/,Not yet ingested (govt),"Toronto Open Data Portal - raw shelter flow, TCHC waitlist, encampment resolution data; blocked by tooling for direct API access per TRACK_001_Master_Issues Gap #8",yes,RES-0282,,0,2026-07-batch-flagged,unknown,,,,,
RES-0283,https://www.wellesleyinstitute.com/,Sector nonprofit/network,"wellesleyinstitute.com - RESOLVED July 2026, see CL-490",yes,RES-0283,,0,2026-07-batch-flagged,unknown,,,,,
RES-0284,https://www.socialplanningtoronto.org/,Sector nonprofit/network,"Social Planning Toronto - RESOLVED July 2026, see CL-485/486/487",yes,RES-0284,,0,2026-07-batch-flagged,unknown,,,,,
RES-0285,https://acto.ca/,Sector nonprofit/network,"ACTO - RESOLVED July 2026, see CL-488/489",yes,RES-0285,,0,2026-07-batch-flagged,unknown,,,,,
RES-0286,https://www.equalityrights.org/,Not yet ingested (legal),Centre for Equality Rights in Accommodation (CERA),yes,RES-0286,,0,2026-07-batch-flagged,unknown,,,,,
RES-0288,https://www3.ohrc.on.ca/,Government of Ontario (primary govt),"OHRC - RESOLVED July 2026, led to major Waterloo ruling finding, see CL-493",yes,RES-0288,,0,2026-07-batch-flagged,unknown,,,,,
RES-0291,https://www.cihi.ca/,Partially ingested (govt-adj),"CIHI - Patient Cost Estimator, ALC data, homelessness/hospital use reports - some CIHI-derived figures already in ledger via secondary citation, primary CIHI tool not yet directly queried",yes,RES-0291,,0,2026-07-batch-flagged,unknown,,,,,
RES-0293,https://www.urban.org/policy-centers/metropolitan-housing-and-communities-policy-center/projects/denver-supportive-housing-social-impact-bond-initiative/what-we-learned-evaluation,Sector nonprofit/network,"Urban Institute Denver SIB - RESOLVED July 2026, see CL-472/473, 285 housed corrected from 365",yes,RES-0293,CL-473,1,2026-07-batch-flagged,unknown,,,,,
RES-0294,https://www.alleghenycounty.us/Human-Services,Not yet ingested (govt),Allegheny County DHS - Allegheny Family Screening Tool documentation,yes,RES-0294,,0,2026-07-batch-flagged,unknown,,,,,
RES-0295,https://housingfirsteurope.eu/,Not yet ingested (nonprofit),Housing First Europe Hub / FEANTSA - Helsinki savings-figure reconciliation,yes,RES-0295,CL-90645,1,2026-07-batch-flagged,unknown,,,,,
RES-0296,https://ysaatio.fi/en/,Sector nonprofit/network,"Y-Foundation/Varke Finland - RESOLVED July 2026, see CL-462, 2025 homelessness increase confirmed",yes,RES-0296,,0,2026-07-batch-flagged,unknown,,,,,
RES-0297,https://www.altusgroup.com/,Not yet ingested (industry),Altus Group - Toronto office vacancy/conversion cost data for Master Lease Strategy,yes,RES-0297,,0,2026-07-batch-flagged,unknown,,,,,
RES-0298,https://www.canlii.org/,Government of Canada (primary govt),"canlii.org - RESOLVED July 2026, see CL-492",yes,RES-0298,,0,2026-07-batch-flagged,unknown,,,,,
RES-0299,https://www.cmhc-schl.gc.ca/professionals/project-funding-and-mortgage-financing/transparency,Not yet ingested (govt),CMHC Public Transparency Portal - National Housing Strategy Funding Dashboard,no,,,0,2026-07-batch-flagged,unknown,,,,,
RES-0300,https://www.cbc.ca/news/canada/toronto/regent-park-hart-hub-drug-consumption-site-9.7163775,News (CBC),"CBC News Apr 17 2026 - Haydn Watters - Inside a HART Hub, Regent Park firsthand account, Phoenix Babiak quote confirmed",yes,RES-0300,CL-464,1,project-history,unknown,,,,,
RES-0301,https://www.oagottawa.ca/news/posts/auditor-general-tables-supportive-housing-audit/,Government of Canada (primary govt),Ottawa Auditor General Supportive Housing Audit - confirmed June 2025 (not 2026 as originally flagged),yes,RES-0301,CL-465,1,2026-07-batch-flagged,unknown,,,,,
RES-0302,https://rabble.ca/podcast/diana-chan-mcnally-bringing-community-work-to-torontos-city-council/,News (other outlet),rabble.ca podcast confirming Diana Chan McNally Ward 4 candidacy - already independently captured in DERIV-012,no,,,0,2026-07-batch-flagged,unknown,,,,,
RES-0303,https://ccla.org/,Sector nonprofit/network,"ccla.org - RESOLVED July 2026, see CL-491",yes,RES-0303,,0,2026-07-batch-flagged,unknown,,,,,
RES-0304,https://ysaatio.fi/en/homelessness-in-finland/,Sector nonprofit/network,"Y-Foundation/Varke Finland - RESOLVED July 2026, see CL-462, 2025 homelessness increase confirmed",no,,,0,2026-07-batch-flagged,unknown,,,,,
RES-0309,https://www.cbc.ca/news/canada/toronto/toronto-drug-overdose-rise-9.7157942,News (CBC),"April 2026 Toronto drug surge, medetomidine adulterant - see CL-479",yes,RES-0309,CL-479;CL-592,2,project-history,unknown,,,,,
RES-0310,https://drugchecking.community/drug-information/carfentanil-3/,Sector nonprofit/network,Toronto Drug Checking Service carfentanil contamination data - see CL-480,yes,RES-0310,CL-480,1,project-history,unknown,,,,,
RES-0311,https://www.myhealthunit.ca/en/news/health-unit-extends-drug-alert-a-second-time-as-overdose-activity-exceeds-pandemic-levels.aspx,Government of Ontario (primary govt),North Bay Parry Sound Health Unit April 2026 - see CL-481,yes,RES-0311,CL-481,1,project-history,unknown,,,,,
RES-0312,https://catalyst.nejm.org/doi/full/10.1056/CAT.22.0301,Academic (journal),"NEJM Catalyst Managed Alcohol Programs review, 30-50% AUD prevalence - see CL-482",yes,RES-0312,CL-482,1,project-history,unknown,,,,,
RES-0313,https://www.uvic.ca/research/centres/cisur/projects/map/index.php,Academic (research centre),CMAPS/Seaton House MAP origin story - see CL-483,yes,RES-0313,CL-483,1,project-history,unknown,,,,,
RES-0314,https://www.camh.ca/en/camh-news-and-stories/backgrounder-addressing-the-mental-health-and-addictions-crisis-in-toronto,Sector nonprofit/network,CAMH methamphetamine/stimulant crisis backgrounder - see CL-484,yes,RES-0314,CL-484,1,project-history,unknown,,,,,
RES-0315,https://link.springer.com/article/10.1186/s12889-026-27460-8,Academic (journal),"Ali et al BMC Public Health 2026 - major gendered mortality study, see CL-476/477/478",yes,RES-0315,CL-476;CL-477;CL-478;CL-783,4,project-history,unknown,,,,,
RES-0316,https://www.socialplanningtoronto.org/childpoverty2026,Sector nonprofit/network,SPT Child Poverty Report Card 2026 - see CL-485/486,yes,RES-0316,CL-485;CL-486,2,project-history,unknown,,,,,
RES-0317,https://www.socialplanningtoronto.org/march_2026_newsletter,Sector nonprofit/network,SPT March 2026 newsletter - SCS deaths prevented figure - see CL-487,yes,RES-0317,CL-487,1,project-history,unknown,,,,,
RES-0318,https://www.acto.ca/feed/,Sector nonprofit/network,ACTO Bill 60 specifics + Henley Crescent v Browne ruling - see CL-488/489,partial,RES-0318,CL-488;CL-489,2,project-history,unknown,,,,,
RES-0319,https://www.wellesleyinstitute.com/ontario-2026-budget-our-submission-on-supportive-housing/,Sector nonprofit/network,"8-org coalition, 40000 supportive housing units ask - see CL-490",yes,RES-0319,CL-490,1,project-history,unknown,,,,,
RES-0320,https://ccla.org/press-release/ccla-opposes-expansion-of-arrest-powers-to-transit-special-constables-under-public-substance-use-law/,Sector nonprofit/network,CCLA transit special constable opposition - see CL-491,yes,RES-0320,CL-491,1,project-history,unknown,,,,,
RES-0321,https://www.canlii.org/en/on/laws/stat/so-2006-c-17/latest/so-2006-c-17.html,Government of Canada (primary govt),CanLII RTA + Slapsys v Abrams precedent - see CL-492,yes,RES-0321,CL-492,1,project-history,unknown,,,,,
RES-0322,https://www.newswire.ca/news-releases/statement-an-important-milestone-that-affirms-the-human-rights-of-people-experiencing-homelessness-835876085.html,Government of Canada (primary govt),"Federal Housing Advocate/CHRC joint statement on Waterloo ruling - MAJOR finding, see CL-493",yes,RES-0322,CL-493,1,project-history,unknown,,,,,
RES-0323,https://falconers.ca/wp-content/uploads/2026/05/Reg.-Mun.-of-Waterloo-v.-Named-Respondents-and-Persons-Unknown.FINAL_.Gibson-J.21-May-2026-V2.pdf,Government of Canada (primary govt),Primary Waterloo 2026 ONSC 2971 decision text - see CL-494/495/496,yes,RES-0323,CL-494,1,project-history,unknown,,,,,
RES-0324,https://ilrtoday.ca/ontario-and-waterloo-region-appealing-court-decision-on-kitchener-encampment/,Government of Ontario (primary govt),"Ontario/Waterloo joint appeal announcement - CRITICAL caveat source, see CL-496",yes,RES-0324,CL-496,1,project-history,unknown,,,,,
RES-0325,https://www.communityedition.ca/they-are-not-the-other-they-are-us-gibson-rules-on-100vic/,News (other outlet),Ford attacks judge over Waterloo ruling - see CL-497,yes,RES-0325,,0,project-history,unknown,,,,,
RES-0326,https://www.sunshineliststats.com/ontario/employers/fred-victor-centre/,Government of Ontario (primary govt),Fred Victor 2025 Sunshine List full breakdown - see CL-498,yes,RES-0326,CL-498;CL-507,2,project-history,unknown,,,,,
RES-0327,https://www.sunshineliststats.com/Salary/gordontanner/2025/9/cityoftoronto,Government of Ontario (primary govt),TSSS GM Gordon Tanner salary + City aggregate - see CL-499,yes,RES-0327,CL-499,1,project-history,unknown,,,,,
RES-0328,https://www.sunshineliststats.com/Employer/9/2024/governingcouncilofthesalvationarmyincanada,Government of Ontario (primary govt),Salvation Army national Sunshine List scope caveat - see CL-500,yes,RES-0328,CL-500,1,project-history,unknown,,,,,
RES-0330,https://www.sunshineliststats.com/ontario/employers/city-of-toronto/,Government of Ontario (primary govt),City of Toronto full top-15 executive breakdown - see CL-502,yes,RES-0330,CL-502,1,project-history,unknown,,,,,
RES-0331,https://rocketreach.co/homes-first-profile_b5f7a7bbf42d2aaa,Commercial data aggregator,"Homes First 275-employee estimate, conflicts with ZoomInfo - see CL-503",yes,RES-0331,CL-503,1,project-history,unknown,,,,,
RES-0332,https://www.ontariosunshinelist.com/employers/dixon-hall,Government of Ontario (primary govt),"Dixon Hall - JS-rendering mechanism confirmed, plus 10-year trend delivery with a discrepancy flagged - see CL-504, CL-517 through CL-520",yes,RES-0332,CL-504;CL-517;CL-519,3,project-history,unknown,,,,,
RES-0333,https://www.ontario.ca/public-sector-salary-disclosure/2025/all-sectors-and-seconded-employees/,Government of Ontario (primary govt),"Second LLM extraction - Dixon Hall/YWCA/Woodgreen/Neighbourhood Group/Sistering confirmed, Homes First/Covenant House absence flagged - see CL-505 through CL-512",yes,RES-0333,CL-505;CL-506;CL-508;CL-509;CL-510;CL-511;CL-512,7,project-history,unknown,,,,,
RES-0334,https://www.charityintelligence.ca/charity-details/1093-loft-community-services,Sector nonprofit/network,LOFT Community Services financial profile - see CL-513,yes,RES-0334,CL-513,1,project-history,unknown,,,,,
RES-0335,https://www.charityintelligence.ca/charity-details/632-good-shepherd-ministries,Sector nonprofit/network,Good Shepherd Ministries Toronto financial profile - see CL-514,yes,RES-0335,CL-514,1,project-history,unknown,,,,,
RES-0336,https://www.charityintelligence.ca/charity-details/158-eva-s-initiatives,Sector nonprofit/network,Eva's Initiatives financial profile - see CL-515,yes,RES-0336,CL-515;CL-839,2,project-history,unknown,,,,,
RES-0337,https://www.nameres.org/,Sector nonprofit/network,Na-Me-Res/Sojourn House/Houselink & Mainstay scale context - see CL-516,yes,RES-0337,CL-516,1,project-history,unknown,,,,,
RES-0338,https://www.charityintelligence.ca/charity-details/434-scott-mission,Sector nonprofit/network,Scott Mission financial profile - see CL-522,yes,RES-0338,CL-522,1,project-history,unknown,,,,,
RES-0339,https://www.charitydata.ca/charity/margarets-housing-and-community-support-services-inc/118890391RR0001/,Sector nonprofit/network,"Margaret's confirmed real, no financial profile - see CL-523",partial,RES-0339,CL-523,1,project-history,unknown,,,,,
RES-0340,https://homesfirst.on.ca/wp-content/uploads/2022/02/4__-_HFS_2018_Audited_Statements-1.pdf,Sector nonprofit/network,Homes First 2018 per-property financial breakdown - see CL-524,yes,RES-0340,CL-524,1,project-history,unknown,,,,,
RES-0341,https://homesfirst.on.ca/wp-content/uploads/2022/02/HFS-2020-Audited-Financial-Statements.pdf,Sector nonprofit/network,"Homes First 2020 Schedule of Shelters - see CL-525, CL-526",yes,RES-0341,CL-525;CL-526,2,project-history,unknown,,,,,
RES-0342,https://homesfirst.on.ca/reports/,Sector nonprofit/network,Homes First reports archive index - alternate registration number lead,partial,RES-0342,,0,project-history,unknown,,,,,
RES-0343,https://dixonhall.org/wp-content/uploads/2021/09/Financial-Statements-Dixon-Hall-2020-Final-signed.pdf,Sector nonprofit/network,"Dixon Hall 2020 program-category breakdown - see CL-527, CL-528",yes,RES-0343,CL-527;CL-528,2,project-history,unknown,,,,,
RES-0344,https://www.cfthhouston.org/2025-pit-results,Government of Ontario (primary govt),Houston PIT count correction - see CL-529,yes,RES-0344,CL-529;CL-800,2,project-history,unknown,,,,,
RES-0345,https://www.researchgate.net/publication/258699841_Risks_and_assets_for_homelessness_prevention_A_literature_review_for_the_Calgary_Homelessness_Foundation,Academic/peer-reviewed,Calgary cost figures correction - see CL-530,no,,,0,project-history,unknown,,,,,
RES-0346,https://www.cbc.ca/news/canada/toronto/homeless-deaths-toronto-2021-1.6300513,News media,Documented Homes First shelter death - see CL-531,yes,RES-0346,CL-531;CL-551,2,project-history,unknown,,,,,
RES-0348,https://dixonhall.org/housing-services/,Sector nonprofit/network,Dixon Hall subcontractor partnership - see CL-533,yes,RES-0348,CL-533,1,project-history,unknown,,,,,
RES-0349,https://www.ohchr.org/en/special-procedures/sr-housing,Academic/peer-reviewed,UN Special Rapporteur claim confirmed - see CL-534,yes,RES-0349,CL-534,1,project-history,unknown,,,,,
RES-0350,https://pmc.ncbi.nlm.nih.gov/articles/PMC10805133/,Academic/peer-reviewed,Kidd heat mortality figure unconfirmed - see CL-535,partial,RES-0350,CL-535,1,project-history,unknown,,,,,
RES-0351,https://dixonhall.org/wp-content/uploads/2024/12/2024-Audited-Financial-Statements-as-at-March-31-2024.pdf,Sector nonprofit/network,Dixon Hall 2024 full statement precision - see CL-536 through CL-539,yes,RES-0351,CL-536;CL-537;CL-538;CL-539,4,project-history,unknown,,,,,
RES-0352,https://www.slideshare.net/naehomelessness/per-diem-rates-for-purchase-of-service-shelters,Government of Ontario (primary govt),Per diem contract document type confirmed - see CL-540,yes,RES-0352,CL-540,1,project-history,unknown,,,,,
RES-0353,https://www.toronto.ca/community-people/housing-shelter/building-affordable-homes/housingto-2020-2030-action-plan/,Government of Ontario (primary govt),Dixon Hall governance role confirmed - see CL-541,yes,RES-0353,CL-541,1,project-history,unknown,,,,,
RES-0354,https://homelesshub.ca/wp-content/uploads/2023/12/a23yhosi.pdf,Government of Ontario (primary govt),"2010 per diem staff report, foundational HMK-038 source - see CL-542, CL-544",yes,RES-0354,CL-542;CL-548;CL-549;CL-550;CL-553;CL-554;CL-555,7,project-history,unknown,,,,,
RES-0355,https://www.toronto.ca/news/city-of-toronto-updates-on-shelter-system-pressures-and-calls-for-a-sustainable-fair-funding-model-to-support-people-experiencing-homelessness/,Government of Ontario (primary govt),Capacity growth confirmation - see CL-544,yes,RES-0355,CL-544;CL-594,2,project-history,unknown,,,,,
RES-0356,https://www.blogto.com/city/2025/02/toronto-warming-centres-cost-city-more-fancy-hotel/,News media,AG warming centres correction confirmed - see CL-546,yes,RES-0356,CL-546;CL-567,2,project-history,unknown,,,,,
RES-0357,https://www.toronto.ca/legdocs/mmis/2022/au/bgrd/backgroundfile-226299.pdf,Government of Ontario (primary govt),"AG hotel overpayment audit cover memo -- explicitly does NOT contain the $13.2M figure (its own FINANCIAL IMPACT section says the exact savings amount cannot be determined at this time); the detailed findings are in a separate attachment, archived as RES-0872. See D-0016 in tracks/DECISIONS.md.",yes,RES-0357,,0,project-history,unknown,,,,,
RES-0359,https://www.missingmiddleinitiative.ca/p/ontarios-record-low-family-housing,News media,Housing starts ranking verification - see CL-569,yes,RES-0359,CL-569,1,project-history,unknown,,,,,
RES-0361,https://rabble.ca/human-rights/experts-and-activists-warn-torontos-encampment-crackdown-masks-a-deeper-housing-crisis/,News media,New Toronto Initiative lawsuit - see CL-574,yes,RES-0361,CL-574,1,project-history,unknown,,,,,
RES-0362,,Backfilled (auto),"Ontario Regulation 134/98 (OW rate $733); Feed Ontario 2019 (1990 rate ~70%); On -- url field corrected 2026-07-07: was a malformed compound of two URLs glued with ' + ' (a backfill-script artifact); the Feed Ontario portion already has its own canonical row (RES-0030); this row now holds only the Ontario Regulation. Duplicate archival avoided 2026-07-07: RES-0184 already independently archives this identical URL; this row cross-references it rather than storing a redundant second copy. url field blanked 2026-07-07 (was a duplicate of RES-0184's url, which fails this project's registry uniqueness test) -- see RES-0184 for the actual fetchable URL and archived content.",yes,RES-0184,CL-081,1,backfill-2026-07,unknown,,,,,
RES-0363,https://www.varke.fi/en/statistics/homelessness/homeless-people-2025,Backfilled (auto),Varke Finland Homeless people 2025 report and Y-Saatio official statements,yes,RES-0363,CL-462;CL-090,2,backfill-2026-07,unknown,,,,,
RES-0364,https://pmc.ncbi.nlm.nih.gov/articles/PMC3969120/,Backfilled (auto),Multiple peer-reviewed sources including PMC studies on Housing First fidelity a,partial,RES-0364,CL-463,1,backfill-2026-07,unknown,,,,,
RES-0365,https://www.dianachanmcnally.ca/,Backfilled (auto),Official campaign site Wikipedia 2026 Toronto municipal election and City of Tor,yes,RES-0365,CL-466,1,backfill-2026-07,unknown,,,,,
RES-0366,https://www.toronto.ca/community-people/housing-shelter/building-affordable-homes/housing-initiatives/coordinated-access-to-housing-supports/,Backfilled (auto),City of Toronto official Coordinated Access to Housing and Supports page,yes,RES-0366,CL-468,1,backfill-2026-07,unknown,,,,,
RES-0367,https://www.cbc.ca/news/canada/toronto/encampments-toronto-declined-homelessness-9.7045950,Backfilled (auto),Global News and CBC News January 2026 reporting on City budget committee stateme,yes,RES-0367,CL-470,1,backfill-2026-07,unknown,,,,,
RES-0368,https://www.urban.org/research/publication/denver-supportive-housing-social-impact-bond-initiative-final-outcome-payments,Backfilled (auto),Urban Institute Denver Supportive Housing Social Impact Bond Initiative Final Ou,yes,RES-0368,CL-472,1,backfill-2026-07,unknown,,,,,
RES-0369,https://www.ices.on.ca/news-releases/surge-in-fatal-opioid-overdoses-in-ontario-shelters-report-finds/,Backfilled (auto),ICES news release summarizing the Ontario Drug Policy Research Network St Michae,yes,RES-0369,CL-475,1,backfill-2026-07,unknown,,,,,
RES-0370,https://falconers.ca/superior-court-makes-new-ruling-clearing-the-encampment-violates-charter-rights/,Backfilled (auto),Falconers LLP primary decision analysis and multiple independent legal commentar,yes,RES-0370,CL-495;CL-497,2,backfill-2026-07,unknown,,,,,
RES-0371,https://www.charitydata.ca/charity/fred-victor-centre/118931377RR0001/,Backfilled (auto),Direct research attempt across ZoomInfo SignalHire CRA T3010 guidance and organi,partial,RES-0371,CL-501,1,backfill-2026-07,unknown,,,,,
RES-0372,https://www.sunshineliststats.com/Salary/neilhetherington/2018/9/dixonhall,Backfilled (auto),Multiple independent biographical sources plus direct Sunshine List record retri,yes,RES-0372,CL-518,1,backfill-2026-07,unknown,,,,,
RES-0373,https://www.ontariosunshinelist.com/employers/fred-victor-centre/,Backfilled (auto),Second independent LLM extraction,yes,RES-0373,CL-520,1,backfill-2026-07,unknown,,,,,
RES-0374,https://homelesshub.ca/blog/2020/cost-savings-associated-housing-first/,Backfilled (auto),Risks and Assets for Homelessness Prevention literature review for Calgary Homel,yes,RES-0374,CL-530,1,backfill-2026-07,unknown,,,,,
RES-0375,https://www.bankofcanada.ca/rates/related/inflation-calculator/,Backfilled (auto),Calculated from CL-542 and the librarys existing verified 136 dollar 2023 figure,yes,RES-0375,CL-543,1,backfill-2026-07,unknown,,,,,
RES-0376,https://www.cbc.ca/,Backfilled (auto),Externally-provided LLM research citing CBC The Fifth Estate and Toronto Sun rep,yes,RES-0376,CL-556,1,backfill-2026-07,unknown,,,,,
RES-0377,https://www.change.org/,Backfilled (auto),Explicit source-chain identification from externally-provided research itself,yes,RES-0377,CL-557,1,backfill-2026-07,unknown,,,,,
RES-0378,https://www.ontario.ca/,Backfilled (auto),Externally-provided LLM research referencing a known Ontario provincial policy e,partial,RES-0378,CL-558,1,backfill-2026-07,unknown,,,,,
RES-0379,https://secure.toronto.ca/council/,Backfilled (auto),Campaign researcher direct primary research via City of Toronto council meeting ,no,,CL-564,1,backfill-2026-07,unknown,,,,,
RES-0380,https://rabble.ca/columnists/toronto-shelter-spending-scandal-29-million-should-buy-more-than-hotdogs/,Backfilled (auto),Auditor General audit analysis via Cathy Crowe column cross-validated against pr,no,,CL-566,1,backfill-2026-07,unknown,,,,,
RES-0381,https://vancouversun.com/news/local-news/vancouver-election-results-2022,Backfilled (auto),Two independent externally-provided research passes with matching specific figur,yes,RES-0381,CL-570,1,backfill-2026-07,unknown,,,,,
RES-0382,https://abacusdata.ca/ontario-politics-abacus-october-2024/,Backfilled (auto),Unanimous convergent finding across eight independent externally-provided resear,yes,RES-0382,CL-571,1,backfill-2026-07,unknown,,,,,
RES-0383,https://www.acto.ca/major-legal-victory-at-the-divisional-court-for-survivor-tenant/,Backfilled (auto),ACTO official case announcement direct primary source retrieval,yes,RES-0383,CL-575,1,backfill-2026-07,unknown,,,,,
RES-0384,https://ccla.org/wp-content/uploads/2026/02/2026-02-25-CCLA-Submissions-on-Proposed-New-Regulation-RPCISA-to-Extend-Authorities-to-Transit-Special-Constables-.pdf,Backfilled (auto),CCLA official formal submission PDF and official press release direct primary so,yes,RES-0384,CL-576,1,backfill-2026-07,unknown,,,,,
RES-0385,https://www.toronto.ca/news/toronto-city-council-ratifies-collective-agreement-with-cupe-local-79/,Backfilled (auto),City of Toronto official news release direct primary source retrieval,yes,RES-0385,CL-577,1,backfill-2026-07,unknown,,,,,
RES-0386,https://www.health.gov.on.ca/en/public/publications/mental/mentalreform.aspx,Backfilled (auto),Ontario Ministry of Health and Long-Term Care official publication direct primar,yes,RES-0386,CL-578,1,backfill-2026-07,unknown,,,,,
RES-0387,https://www.toronto.ca/legdocs/mmis/2025/bu/bgrd/backgroundfile-252530.pdf,Backfilled (auto),TCHC 2025 Budget Notes direct primary source retrieval,yes,RES-0387,CL-579;CL-583,2,backfill-2026-07,unknown,,,,,
RES-0388,https://www.cbc.ca/news/canada/ottawa/city-ottawa-increase-homelessness-prevention-program-1.6852471,Backfilled (auto),CBC News direct primary source retrieval,yes,RES-0388,CL-580,1,backfill-2026-07,unknown,,,,,
RES-0389,https://www.cbc.ca/news/canada/toronto/ontario-opens-nine-hart-hubs-1.7498827,Backfilled (auto),CBC News direct primary source retrieval,yes,RES-0389,CL-581,1,backfill-2026-07,unknown,,,,,
RES-0390,https://torontohousing.ca/sites/default/files/2024-07/item_9a_-_bifac-2024-52_2023_facilities_condition_index_fci_report_with_attachment.pdf,Backfilled (auto),TCHC 2023 FCI Report and TCHC 2025 Budget Notes both direct primary source retri,yes,RES-0390,CL-584;CL-582,2,backfill-2026-07,unknown,,,,,
RES-0391,https://www.ola.org/en/legislative-business/bills/parliament-44/session-1/bill-6,Backfilled (auto),Legislative Assembly of Ontario official bill page direct primary source retriev,yes,RES-0391,CL-586,1,backfill-2026-07,unknown,,,,,
RES-0392,https://chronicle.durhamcollege.ca/2025/11/ontarios-homelessness-bill-fails-amid-growing-housing-crisis/,Backfilled (auto),The Chronicle Durham College direct primary press source retrieval,yes,RES-0392,CL-587,1,backfill-2026-07,unknown,,,,,
RES-0393,https://www.cbc.ca/news/canada/toronto/budget-2025-ttc-outreach-workers-1.7451065,Backfilled (auto),CBC News direct primary press source retrieval,yes,RES-0393,CL-588;CL-827,2,backfill-2026-07,unknown,,,,,
RES-0394,https://www.cbc.ca/news/canada/toronto/toronto-library-crisis-services-1.7634871,Backfilled (auto),CBC News direct primary press source retrieval cross-checked against multiple sy,yes,RES-0394,CL-590,1,backfill-2026-07,unknown,,,,,
RES-0395,https://www.canada.ca/en/immigration-refugees-citizenship/news/2026/03/new-immigration-and-asylum-measures-from-bill-c-12-the-strengthening-canadas-immigration-system-and-borders-act-have-become-law.html,Backfilled (auto),Canada.ca official government primary source retrieval CBC News direct primary p,yes,RES-0395,CL-591,1,backfill-2026-07,unknown,,,,,
RES-0396,https://www.canada.ca/en/treasury-board-secretariat/services/federal-regulatory-management/guidelines-tools/policy-cost-benefit-analysis.html,Backfilled (auto),Treasury Board of Canada Secretariat and Association of Municipalities of Ontari,yes,RES-0396,CL-593,1,backfill-2026-07,unknown,,,,,
RES-0397,https://homelesshub.ca/resource/risks-and-assets-homelessness-prevention-literature-review-calgary-homeless-foundation,Backfilled (auto),Homeless Hub direct primary source retrieval,yes,RES-0397,CL-595,1,backfill-2026-07,unknown,,,,,
RES-0398,https://caeh.ca/london-solves-vet-homelessness/,Backfilled (auto),Canadian Alliance to End Homelessness direct primary source retrieval,yes,RES-0398,CL-596,1,backfill-2026-07,unknown,,,,,
RES-0399,https://www.toronto.ca/wp-content/uploads/2024/05/98a4-MITM-Five-Year-Annual-Gathering-Summary-Report-2023AODA.pdf,Backfilled (auto),City of Toronto Meeting in the Middle Fifth Annual Gathering Summary Report dire,yes,RES-0399,CL-598,1,backfill-2026-07,unknown,,,,,
RES-0400,https://www.toronto.ca/community-people/get-involved/public-consultations/aboriginal-affairs-advisory-committee-review/,Backfilled (auto),City of Toronto Aboriginal Affairs Advisory Committee Review direct primary sour,yes,RES-0400,CL-599,1,backfill-2026-07,unknown,,,,,
RES-0401,https://housing-infrastructure.canada.ca/homelessness-sans-abri/reports-rapports/everyone-counts-2025-tout-monde-compte-eng.html,Backfilled (auto),Housing Infrastructure and Communities Canada official Everyone Counts 2025 repo,yes,RES-0401,CL-602,1,backfill-2026-07,unknown,,,,,
RES-0402,https://tassc.ca/?page_id=34,Backfilled (auto),TASSC official page and peer-reviewed Our Health Counts Toronto study both direc,yes,RES-0402,CL-603,1,backfill-2026-07,unknown,,,,,
RES-0403,http://blog.indigenouspolicy.org/index.php/ipj/article/view/723/689,Backfilled (auto),Indigenous Policy Journal and APTN News direct primary source retrieval,no,,CL-604,1,backfill-2026-07,unknown,,,,,
RES-0404,https://bccla.org/2021/05/bill-c-15-implementing-undrip-what-should-this-mean-for-the-first-nations-inuit-and-the-metis-in-relationship-to-canada/,Backfilled (auto),BC Civil Liberties Association direct primary source retrieval,yes,RES-0404,CL-605,1,backfill-2026-07,unknown,,,,,
RES-0405,https://housing-infrastructure.canada.ca/homelessness-sans-abri/reports-rapports/data-shelter-2024-donnees-refuge-eng.html,Backfilled (auto),Housing Infrastructure and Communities Canada direct primary source retrieval,yes,RES-0405,CL-607;CL-757,2,backfill-2026-07,unknown,,,,,
RES-0406,https://www.scholaro.com/db/News/canadas-international-student-cap-2026-348,Backfilled (auto),Scholaro and immigration.ca reporting citing IRCC data direct primary source ret,yes,RES-0406,CL-608,1,backfill-2026-07,unknown,,,,,
RES-0407,https://www.visaverge.com/news/canadas-pgwp-expiration-crisis-31610-graduates-at-risk-by-2025/,Backfilled (auto),VisaVerge citing The Financial Express and IRCC data direct primary source retri,yes,RES-0407,CL-609,1,backfill-2026-07,unknown,,,,,
RES-0408,https://www.cicnews.com/2026/05/out-of-status-temporary-residents-gain-additional-options-under-new-rules-0574854.html,Backfilled (auto),CIC News citing official IRCC instructions direct primary source retrieval,yes,RES-0408,CL-610,1,backfill-2026-07,unknown,,,,,
RES-0409,https://documents.un.org/doc/undoc/gen/g24/120/97/pdf/g2412097.pdf,Backfilled (auto),United Nations official document and OHCHR press release direct primary source r,yes,RES-0409,CL-611,1,backfill-2026-07,unknown,,,,,
RES-0410,https://openpolicyontario.com/an-ontario-disability-odsp-ontario-works-ow-index/,Backfilled (auto),Open Policy Ontario direct primary source retrieval same trusted source as CL-44,yes,RES-0410,CL-613,1,backfill-2026-07,unknown,,,,,
RES-0411,https://kmb.camh.ca/eenet/sites/default/files/pdfs/The%20Real%20Cost%20of%20Homelessness.pdf,Backfilled (auto),Gaetz 2012 Real Cost of Homelessness report cross-verified via CAMH knowledge mo,yes,RES-0411,CL-614,1,backfill-2026-07,unknown,,,,,
RES-0412,https://homelesshub.ca/sites/default/files/WithoutAHome-final.pdf,Backfilled (auto),Gaetz OGrady Kidd Schwan 2016 direct primary source retrieval full report review,yes,RES-0412,CL-615,1,backfill-2026-07,unknown,,,,,
RES-0413,https://www.homelesshub.ca/sites/default/files/attachments/COHPreventionFramework_1.pdf,Backfilled (auto),Gaetz and Dej 2017 Gaetz et al 2018 and Gaetz et al 2024 direct primary source r,yes,RES-0413,CL-616,1,backfill-2026-07,unknown,,,,,
RES-0414,https://www.homelesshub.ca/,Backfilled (auto),Gaetz et al 2012 and Gaetz 2016 Canadian Observatory on Homelessness official de,yes,RES-0414,CL-617,1,backfill-2026-07,unknown,,,,,
RES-0415,https://homelesshub.ca/sites/default/files/CanISeeYourID_nov9.pdf,Backfilled (auto),OGrady Gaetz and Buccieri 2011 direct primary source retrieval,yes,RES-0415,CL-618;CL-633;CL-665;CL-785,4,backfill-2026-07,unknown,,,,,
RES-0416,https://homelesshub.ca/sites/default/files/SOHC16_final_20Oct2016.pdf,Backfilled (auto),Gaetz Dej Richter Redman 2016 direct primary source retrieval,yes,RES-0416,CL-619;CL-634,2,backfill-2026-07,unknown,,,,,
RES-0417,https://homelesshub.ca/book/where-am-i-going-to-go-intersectional-approaches-to-ending-lgbtq2s-youth-homelessness-in-canada-the-u-s/,Backfilled (auto),Homeless Hub official book page direct primary source retrieval for book-level c,yes,RES-0417,CL-620,1,backfill-2026-07,unknown,,,,,
RES-0418,https://yorkspace.library.yorku.ca/items/e78ec5a9-056f-421c-94e9-6acda0f95a5c,Backfilled (auto),Gaetz and Scott 2012 and Gaetz 2013 direct primary source retrieval with media c,yes,RES-0418,CL-621,1,backfill-2026-07,unknown,,,,,
RES-0419,https://homelesshub.ca/wp-content/uploads/2023/12/ComingOfAgeHH_0.pdf,Backfilled (auto),Gaetz 2014 direct primary source retrieval full text,yes,RES-0419,CL-622;CL-623;CL-631,3,backfill-2026-07,unknown,,,,,
RES-0420,https://jfcy.org/wp-content/uploads/2013/10/GaetzReportFinal.pdf,Backfilled (auto),Gaetz 2002 Street Justice direct primary source retrieval full text 208 youth su,yes,RES-0420,CL-624,1,backfill-2026-07,unknown,,,,,
RES-0421,https://homelesshub.ca/blog/2025/from-crisis-response-to-prevention-lessons-from-making-the-shift-research/,Backfilled (auto),Homeless Hub official retrospective blog post on Making the Shift program conclu,yes,RES-0421,CL-625;CL-630,2,backfill-2026-07,unknown,,,,,
RES-0422,https://doi.org/10.1016/j.childyouth.2023.107088,Backfilled (auto),Bonakdar Gaetz Banchani Schwan Kidd OGrady 2023 Children and Youth Services Revi,partial,RES-0422,CL-626,1,backfill-2026-07,unknown,,,,,
RES-0423,https://pubmed.ncbi.nlm.nih.gov/33525910/,Backfilled (auto),Kidd Gaetz OGrady Schwan et al Canadian Journal of Psychiatry 2021 direct primar,no,,CL-627,1,backfill-2026-07,unknown,,,,,
RES-0424,https://www.tandfonline.com/doi/full/10.1080/10530789.2025.2605707,Backfilled (auto),Bonakdar Banchani Drammeh Gaetz Somefun Naidoo Schwan Kidd Journal of Social Dis,no,,CL-628;CL-632,2,backfill-2026-07,unknown,,,,,
RES-0425,https://johnhoward.on.ca/wp-content/uploads/2014/09/the-missing-link-aug-2007.pdf,Backfilled (auto),Gaetz and OGrady 2006 direct primary source retrieval via John Howard Society On,yes,RES-0425,CL-635;CL-638,2,backfill-2026-07,unknown,,,,,
RES-0426,https://www.researchgate.net/publication/235910228_Taming_Disorderly_People_One_Ticket_at_a_Time_The_Penalization_of_Homelessness_in_Ontario_and_British_Columbia,Backfilled (auto),Academic analysis of the same OSSA ticketing dataset this library already relies,no,,CL-636;CL-639,2,backfill-2026-07,unknown,,,,,
RES-0427,https://www.homelesshub.ca/sites/default/files/SOHC2014.pdf,Backfilled (auto),Gaetz Gulliver Richter 2014 direct primary source retrieval via search,yes,RES-0427,CL-637;CL-640,2,backfill-2026-07,unknown,,,,,
RES-0428,https://news.ontario.ca/en/backgrounder/34673/a-place-to-call-home-report-of-the-expert-advisory-panel-on-homelessness,Backfilled (auto),"Ontario government official backgrounder and primary report direct retrieval, Ga",partial,RES-0428,CL-641,1,backfill-2026-07,unknown,,,,,
RES-0429,https://edu.yorku.ca/edu-profiles/index.php?mid=112721,Backfilled (auto),Confirmed real via York University faculty bibliography,yes,RES-0429,CL-642,1,backfill-2026-07,unknown,,,,,
RES-0430,https://www150.statcan.gc.ca/n1/en/catalogue/98M0001X2021001,Backfilled (auto),Statistics Canada official catalogue product page direct primary source retrieva,yes,RES-0430,CL-643,1,backfill-2026-07,unknown,,,,,
RES-0431,https://www12.statcan.gc.ca/census-recensement/2026/ref/98-20-0005/2026002/98-20-00052026002-eng.cfm,Backfilled (auto),Statistics Canada official content change report and Homeless Hub direct primary,yes,RES-0431,CL-644,1,backfill-2026-07,unknown,,,,,
RES-0432,https://www.pivotlegal.org/canada_must_recognize_the_rights_of_homeless_un_report,Backfilled (auto),Confirmed via legal affidavit citing primary UN documents directly plus GlobeNew,yes,RES-0432,CL-645,1,backfill-2026-07,unknown,,,,,
RES-0433,https://www.ohchr.org/en/statements-and-speeches/2009/10/united-nations-expert-adequate-housing-calls-immediate-attention,Backfilled (auto),OHCHR official statement and UN Digital Library record direct primary source ret,yes,RES-0433,CL-646,1,backfill-2026-07,unknown,,,,,
RES-0434,https://www.chrc-ccdp.gc.ca/sites/default/files/documents/final-report-federal-housing-advocate-s-review-of-encampments_0.pdf,Backfilled (auto),Canadian Human Rights Commission direct primary source retrieval of both the 202,yes,RES-0434,CL-647,1,backfill-2026-07,unknown,,,,,
RES-0435,https://emergency.unhcr.org/emergency-assistance/shelter-camp-and-settlement/shelter-and-housing/emergency-shelter-solutions-and-standards,Backfilled (auto),UNHCR SPHERE implementation guide and Toronto Shelter Standards direct primary s,yes,RES-0435,CL-648,1,backfill-2026-07,unknown,,,,,
RES-0436,https://ca.vlex.com/vid/housing-services-act-2011-751580241,Backfilled (auto),Direct statutory text retrieval of the Housing Services Act 2011,yes,RES-0436,CL-190000;CL-190001;CL-190002;CL-190003;CL-190004;CL-9011193;CL-9011194;CL-9011195;CL-9011196,9,backfill-2026-07,unknown,,,,,
RES-0437,https://homelessnesslearninghub.ca/wp-content/uploads/2025/02/CERP-Summary-Toronto-ON.pdf,Backfilled (auto),Toronto Community Encampment Response Plan official summary document direct prim,yes,RES-0437,CL-651;CL-652;CL-90668,3,backfill-2026-07,unknown,,,,,
RES-0438,https://www.oecd.org/en/publications/oecd-toolkit-to-combat-homelessness_0fec780e-en/full-report/long-term-housing-solutions-housing-led-and-housing-first_db4e15b1.html,Backfilled (auto),OECD direct primary source retrieval of the Toolkit to Combat Homelessness full,yes,RES-0438,CL-654;CL-658;CL-758,3,backfill-2026-07,unknown,,,,,
RES-0439,https://www.toronto.ca/wp-content/uploads/2022/02/948f-Toronto-Housing-Charter-2020.pdf,Backfilled (auto),City of Toronto direct primary source retrieval cross-verified against CBC cover,yes,RES-0439,CL-655;CL-659;CL-90621,3,backfill-2026-07,unknown,,,,,
RES-0440,https://www.parl.ca/legisinfo/en/bill/45-1/c-205,Backfilled (auto),Parliament of Canada LEGISinfo direct primary source retrieval,yes,RES-0440,CL-656;CL-660,2,backfill-2026-07,unknown,,,,,
RES-0441,https://www.toronto.ca/legdocs/mmis/2026/bu/comm/communicationfile-202433.pdf,Backfilled (auto),Direct retrieval of the exact URL cited by the external report,yes,RES-0441,CL-661,1,backfill-2026-07,unknown,,,,,
RES-0442,https://www.ohchr.org/en/documents/thematic-reports/ahcr6143add3-domicide-mass-destruction-housing-and-civilian,Backfilled (auto),OHCHR direct primary source retrieval,yes,RES-0442,CL-662,1,backfill-2026-07,unknown,,,,,
RES-0443,https://www.cbc.ca/news/politics/immigration-thirty-thousand-ineligible-asylum-9.7158489,Backfilled (auto),CBC and visaverge.com direct primary source retrieval already verified in an ear,yes,RES-0443,CL-664;CL-756,2,backfill-2026-07,unknown,,,,,
RES-0444,https://www.tdin.ca/,Backfilled (auto),Toronto Drop-In Network direct primary source retrieval cross-referenced against,yes,RES-0444,CL-666,1,backfill-2026-07,unknown,,,,,
RES-0445,https://secure.toronto.ca/council/agenda-item.do?item=2023.EC3.13,Backfilled (auto),"City of Toronto press release and TMMIS agenda item, cross-confirmed via Globe a",yes,RES-0445,CL-667,1,backfill-2026-07,unknown,,,,,
RES-0446,https://www.cbc.ca/news/canada/toronto/toronto-election-donations-fitzrovia-chris-moise-1.7324548,Backfilled (auto),CBC News direct investigation of financial disclosures,yes,RES-0446,CL-668,1,backfill-2026-07,unknown,,,,,
RES-0447,https://acorncanada.org/wp-content/uploads/2021/10/Who-Controls-Toronto-People-or-Developer-0.pdf,Backfilled (auto),ACORN Canada direct primary source PDF retrieval,yes,RES-0447,CL-669,1,backfill-2026-07,unknown,,,,,
RES-0448,https://www.charityintelligence.ca/charity-details/480-calgary-drop-in,Backfilled (auto),Charity Intelligence calculation from Calgary Drop-In and Rehab Centre Society C,yes,RES-0448,CL-673,1,backfill-2026-07,unknown,,,,,
RES-0449,https://policyoptions.irpp.org/magazines/december-2023/homelessness-strategies-should-reflect-patterns-of-shelter-use/,Backfilled (auto),Policy Options IRPP direct primary source retrieval,yes,RES-0449,CL-674;CL-675,2,backfill-2026-07,unknown,,,,,
RES-0450,https://pub-ottawa.escribemeetings.com/filestream.ashx?DocumentId=234707,Backfilled (auto),City of Ottawa council document direct primary source retrieval,yes,RES-0450,CL-676,1,backfill-2026-07,unknown,,,,,
RES-0451,https://www.charityintelligence.ca/charity-details/780-mission-old-brewery,Backfilled (auto),Direct search across Mission Old Brewery Charity Intelligence data and BC Housin,yes,RES-0451,CL-677,1,backfill-2026-07,unknown,,,,,
RES-0452,https://www.canadahelps.org/en/charities/john-howard-society-of-toronto/,Backfilled (auto),CanadaHelps and CRA charity registry cross-referenced directly,yes,RES-0452,CL-678,1,backfill-2026-07,unknown,,,,,
RES-0453,https://www.charitydata.ca/charity/fife-house-foundation-inc/130401573RR0001/,Backfilled (auto),Fife House own site and charitydata.ca cross-referenced directly,partial,RES-0453,CL-679,1,backfill-2026-07,unknown,,,,,
RES-0454,https://ca.linkedin.com/company/nativechild,Backfilled (auto),Childrens Aid Foundation of Canada LinkedIn announcement cross-referenced agains,yes,RES-0454,CL-680,1,backfill-2026-07,unknown,,,,,
RES-0455,https://www.conccommunity.org/shelters-and-housing/,Backfilled (auto),CONC own website direct primary source retrieval,yes,RES-0455,CL-681,1,backfill-2026-07,unknown,,,,,
RES-0456,https://secure.toronto.ca/council/agenda-item.do?item=2024.CC24.2,Backfilled (auto),City of Toronto direct primary source agenda item and staff report,yes,RES-0456,CL-682,1,backfill-2026-07,unknown,,,,,
RES-0457,https://www.cbc.ca/news/canada/toronto/warming-centre-rejects-motion-1.6741544,Backfilled (auto),CBC News direct primary reporting cross confirmed across five additional indepen,yes,RES-0457,CL-683,1,backfill-2026-07,unknown,,,,,
RES-0458,https://www.thetrillium.ca/news/health/ontario-shutting-down-supervised-consumption-sites-without-assessing-harm-to-drug-users-auditor-9897812,Backfilled (auto),The Trillium direct reporting on Ontario Auditor General Shelley Spence opioid s,yes,RES-0458,CL-685,1,backfill-2026-07,unknown,,,,,
RES-0459,https://www.guelphtoday.com/local-news/ontario-shutting-down-supervised-consumption-sites-without-assessing-harm-auditor-9898447,Backfilled (auto),Guelph Today direct reporting on the Auditor General report specific statistics,yes,RES-0459,CL-686,1,backfill-2026-07,unknown,,,,,
RES-0460,https://www.torontotoday.ca/local/city-hall/four-doug-ford-hart-hubs-open-toronto-what-are-they-10755292,Backfilled (auto),TorontoToday direct site visit journalism,yes,RES-0460,CL-687,1,backfill-2026-07,unknown,,,,,
RES-0461,https://secure.toronto.ca/council/agenda-item.do?item=2024.BA96.3,Backfilled (auto),City of Toronto Chief Procurement Officer bid award report direct primary source,yes,RES-0461,CL-689,1,backfill-2026-07,unknown,,,,,
RES-0462,https://www.ontario.ca/page/public-sector-salary-disclosure,Backfilled (auto),Ontario Sunshine List direct primary source provided by user,yes,RES-0462,CL-690,1,backfill-2026-07,unknown,,,,,
RES-0463,https://www.toronto.ca/legdocs/mmis/2026/bu/comm/communicationfile-202093.pdf,Backfilled (auto),"Citizen submission to Toronto 2026 Budget Committee, an advocacy document not a ",yes,RES-0463,CL-691;CL-692,2,backfill-2026-07,unknown,,,,,
RES-0464,https://www.toronto.ca/news/city-of-toronto-update-on-shelter-system-capacity-pressures/,City of Toronto primary govt (not yet ingested),"City of Toronto news release, shelter system capacity pressures update",yes,RES-0464,CL-90000;CL-90001;CL-90002;CL-90003,4,2026-07-02-user-provided-toronto-urls,unknown,,,,,
RES-0466,https://www.toronto.ca/wp-content/uploads/2021/06/9633-10PointShelterHarmReduction210528AODA.pdf,City of Toronto primary govt (Toronto Public Health/The Works),"10-Point Shelter Harm Reduction plan, March 2021 - read in full, ingested into HMK-004, connects to REC S-06 and REC M-13",yes,RES-0466,CL-709,1,2026-07-02-user-provided-toronto-urls,unknown,,,,,
RES-0467,https://www.toronto.ca/legdocs/mmis/2025/au/bgrd/backgroundfile-253179.pdf,City of Toronto primary govt (not yet ingested),"2025 Auditor General background file, subject unconfirmed",yes,RES-0467,CL-90004;CL-90005;CL-90006,3,2026-07-02-user-provided-toronto-urls,unknown,,,,,
RES-0468,https://www.toronto.ca/legdocs/mmis/2020/ph/bgrd/backgroundfile-145692.pdf,City of Toronto primary govt (not yet ingested),"2020 Planning and Housing Committee background file, subject unconfirmed",yes,RES-0468,CL-90007,1,2026-07-02-user-provided-toronto-urls,unknown,,,,,
RES-0469,https://www.toronto.ca/community-people/employment-social-support/support-for-people-in-financial-need/assistance-through-ontario-works/policies-and-procedures/housing-stabilization-fund/,City of Toronto primary govt (not yet ingested),Housing Stabilization Fund policy/procedure page,yes,RES-0469,CL-90008,1,2026-07-02-user-provided-toronto-urls,unknown,,,,,
RES-0470,https://www.toronto.ca/legdocs/mmis/2025/au/comm/communicationfile-197730.pdf,City of Toronto primary govt (not yet ingested),"2025 Auditor General communication file, subject unconfirmed",yes,RES-0470,,0,2026-07-02-user-provided-toronto-urls,unknown,,,,,
RES-0471,https://www.toronto.ca/wp-content/uploads/2019/04/97be-Homelessness-QuickFacts2017.pdf,City of Toronto primary govt (not yet ingested),Homelessness QuickFacts 2017 - historical baseline document,yes,RES-0471,CL-90009;CL-90010,2,2026-07-02-user-provided-toronto-urls,unknown,,,,,
RES-0472,https://www.toronto.ca/city-government/data-research-maps/research-reports/housing-and-homelessness-research-and-reports/,City of Toronto primary govt (not yet ingested),City housing and homelessness research reports landing page,yes,RES-0472,,0,2026-07-02-user-provided-toronto-urls,unknown,,,,,
RES-0473,https://www.toronto.ca/legdocs/mmis/2026/bu/comm/communicationfile-204417.pdf,City of Toronto primary govt (not yet ingested),Right to Housing Toronto submission to 2026 Budget Committee - confirmed exists via BU12.1 fetch,yes,RES-0473,CL-90011;CL-90012;CL-90013;CL-90014;CL-90015,5,2026-07-02-user-provided-toronto-urls,unknown,,,,,
RES-0474,https://www.toronto.ca/city-government/data-research-maps/research-reports/housing-and-homelessness-research-and-reports/shelter-census/,City of Toronto primary govt (not yet ingested),Shelter census data page - likely already used elsewhere,yes,RES-0474,CL-90016,1,2026-07-02-user-provided-toronto-urls,unknown,,,,,
RES-0476,https://www.toronto.ca/community-people/housing-shelter/,City of Toronto primary govt (not yet ingested),Housing and shelter main landing page,yes,RES-0476,,0,2026-07-02-user-provided-toronto-urls,unknown,,,,,
RES-0477,https://www.toronto.ca/community-people/housing-shelter/homeless-help/about-torontos-shelter-system/developing-shelter-sites/,City of Toronto primary govt (not yet ingested),Developing shelter sites page - potentially relevant to Task D ward-level inventory,yes,RES-0477,CL-90017,1,2026-07-02-user-provided-toronto-urls,unknown,,,,,
RES-0478,https://www.toronto.ca/community-people/housing-shelter/homeless-help/about-torontos-shelter-system/developing-shelter-sites/new-shelter-design/,City of Toronto primary govt (not yet ingested),New shelter design page - potentially relevant to Task D,yes,RES-0478,,0,2026-07-02-user-provided-toronto-urls,unknown,,,,,
RES-0479,https://www.toronto.ca/legdocs/mmis/2025/ec/bgrd/backgroundfile-258384.pdf,City of Toronto primary govt (not yet ingested),"2025 Economic and Community Development Committee background file, subject unconfirmed",yes,RES-0479,CL-90018,1,2026-07-02-user-provided-toronto-urls,unknown,,,,,
RES-0480,https://www.toronto.ca/legdocs/mmis/2026/ec/bgrd/backgroundfile-286281.pdf,City of Toronto primary govt (not yet ingested),"2026 Economic and Community Development Committee background file, subject unconfirmed",yes,RES-0480,CL-90019;CL-90020;CL-90021;CL-90022;CL-90023;CL-90024;CL-90025;CL-90026,8,2026-07-02-user-provided-toronto-urls,unknown,,,,,
RES-0481,https://www.toronto.ca/community-people/community-partners/social-housing-providers/rgi-maximum-shelter-allowance-program-admin/,City of Toronto primary govt (not yet ingested),RGI Maximum Shelter Allowance program administration page,yes,RES-0481,CL-90027,1,2026-07-02-user-provided-toronto-urls,unknown,,,,,
RES-0482,https://www.toronto.ca/legdocs/mmis/2025/ec/bgrd/backgroundfile-257203.pdf,City of Toronto primary govt (not yet ingested),"2025 EC background file, subject unconfirmed",yes,RES-0482,CL-90028;CL-90029;CL-90030;CL-90031;CL-90032,5,2026-07-02-user-provided-toronto-urls,unknown,,,,,
RES-0484,https://www.toronto.ca/wp-content/uploads/2020/04/94f0-housing-to-2020-2030-action-plan-housing-secretariat.pdf,City of Toronto primary govt (not yet ingested),HousingTO 2020-2030 Action Plan PDF - likely already covered in HMK-004,yes,RES-0484,CL-90033;CL-90034,2,2026-07-02-user-provided-toronto-urls,unknown,,,,,
RES-0485,https://www.toronto.ca/legdocs/mmis/2026/bu/bgrd/backgroundfile-261172.pdf,City of Toronto primary govt (not yet ingested),"2026 budget background file, subject unconfirmed",yes,RES-0485,CL-90035,1,2026-07-02-user-provided-toronto-urls,unknown,,,,,
RES-0486,https://secure.toronto.ca/council/report.do?meeting=2025.CC33&type=agenda,City of Toronto primary govt (not yet ingested),2025.CC33 council meeting agenda - full sweep not yet done,yes,RES-0486,CL-90036;CL-90037;CL-90038,3,2026-07-02-user-provided-toronto-urls,unknown,,,,,
RES-0487,https://secure.toronto.ca/council/agenda-item.do?item=2025.EX27.1,City of Toronto primary govt (not yet ingested),"2025.EX27.1 agenda item, subject unconfirmed",yes,RES-0487,CL-736,1,2026-07-02-user-provided-toronto-urls,unknown,,,,,
RES-0488,https://www.toronto.ca/wp-content/uploads/2021/11/9885-Attachment-2-Homelessness-Solutions-Service-Plan.pdf,City of Toronto primary govt (adopted Council 2021.EC25.5),"Homelessness Solutions Service Plan, 2021 - read in full, ingested into HMK-004, foundational TSSS 3-year plan comparable to HousingTO",yes,RES-0488,CL-708,1,2026-07-02-user-provided-toronto-urls,unknown,,,,,
RES-0525,https://www.toronto.ca/legdocs/mmis/2018/cd/bgrd/backgroundfile-115727.pdf,City of Toronto primary govt (not yet ingested),"2018 Community Development Committee background file, subject unconfirmed",yes,RES-0525,CL-90039,1,2026-07-02-user-provided-toronto-urls,unknown,,,,,
RES-0526,https://www.toronto.ca/legdocs/mmis/2012/cd/bgrd/backgroundfile-47119.pdf,City of Toronto primary govt (not yet ingested),"2012 Community Development Committee background file - genuinely old, high novelty likelihood",yes,RES-0526,CL-90040,1,2026-07-02-user-provided-toronto-urls,unknown,,,,,
RES-0527,https://www.toronto.ca/legdocs/mmis/2015/cc/bgrd/backgroundfile-85309.pdf,City of Toronto primary govt (not yet ingested),"2015 Council background file, subject unconfirmed",yes,RES-0527,CL-90041,1,2026-07-02-user-provided-toronto-urls,unknown,,,,,
RES-0528,https://www.toronto.ca/legdocs/mmis/2019/ph/bgrd/backgroundfile-140653.pdf,City of Toronto primary govt (not yet ingested),"2019 Planning and Housing background file, subject unconfirmed",yes,RES-0528,CL-90042,1,2026-07-02-user-provided-toronto-urls,unknown,,,,,
RES-0529,https://www.toronto.ca/legdocs/mmis/2022/ec/bgrd/backgroundfile-222834.pdf,City of Toronto primary govt (not yet ingested),"2022 EC background file, subject unconfirmed",yes,RES-0529,CL-90043,1,2026-07-02-user-provided-toronto-urls,unknown,,,,,
RES-0530,https://www.toronto.ca/legdocs/mmis/2026/ec/bgrd/backgroundfile-287299.pdf,City of Toronto primary govt (not yet ingested),"2026 EC background file, subject unconfirmed",yes,RES-0530,CL-90599;CL-90600,2,2026-07-02-user-provided-toronto-urls,unknown,,,,,
RES-0531,https://www.toronto.ca/legdocs/mmis/2023/ec/bgrd/backgroundfile-235826.pdf,City of Toronto primary govt (not yet ingested),"2023 EC background file, subject unconfirmed",yes,RES-0531,CL-90601;CL-90602,2,2026-07-02-user-provided-toronto-urls,unknown,,,,,
RES-0533,https://www.toronto.ca/legdocs/mmis/2025/ex/bgrd/backgroundfile-257087.pdf,City of Toronto primary govt (not yet ingested),"2025 Executive Committee background file, subject unconfirmed",yes,RES-0533,CL-90603,1,2026-07-02-user-provided-toronto-urls,unknown,,,,,
RES-0534,https://www.toronto.ca/legdocs/mmis/2023/ec/comm/communicationfile-172934.pdf,City of Toronto primary govt (not yet ingested),"2023 EC communication file, subject unconfirmed",yes,RES-0534,CL-90604;CL-90605,2,2026-07-02-user-provided-toronto-urls,unknown,,,,,
RES-0536,https://www.toronto.ca/legdocs/mmis/2012/cd/bgrd/backgroundfile-47120.pdf,City of Toronto primary govt (not yet ingested),"2012 Community Development background file, companion to backgroundfile-47119",yes,RES-0536,CL-90606,1,2026-07-02-user-provided-toronto-urls,unknown,,,,,
RES-0540,https://www.toronto.ca/legdocs/mmis/2025/cc/comm/communicationfile-201144.pdf,City of Toronto primary govt (not yet ingested),"2025 Council communication file, subject unconfirmed",yes,RES-0540,CL-90607,1,2026-07-02-user-provided-toronto-urls,unknown,,,,,
RES-0541,https://www.toronto.ca/wp-content/uploads/2025/04/8dc2-2025-Public-Book-TSSS-V1.pdf,City of Toronto primary govt (not yet ingested),TSSS 2025 Public Book V1 - budget detail,yes,RES-0541,CL-90608,1,2026-07-02-user-provided-toronto-urls,unknown,,,,,
RES-0506,https://www.toronto.ca/legdocs/mmis/2023/ec/bgrd/backgroundfile-239895.pdf,City of Toronto primary govt (not yet ingested),"2023 EC background file, subject unconfirmed",yes,RES-0506,CL-90609,1,2026-07-02-user-provided-toronto-urls,unknown,,,,,
RES-0507,https://www.toronto.ca/community-people/community-partners/emergency-shelter-operators/bulletins-directives-funding-submissions-and-shelter-standards/directive-2016-01-invoicing-hostel-services-by-pos-shelters/,City of Toronto primary govt (not yet ingested),"Directive 2016-01: Invoicing Hostel Services by POS Shelters - operational per-diem billing procedure, potentially directly relevant to per-diem research",yes,RES-0507,,0,2026-07-02-user-provided-toronto-urls,unknown,,,,,
RES-0508,https://www.toronto.ca/wp-content/uploads/2018/12/9547-A1600035_TSS_FinalDraft_V3_Dec4_Blue_SimpleAccessible_updated2.pdf,City of Toronto primary govt (not yet ingested),"Toronto Shelter Standards, 2018 draft version",yes,RES-0508,,0,2026-07-02-user-provided-toronto-urls,unknown,,,,,
RES-0509,https://www.toronto.ca/wp-content/uploads/2023/03/9828-Toronto-Shelter-Standards230328AODA.pdf,City of Toronto primary govt (not yet ingested),"Toronto Shelter Standards, 2023 AODA version - likely already used as HMK-005 standards source, needs cross-check",yes,RES-0509,CL-90610,1,2026-07-02-user-provided-toronto-urls,unknown,,,,,
RES-0510,https://www.toronto.ca/wp-content/uploads/2017/08/94a7-housingcharter_may8.pdf,City of Toronto primary govt (not yet ingested),"Toronto Housing Charter, 2017 - likely already covered in HMK-040 Part 5B, needs cross-check",yes,RES-0510,CL-90611,1,2026-07-02-user-provided-toronto-urls,unknown,,,,,
RES-0511,https://www.toronto.ca/wp-content/uploads/2017/11/913c-2014-to-2019-housing-stability-service-planning-framework.pdf,City of Toronto primary govt (not yet ingested),Housing Stability Service Planning Framework 2014-2019 - potentially novel historical planning document,yes,RES-0511,CL-90612,1,2026-07-02-user-provided-toronto-urls,unknown,,,,,
RES-0512,https://www.toronto.ca/wp-content/uploads/2023/08/8e2c-SDTG-2023-Release-FinalJuly-11AODA.pdf,City of Toronto primary govt (not yet ingested),"SDTG 2023 Release - likely already referenced (2023 dating resolved a prior discrepancy per HMK-039), needs cross-check",yes,RES-0512,CL-90613,1,2026-07-02-user-provided-toronto-urls,unknown,,,,,
RES-0514,https://www.toronto.ca/legdocs/mmis/2021/ec/bgrd/backgroundfile-171730.pdf,City of Toronto primary govt (not yet ingested),"2021 EC background file, subject unconfirmed",yes,RES-0514,CL-90614,1,2026-07-02-user-provided-toronto-urls,unknown,,,,,
RES-0515,https://ckan0.cf.opendata.inter.prod-toronto.ca/ne/dataset/daily-shelter-occupancy,Backfilled (auto),City of Toronto Daily Shelter Occupancy Open Data cross-referenced against Homes,yes,RES-0515,CL-693;CL-694,2,backfill-2026-07,unknown,,,,,
RES-0516,https://open.toronto.ca/dataset/daily-shelter-overnight-service-occupancy-capacity/,Backfilled (auto),City of Toronto Daily Shelter and Overnight Service Occupancy and Capacity Open ,yes,RES-0516,CL-695;CL-696;CL-705;CL-836,4,backfill-2026-07,unknown,,,,,
RES-0517,https://open.toronto.ca/dataset/deaths-of-shelter-residents/,Backfilled (auto),City of Toronto Deaths of Shelter Residents Open Data supplied directly,yes,RES-0517,CL-697,1,backfill-2026-07,unknown,,,,,
RES-0518,https://open.toronto.ca/dataset/suspected-opioid-overdoses-in-shelters/,Backfilled (auto),City of Toronto Suspected Opioid Overdoses in Shelters Open Data supplied direct,yes,RES-0518,CL-698,1,backfill-2026-07,unknown,,,,,
RES-0519,https://opseu.org/employers/homes-first-society/,Backfilled (auto),OPSEU direct public statement,yes,RES-0519,CL-701,1,backfill-2026-07,unknown,,,,,
RES-0520,https://www.toronto.ca/legdocs/mmis/2025/ia/bgrd/backgroundfile-259266.pdf,Backfilled (auto),City of Toronto Housing Secretariat direct response to councillor inquiry and co,yes,RES-0520,CL-702,1,backfill-2026-07,unknown,,,,,
RES-0521,https://dixonhall.org/blog-post/dixon-hall-ratifies-new-four-year-collective-agreement-with-cupe-local-2497/,Backfilled (auto),Dixon Hall direct organizational announcement,yes,RES-0521,CL-703,1,backfill-2026-07,unknown,,,,,
RES-0522,https://dixonhall.org/wp-content/uploads/2021/09/Financial-Statements-Dixon-Hall-2019.pdf,Backfilled (auto),Dixon Hall own audited financial statements FY2019 FY2021 FY2022 FY2024 directly,yes,RES-0522,CL-704,1,backfill-2026-07,unknown,,,,,
RES-0523,https://www.ontario.ca/document/ontario-works-policy-directives/612-persons-detained-custody,Backfilled (auto),Ontario government direct primary source policy directives for both OW and ODSP,yes,RES-0523,CL-706,1,backfill-2026-07,unknown,,,,,
RES-0524,https://www.ontariosunshinelist.com/employers/homes-first-society,Backfilled (auto),Independent third party Sunshine List archival tool,yes,RES-0524,CL-707,1,backfill-2026-07,unknown,,,,,
RES-0489,https://secure.toronto.ca/council/agenda-item.do?item=2025.AU8.3,City of Toronto primary govt (Auditor General),"AG audit Warming Centres/Winter Respite financial accountability - CONFIRMED already fully documented in HMK-026, 15 recommendations verified",yes,RES-0489,,0,2026-07-02-user-provided-council-urls,unknown,,,,,
RES-0490,https://secure.toronto.ca/council/agenda-item.do?item=2025.PH18.6,City of Toronto primary govt (reviewed and integrated),Confirms RHI successor program (AHF Rapid Housing Sub-stream) funding cliff - integrated into HMK-008,yes,RES-0490,CL-90628;CL-90629,2,2026-07-02-user-provided-council-urls,unknown,,,,,
RES-0491,https://secure.toronto.ca/council/agenda-item.do?item=2020.PH19.11,City of Toronto primary govt (reviewed and integrated),"Confirms encampment fire deaths (7 since 2010, 216 fires in 2020) - integrated into HMK-021 as a new mortality category",yes,RES-0491,CL-90630;CL-90631,2,2026-07-02-user-provided-council-urls,unknown,,,,,
RES-0492,https://secure.toronto.ca/council/agenda-item.do?item=2026.TTC15.5,"City of Toronto primary govt (reviewed, low relevance)","TTC Board item, general platform/transit safety - reviewed, not shelter/homelessness-specific, no integration warranted",yes,RES-0492,CL-90632,1,2026-07-02-user-provided-council-urls,unknown,,,,,
RES-0493,https://secure.toronto.ca/council/agenda-item.do?item=2025.GG26.16,City of Toronto primary govt (reviewed and integrated),"Confirms non-competitive catering contract (2790584 Ontario Inc, numbered company) exceeding 5-year threshold - integrated into HMK-027 Part 6",yes,RES-0493,CL-90634,1,2026-07-02-user-provided-council-urls,unknown,,,,,
RES-0494,https://secure.toronto.ca/council/agenda-item.do?item=2025.GG26.29,"City of Toronto primary govt (reviewed, low relevance)","Shared grants-portal software contract (SmartSimple) across multiple divisions, not shelter-specific - reviewed, no integration warranted",yes,RES-0494,,0,2026-07-02-user-provided-council-urls,unknown,,,,,
RES-0532,https://secure.toronto.ca/council/agenda-item.do?item=2025.GG21.3,City of Toronto primary govt (reviewed and integrated),"Confirms A Supreme Nursing and Home Care Services Inc contract, staged value increases - integrated into HMK-027 Part 6",yes,RES-0532,CL-90633,1,2026-07-02-user-provided-council-urls,unknown,,,,,
RES-0497,https://secure.toronto.ca/council/agenda-item.do?item=2025.GG21.5,City of Toronto primary govt (reviewed and integrated),"Confirms OnX Enterprise Solutions Ltd wireless infrastructure contract, value increased 6x - integrated into HMK-027 Part 6",yes,RES-0497,CL-90635,1,2026-07-02-user-provided-council-urls,unknown,,,,,
RES-0498,https://secure.toronto.ca/council/agenda-item.do?item=2025.CC28.2,City of Toronto primary govt (reviewed and integrated),Major 24-part Council follow-up to Ombudsman refugee-shelter report - integrated into POLICY-001 REC M-12 (corrected a stale 'nothing was done' framing),yes,RES-0498,CL-90636,1,2026-07-02-user-provided-council-urls,unknown,,,,,
RES-0535,https://www.toronto.ca/legdocs/mmis/2024/gg/bgrd/backgroundfile-245059.pdf,City of Toronto primary govt (reviewed and integrated),"Major 9-vendor procurement registry (Sunray Group, Toronto Plaza Hotel, Red Cross, Four Points Sheraton, 2790584 Ontario Inc, A.S.P. Incorporated, Verint, Direct Construction, 911 Interpreters) - integrated into HMK-027 Part 6, the strongest single procurement source this library has found",yes,RES-0535,CL-90646;CL-90647,2,2026-07-02-user-provided-links,unknown,,,,,
RES-0500,https://torontosun.com/news/local-news/city-shelters-non-competitive-contracts,"Toronto Sun (fetch blocked, genuinely still pending)",Non-competitive shelter contracts story - fetch blocked by site restrictions; substance likely covered by backgroundfile-245059 (RES-0535) instead,yes,RES-0500,CL-90648;CL-90649,2,2026-07-02-user-provided-links,unknown,,,,,
RES-0537,https://www.thestar.com/news/gta/city-hall/toronto-cancels-contract-with-shelter-security-company-after-wage-theft-lawsuit/article_43e9e56d-ba23-4b51-9e75-fe14810f8f84.html,Toronto Star (blocked - could not fetch),"OCS wage theft contract cancellation story - fetch blocked, substance confirmed via secondary sources (law firm case page, ingested into HMK-027)",yes,RES-0537,CL-90650,1,2026-07-02-user-provided-links,unknown,,,,,
RES-0538,https://globalnews.ca/news/11582413/toronto-private-security-guard-costs/,Global News (direct primary reporting),"Full $109M/8-contract private security portfolio, Garda Canada named - fully ingested into HMK-029",yes,RES-0538,CL-90651,1,2026-07-02-user-provided-links,unknown,,,,,
RES-0539,https://static1.squarespace.com/static/5728db86b09f95bc05bf8dae/t/67d31e3e36062b41392a3403/1741889094309/022-017%2BTSN%2BPipeline%2BProject%2Br10%2BAODA%2B%281%29.pdf,Toronto Shelter Network (Metcalf Foundation funded),"Employing Staff with Lived Experience toolkit - key findings (staffing agency confirmation, REC S-06 precedent) fully ingested into HMK-027, full 140+ page toolkit not exhaustively mined",yes,RES-0539,,0,2026-07-02-user-provided-links,unknown,,,,,
RES-0504,https://www.tmpiemploymentlaw.ca/unpaidwages,Taylor Mergui Law Group (plaintiff case page),One Community Solutions class action case page - fully ingested into HMK-027,yes,RES-0504,CL-90652,1,2026-07-02-user-provided-links,unknown,,,,,
RES-0505,https://torontoservicedirectory.ca/results/?searchLocation=Toronto&topicPath=29&latitude=43.6135&longitude=-79.489,Toronto Service Directory (reviewed and integrated),"User-pasted content processed directly - confirmed Lakeshore site details and 5 new shelter organizations, integrated into HMK-041 and HMK-022",partial,RES-0505,,0,2026-07-02-user-provided-links,unknown,,,,,
RES-0542,https://www.toronto.ca/community-people/housing-shelter/homeless-help/shelters/,Backfilled (auto),City of Toronto official shelter locator tool direct export supplied by user,yes,RES-0542,CL-710;CL-771,2,backfill-2026-07,unknown,,,,,
RES-0543,https://www.taxtips.ca/taxrates/on.htm,Backfilled (auto),Computed directly from verified 2025 federal and Ontario combined tax brackets a,yes,RES-0543,CL-711,1,backfill-2026-07,unknown,,,,,
RES-0544,https://www.toronto.ca/community-people/housing-shelter/homeless-help/about-torontos-shelter-system/developing-shelter-sites/720-bathurst-st/,Backfilled (auto),City of Toronto direct primary source shelter site development page,yes,RES-0544,CL-712,1,backfill-2026-07,unknown,,,,,
RES-0545,https://secure.toronto.ca/council/agenda-item.do?item=2022.AU12.2,Backfilled (auto),"City of Toronto Auditor General direct primary source, both audit items",yes,RES-0545,CL-714,1,backfill-2026-07,unknown,,,,,
RES-0546,https://secure.toronto.ca/council/agenda-item.do?item=2026.EC28.4,City of Toronto primary govt (not yet ingested),"2027 Shelter Infrastructure Plan - $507.5M HSCIS to date, 11 sites acquired — from July 2, 2026 multi-model cross-reference addendum, confirmed URL pattern only, not individually re-verified this pass",yes,RES-0546,CL-90615,1,2026-07-02-addendum-crossref,unknown,,,,,
RES-0547,https://secure.toronto.ca/council/agenda-item.do?item=2025.EX22.2,City of Toronto primary govt (not yet ingested),"George Street Revitalization $555.804M revived version — from July 2, 2026 multi-model cross-reference addendum, confirmed URL pattern only, not individually re-verified this pass",yes,RES-0547,CL-90616,1,2026-07-02-addendum-crossref,unknown,,,,,
RES-0548,https://secure.toronto.ca/council/agenda-item.do?item=2025.TE21.16,City of Toronto primary govt (not yet ingested),"George Street Revitalization companion item — from July 2, 2026 multi-model cross-reference addendum, confirmed URL pattern only, not individually re-verified this pass",yes,RES-0548,CL-90617,1,2026-07-02-addendum-crossref,unknown,,,,,
RES-0549,https://secure.toronto.ca/council/agenda-item.do?item=2025.BA143.7,City of Toronto primary govt (not yet ingested),"GSR design contract — from July 2, 2026 multi-model cross-reference addendum, confirmed URL pattern only, not individually re-verified this pass",no,,,0,2026-07-02-addendum-crossref,unknown,,,,,
RES-0550,https://secure.toronto.ca/council/agenda-item.do?item=2025.IE19.10,"City of Toronto primary govt (reviewed, minor)","Confirmed: $220,000 for two HTO To Go water trailers, tangentially relevant (heat relief for vulnerable populations, including encampment residents) but small and not warranting a dedicated integration",no,,,0,2026-07-02-addendum-crossref,unknown,,,,,
RES-0552,https://secure.toronto.ca/council/agenda-item.do?item=2025.IA28.2,City of Toronto primary govt (not yet ingested),"Chris Moise administrative inquiry, micro-shelter study origin — from July 2, 2026 multi-model cross-reference addendum, confirmed URL pattern only, not individually re-verified this pass",no,,,0,2026-07-02-addendum-crossref,unknown,,,,,
RES-0554,https://secure.toronto.ca/council/agenda-item.do?item=2025.MM32.46,City of Toronto primary govt (not yet ingested),"68 Sheppard Ave W companion motion, vote 21-1-3 — from July 2, 2026 multi-model cross-reference addendum, confirmed URL pattern only, not individually re-verified this pass",no,,,0,2026-07-02-addendum-crossref,unknown,,,,,
RES-0555,https://secure.toronto.ca/council/agenda-item.do?item=2024.HS2.3,City of Toronto primary govt (not yet ingested),"TSSS shelter-system overview presentation — from July 2, 2026 multi-model cross-reference addendum, confirmed URL pattern only, not individually re-verified this pass",no,,,0,2026-07-02-addendum-crossref,unknown,,,,,
RES-0556,https://secure.toronto.ca/council/agenda-item.do?item=2025.EC23.6,City of Toronto primary govt (not yet ingested),"All-of-City multi-divisional homelessness response — from July 2, 2026 multi-model cross-reference addendum, confirmed URL pattern only, not individually re-verified this pass",no,,,0,2026-07-02-addendum-crossref,unknown,,,,,
RES-0557,https://secure.toronto.ca/council/agenda-item.do?item=2026.MM41.4,City of Toronto primary govt (not yet ingested),"Shelter-allowance savings motion — from July 2, 2026 multi-model cross-reference addendum, confirmed URL pattern only, not individually re-verified this pass",no,,,0,2026-07-02-addendum-crossref,unknown,,,,,
RES-0558,https://secure.toronto.ca/council/agenda-item.do?item=2023.MM6.10,City of Toronto primary govt (not yet ingested),"Mayor's Roundtable to End Homelessness — from July 2, 2026 multi-model cross-reference addendum, confirmed URL pattern only, not individually re-verified this pass",no,,,0,2026-07-02-addendum-crossref,unknown,,,,,
RES-0559,https://secure.toronto.ca/council/agenda-item.do?item=2025.HS8.11,"City of Toronto primary govt (reviewed, duplicative)","Same underlying HRAC 'retrogression' letter already integrated via EX28.21 in HMK-003's MM34.4 correction - HS8.11 is the HRAC's own internal agenda tracking of the same November 19 2025 letter, not new substance",no,,,0,2026-07-02-addendum-crossref,unknown,,,,,
RES-0560,https://secure.toronto.ca/council/agenda-item.do?item=2022.CC47.2,"City of Toronto primary govt (reviewed, low new value)",CC47.2 confirmed real - the 2022 Ombudsman IDP-update recommendations (8 items). Connects to already-documented Ombudsman/IDP process (EC13.8's '28 of 31 recommendations implemented' already covers this territory) - no major new content warranted,no,,,0,2026-07-02-addendum-crossref,unknown,,,,,
RES-0561,https://secure.toronto.ca/council/agenda-item.do?item=2021.IA36.1,City of Toronto primary govt (reviewed and integrated),"IA36.1 confirmed received for information, not defeated - corrected a likely conflation in the source addendum with a separate failed judicial-inquiry motion. Integrated into HMK-007",no,,,0,2026-07-02-addendum-crossref,unknown,,,,,
RES-0562,https://secure.toronto.ca/council/agenda-item.do?item=2020.MM22.17,City of Toronto primary govt (not yet ingested),"Pandemic-homelessness motion, adopted 21-2 — from July 2, 2026 multi-model cross-reference addendum, confirmed URL pattern only, not individually re-verified this pass",no,,,0,2026-07-02-addendum-crossref,unknown,,,,,
RES-0563,https://secure.toronto.ca/council/agenda-item.do?item=2023.EC1.9,City of Toronto primary govt (not yet ingested),"Warming centre policy review — from July 2, 2026 multi-model cross-reference addendum, confirmed URL pattern only, not individually re-verified this pass",no,,,0,2026-07-02-addendum-crossref,unknown,,,,,
RES-0564,https://secure.toronto.ca/council/agenda-item.do?item=2014.HL32.3,City of Toronto primary govt (not yet ingested),"Cold-weather alert coordination moved to MOH — from July 2, 2026 multi-model cross-reference addendum, confirmed URL pattern only, not individually re-verified this pass",no,,,0,2026-07-02-addendum-crossref,unknown,,,,,
RES-0565,https://secure.toronto.ca/council/agenda-item.do?item=2019.EC9.2,City of Toronto primary govt (not yet ingested),"$222,359 menstrual hygiene products — from July 2, 2026 multi-model cross-reference addendum, confirmed URL pattern only, not individually re-verified this pass",no,,,0,2026-07-02-addendum-crossref,unknown,,,,,
RES-0566,https://secure.toronto.ca/council/agenda-item.do?item=2023.PH3.22,City of Toronto primary govt (not yet ingested),"1117 Danforth, HLMS-operated — from July 2, 2026 multi-model cross-reference addendum, confirmed URL pattern only, not individually re-verified this pass",no,,,0,2026-07-02-addendum-crossref,unknown,,,,,
RES-0567,https://secure.toronto.ca/council/agenda-item.do?item=2019.MM12.21,City of Toronto primary govt (not yet ingested),"18,000 new supportive housing units request — from July 2, 2026 multi-model cross-reference addendum, confirmed URL pattern only, not individually re-verified this pass",no,,,0,2026-07-02-addendum-crossref,unknown,,,,,
RES-0568,https://www.toronto.ca/legdocs/mmis/2025/ec/bgrd/backgroundfile-260721.pdf,Backfilled (auto),City of Toronto TSSS direct primary source report to Economic and Community Deve,yes,RES-0568,CL-715;CL-90671,2,backfill-2026-07,unknown,,,,,
RES-0569,https://www.toronto.ca/legdocs/mmis/2026/hl/bgrd/backgroundfile-285294.pdf,Backfilled (auto),Toronto Public Health Health Impacts of Homelessness report to Board of Health,yes,RES-0569,CL-716,1,backfill-2026-07,unknown,,,,,
RES-0570,https://data.ontario.ca/dataset/security-guard-and-private-investigative-services-industry-data,Backfilled (auto),"Government of Ontario open data portal, Ministry of the Solicitor General",yes,RES-0570,CL-718,1,backfill-2026-07,unknown,,,,,
RES-0571,https://secure.toronto.ca/council/agenda-item.do?item=2023.BA50.5,Backfilled (auto),"City of Toronto Council direct primary source, items 2023.BA50.5 and 2024.GG10.3",no,,CL-719,1,backfill-2026-07,unknown,,,,,
RES-0572,https://hrlawcanada.com/2024/03/double-dismissal-northwest-protection-services-former-employees-both-leave-empty-handed-in-spat-over-fiduciary-duties-confidential-information/,Backfilled (auto),"Ontario Superior Court of Justice decision, reported via HR Law Canada",yes,RES-0572,CL-720;CL-759,2,backfill-2026-07,unknown,,,,,
RES-0573,https://ca.linkedin.com/company/asp-incorporated,Backfilled (auto),"Direct search, multiple job/review platforms and news search",yes,RES-0573,CL-721,1,backfill-2026-07,unknown,,,,,
RES-0574,https://en.wikipedia.org/wiki/GardaWorld,Backfilled (auto),"Multiple sources on GardaWorld Corporation divisions, cross-referenced against H",yes,RES-0574,CL-722,1,backfill-2026-07,unknown,,,,,
RES-0575,https://secure.toronto.ca/council/agenda-item.do?item=2025.BA127.1,Backfilled (auto),"City of Toronto Council direct primary source, item 2025.BA127.1",no,,CL-723,1,backfill-2026-07,unknown,,,,,
RES-0576,https://www.toronto.ca/legdocs/mmis/2024/ec/bgrd/backgroundfile-241830.pdf,Backfilled (auto),"City of Toronto direct primary source, item 2024.EC9.4 Attachment 2",yes,RES-0576,CL-724,1,backfill-2026-07,unknown,,,,,
RES-0577,https://homesfirst.on.ca/wp-content/uploads/2025/06/Homes-First-Annual-Report-2025-Website-Version.pdf,Backfilled (auto),"Homes First Society direct primary source, 2024 Annual Report",yes,RES-0577,CL-726,1,backfill-2026-07,unknown,,,,,
RES-0578,https://dixonhall.org/wp-content/uploads/2023/10/2023-Financial-Statements-Dixon-Hall-signed.pdf,Backfilled (auto),"Dixon Hall direct primary source, both the original FY2023 audited statements an",yes,RES-0578,CL-727,1,backfill-2026-07,unknown,,,,,
RES-0579,https://secure.toronto.ca/council/agenda-item.do?item=2024.PH13.8,Backfilled (auto),"City of Toronto Council direct primary source, item 2024.PH13.8",no,,CL-728,1,backfill-2026-07,unknown,,,,,
RES-0580,https://secure.toronto.ca/council/agenda-item.do?item=2024.PH15.5,"City of Toronto primary govt (reviewed, logged)","90 Dunn Ave supportive housing, $12M/yr wraparound supports, UHN data-sharing agreement — found via Task S TMMIS sweep, 'supportive housing' search term, confirmed real but not yet deeply integrated",no,,,0,2026-07-02-task-s-sweep,unknown,,,,,
RES-0581,https://secure.toronto.ca/council/agenda-item.do?item=2025.PH20.1,"City of Toronto primary govt (reviewed, logged)","7-9 Wardlaw Crescent supportive housing, Salvation Army adjacent shelter, Community Liaison Committee model — found via Task S TMMIS sweep, 'supportive housing' search term, confirmed real but not yet deeply integrated",no,,,0,2026-07-02-task-s-sweep,unknown,,,,,
RES-0582,https://secure.toronto.ca/council/agenda-item.do?item=2025.HL23.8,"City of Toronto primary govt (reviewed, logged)","Downtown HART Hub interim model detail, Councillor Moise advocacy, 277 Victoria St context — found via Task S TMMIS sweep, 'supportive housing' search term, confirmed real but not yet deeply integrated",no,,,0,2026-07-02-task-s-sweep,unknown,,,,,
RES-0583,https://secure.toronto.ca/council/agenda-item.do?item=2025.PH21.4,"City of Toronto primary govt (reviewed, logged)","Toronto Builds Policy Framework, Homes First consulted on 805 Wellington St West supportive housing — found via Task S TMMIS sweep, 'supportive housing' search term, confirmed real but not yet deeply integrated",no,,,0,2026-07-02-task-s-sweep,unknown,,,,,
RES-0584,https://secure.toronto.ca/council/agenda-item.do?item=2024.PH14.8,"City of Toronto primary govt (reviewed, logged)","Housing Occupancy Trends 2001-2021, population growth context relevant to housing demand — found via Task S TMMIS sweep, 'supportive housing' search term, confirmed real but not yet deeply integrated",no,,,0,2026-07-02-task-s-sweep,unknown,,,,,
RES-0585,https://secure.toronto.ca/council/agenda-item.do?item=2026.PH29.4,"City of Toronto primary govt (reviewed, logged)","RentSafeTO fee waivers for supportive/social housing providers — found via Task S TMMIS sweep, 'supportive housing' search term, confirmed real but not yet deeply integrated",no,,,0,2026-07-02-task-s-sweep,unknown,,,,,
RES-0586,https://secure.toronto.ca/council/agenda-item.do?item=2021.CC34.1,Backfilled (auto),"City of Toronto Council direct primary source, item 2021.CC34.1",no,,CL-729,1,backfill-2026-07,unknown,,,,,
RES-0587,https://secure.toronto.ca/council/agenda-item.do?item=2015.CD6.5,"City of Toronto primary govt (reviewed, logged)","2015 Toronto Shelter Standards update, Housing First formally embedded; references 2013 HSSPF framework and Second Base youth shelter closure — found via Task S TMMIS sweep, 'Housing First' search term",no,,,0,2026-07-02-task-s-sweep,unknown,,,,,
RES-0588,https://www.cbc.ca/news/canada/toronto/mayor-olivia-chow-refugee-shelter-funding-1.7614802,Backfilled (auto),CBC News and Trillium direct reporting on a City staff briefing note to the Mayo,yes,RES-0588,CL-730;CL-761,2,backfill-2026-07,unknown,,,,,
RES-0589,https://secure.toronto.ca/council/agenda-item.do?item=2023.BU2.1,"City of Toronto primary govt (reviewed, logged)","HIGH VALUE: a 2023 Council-ordered transparency request for exactly the kind of data this library seeks elsewhere - net-new shelter beds since 2018 by year, funding changes by program category 2018-2023 including defunded organizations, 10-year federal refugee reimbursement history. Whether the City ever actually produced these briefing notes is the key next question — found via Task S TMMIS sweep, 'drop-in' search term",no,,,0,2026-07-02-task-s-sweep,unknown,,,,,
RES-0590,https://secure.toronto.ca/council/agenda-item.do?item=2026.CC38.1,"City of Toronto primary govt (reviewed, logged)","2026 drop-in sector wage stabilization working group request, parallel to but distinct from the shelter-operator wage floor issue already tracked — found via Task S TMMIS sweep, 'drop-in' search term",yes,RES-0590,CL-731,1,2026-07-02-task-s-sweep,unknown,,,,,
RES-0591,https://secure.toronto.ca/council/agenda-item.do?item=2026.MPB38.1,"City of Toronto primary govt (reviewed, logged)","2026 budget: $100K for drop-in winter/hygiene supplies via Toronto Drop-in Network partnership — found via Task S TMMIS sweep, 'drop-in' search term",yes,RES-0591,CL-90618;CL-90619;CL-90622,3,2026-07-02-task-s-sweep,unknown,,,,,
RES-0592,https://secure.toronto.ca/council/agenda-item.do?item=2022.EC28.9,"City of Toronto primary govt (reviewed, logged)","2022: City's own 1,800 supportive housing units/year target (10 years) - differs from the 2,000/year federal ask found via PH13.8, worth reconciling; also an open-data wrap-up-code/service-queue publication request, unclear if fulfilled — found via Task S TMMIS sweep, 'drop-in' search term",yes,RES-0592,CL-90620,1,2026-07-02-task-s-sweep,unknown,,,,,
RES-0593,https://secure.toronto.ca/council/agenda-item.do?item=2021.EC25.6,"City of Toronto primary govt (reviewed, logged)","2021: Council-ordered public Work Plan commitment on net shelter capacity as temporary leases end - unclear if ever published — found via Task S TMMIS sweep, 'drop-in' search term",no,,,0,2026-07-02-task-s-sweep,unknown,,,,,
RES-0594,https://secure.toronto.ca/council/agenda-item.do?item=2022.BU37.1,"City of Toronto primary govt (reviewed, logged)","2022: multiple briefing note requests including SDFA funding levels since 2015, a full rental-subsidy cost analysis for the entire shelter population — found via Task S TMMIS sweep, 'drop-in' search term",no,,,0,2026-07-02-task-s-sweep,unknown,,,,,
RES-0595,https://secure.toronto.ca/council/agenda-item.do?item=2017.CD21.16,"City of Toronto primary govt (reviewed, logged)","2017: Winter Respite Services origins, Out of the Cold Program expansion, Interfaith Coalition to Fight Homelessness — found via Task S TMMIS sweep, 'drop-in' search term",no,,,0,2026-07-02-task-s-sweep,unknown,,,,,
RES-0596,https://secure.toronto.ca/council/agenda-item.do?item=2013.CD19.1,"City of Toronto primary govt (reviewed, logged)","2013: historical shelter complaints data (302 complaints in 2012), Ombudsman investigation request predating the 2023 investigation — found via Task S TMMIS sweep, 'drop-in' search term",no,,CL-739,1,2026-07-02-task-s-sweep,unknown,,,,,
RES-0597,https://secure.toronto.ca/council/agenda-item.do?item=2013.CD24.7,"City of Toronto primary govt (reviewed, logged)","24-hour safe drop-in for women feasibility review, 2013 - historical precedent for current gaps — found via Task S TMMIS sweep, 'drop-in' search term",no,,,0,2026-07-02-task-s-sweep,unknown,,,,,
RES-0599,https://secure.toronto.ca/council/agenda-item.do?item=2017.CD24.7,"City of Toronto primary govt (reviewed, logged)","Armouries/DND shelter proposal (lost), 24-hour women's drop-in overcrowding review, homeless count of inter-municipal movement — found via Task S TMMIS sweep, 'drop-in' search term",no,,CL-742,1,2026-07-02-task-s-sweep,unknown,,,,,
RES-0600,https://secure.toronto.ca/council/agenda-item.do?item=2019.EC6.10,"City of Toronto primary govt (reviewed, logged)","2019-20 shelter funding allocations, Toronto Hostels Training Centre agreement, 1000 new beds authorization — found via Task S TMMIS sweep, 'drop-in' search term",no,,CL-741,1,2026-07-02-task-s-sweep,unknown,,,,,
RES-0603,https://secure.toronto.ca/council/agenda-item.do?item=2022.EX30.2,"City of Toronto primary govt (reviewed, logged)","2022 TSSS operating budget $1,252.569M gross detail, menstrual/incontinence products funding, capital budget breakdown — found via Task S TMMIS sweep, 'drop-in' search term",no,,,0,2026-07-02-task-s-sweep,unknown,,,,,
RES-0604,https://secure.toronto.ca/council/report.do?meeting=2008.CC21&type=decisions,Backfilled (auto),"City of Toronto Council direct primary source, 2008.CC21 decisions",no,,CL-732,1,backfill-2026-07,unknown,,,,,
RES-0605,https://secure.toronto.ca/council/agenda-item.do?item=2020.EC16.1,"City of Toronto primary govt (reviewed, logged)","2020 encampment/outreach strategy, shelter-to-supportive-housing conversion portfolio review directive — found via Task S TMMIS sweep, 'Streets to Homes' search term",no,,,0,2026-07-02-task-s-sweep,unknown,,,,,
RES-0606,https://secure.toronto.ca/council/agenda-item.do?item=2023.HL1.6,Backfilled (auto),"City of Toronto Council direct primary source, item 2023.HL1.6",no,,CL-733,1,backfill-2026-07,unknown,,,,,
RES-0607,https://secure.toronto.ca/council/agenda-item.do?item=2023.CC10.2,Backfilled (auto),"City of Toronto Council direct primary source, item 2023.CC10.2",no,,CL-734,1,backfill-2026-07,unknown,,,,,
RES-0608,https://secure.toronto.ca/council/agenda-item.do?item=2023.CC5.5,"City of Toronto primary govt (reviewed, logged)","March 2023 intergovernmental advocacy report on refugee claimant shelter response, IHAP extension request — found via Task S TMMIS sweep, 'refugee shelter' search term",no,,,0,2026-07-02-task-s-sweep,unknown,,,,,
RES-0609,https://secure.toronto.ca/council/agenda-item.do?item=2023.EX9.19,"City of Toronto primary govt (reviewed, logged)","UNHCR presentation to Council on asylum claims global context, GTHA regional reception centre advocacy — found via Task S TMMIS sweep, 'refugee shelter' search term",no,,,0,2026-07-02-task-s-sweep,unknown,,,,,
RES-0610,https://secure.toronto.ca/council/agenda-item.do?item=2023.MM7.42,"City of Toronto primary govt (reviewed, logged)","Ethiopian Association of Greater Toronto shelter partnership motion for refugee claimants — found via Task S TMMIS sweep, 'refugee shelter' search term",no,,,0,2026-07-02-task-s-sweep,unknown,,,,,
RES-0611,https://secure.toronto.ca/council/agenda-item.do?item=2023.MM8.43,"City of Toronto primary govt (reviewed, logged)","Donations to City policy exception for asylum seeker support over $50,000 — found via Task S TMMIS sweep, 'refugee shelter' search term",no,,,0,2026-07-02-task-s-sweep,unknown,,,,,
RES-0612,https://johnhoward.ca/wp-content/uploads/2016/12/Amber-Kellen-Homeless-and-Jailed-Jailed-and-Homeless.pdf,Backfilled (auto),"John Howard Society of Toronto, Homeless and Jailed: Jailed and Homeless, August",yes,RES-0612,CL-735,1,backfill-2026-07,unknown,,,,,
RES-0613,https://www.torontotoday.ca/local/city-hall/toronto-micro-shelters-cant-find-land-12211618,Backfilled (auto),TorontoToday direct reporting citing City staff report and GM Gord Tanner,no,,CL-737,1,backfill-2026-07,unknown,,,,,
RES-0614,https://www.cbc.ca/news/canada/toronto/councillors-residents-transparency-new-toronto-shelters-1.7580015,Backfilled (auto),CBC News direct reporting citing a City of Toronto spokesperson,yes,RES-0614,CL-738;CL-828,2,backfill-2026-07,unknown,,,,,
RES-0615,https://www.cbc.ca/news/canada/toronto/toronto-shelter-plan-falls-short-homeless-advocates-1.4901743,Backfilled (auto),CBC News direct reporting on the 2018 Ombudsman report,yes,RES-0615,CL-740,1,backfill-2026-07,unknown,,,,,
RES-0616,https://www.uhn.ca/corporate/News/PressReleases/Pages/social-medicine-housing-initiative.aspx,Backfilled (auto),University Health Network direct primary source press release,yes,RES-0616,CL-743,1,backfill-2026-07,unknown,,,,,
RES-0617,https://globalnews.ca/news/9877901/toronto-area-community-groups-help-asylum-seekers/,Backfilled (auto),The Canadian Press direct reporting plus City of Toronto Council direct primary ,yes,RES-0617,CL-744,1,backfill-2026-07,unknown,,,,,
RES-0618,https://globalnews.ca/news/9920941/toronto-asylum-seekers-support/,Backfilled (auto),Global News and CBC News direct reporting,yes,RES-0618,CL-745,1,backfill-2026-07,unknown,,,,,
RES-0619,https://storeys.com/affordable-housing-strachan-house-createto/,Backfilled (auto),Storeys direct real estate industry reporting on the CreateTO redevelopment prop,yes,RES-0619,CL-746;CL-90657,2,backfill-2026-07,unknown,,,,,
RES-0620,https://www.toronto.ca/legdocs/mmis/2025/hl/bgrd/backgroundfile-255504.pdf,Backfilled (auto),TorontoToday/Trillium direct reporting plus City of Toronto Board of Health dire,yes,RES-0620,CL-747,1,backfill-2026-07,unknown,,,,,
RES-0621,https://www.cp24.com/local/toronto/2025/11/17/more-people-will-struggle-to-be-housed-in-ontario-if-bill-60-is-passed-open-letter-warns/,Backfilled (auto),CP24 and NOW Toronto direct reporting quoting the coalition letter,yes,RES-0621,CL-748,1,backfill-2026-07,unknown,,,,,
RES-0622,https://globalnews.ca/news/10978952/ontario-encampments-affordable-housing/,Backfilled (auto),Global News and CBC News direct reporting plus Social Planning Toronto direct an,yes,RES-0622,CL-750,1,backfill-2026-07,unknown,,,,,
RES-0623,https://www.auditor.on.ca/en/content/specialreports/specialreports/Greenbelt_en.pdf,Backfilled (auto),"Ontario Auditor General special report, Aug 9 2023",yes,RES-0623,CL-751;CL-752,2,backfill-2026-07,unknown,,,,,
RES-0624,https://www.thetrillium.ca/news/housing/ford-government-passes-anti-encampment-bill-with-some-liberal-support-10760272,Backfilled (auto),"The Trillium, direct reporting",yes,RES-0624,CL-753,1,backfill-2026-07,unknown,,,,,
RES-0625,https://www.thetrillium.ca/news/politics/pc-party-paid-600000-to-law-firms-that-represented-key-players-in-greenbelt-probe-8912069,Backfilled (auto),"PC Party of Ontario 2023 annual financial statement, filed to Elections Ontario",yes,RES-0625,CL-754,1,backfill-2026-07,unknown,,,,,
RES-0626,https://www.helpseeker.org/reports/municipalities-under-pressure-one-year-later,Backfilled (auto),"AMO/HelpSeeker Technologies, ""Municipalities Under Pressure One Year Later""",yes,RES-0626,CL-755,1,backfill-2026-07,unknown,,,,,
RES-0627,https://www.torontotoday.ca/local/business-economy/ywca-toronto-avoids-strike-workers-win-raises-10720592,Backfilled (auto),"TorontoToday, direct reporting on the ratification",no,,CL-760,1,backfill-2026-07,unknown,,,,,
RES-0628,https://www.toronto.ca/legdocs/mmis/2025/au/bgrd/backgroundfile-252938.pdf,Backfilled (auto),Toronto AG Warming Centres 2025 (Tara Anderson),yes,RES-0628,CL-010,1,backfill-2026-07,unknown,,,,,
RES-0629,https://www.toronto.ca/city-government/data-research-maps/research-reports/housing-and-homelessness-research-and-reports/social-housing-waiting-list-reports/,Backfilled (auto),Meta Task G citing City RENTCafé waitlist data; Sonnet Task G citing TSHC data,yes,RES-0629,CL-161;CL-767;CL-768;CL-167;CL-90659,5,backfill-2026-07,unknown,,,,,
RES-0630,https://pmc.ncbi.nlm.nih.gov/articles/PMC9566522/,Backfilled (auto),"Firestone, Zewge-Abubaker, Salmon, McKnight & Hwang (2022), International Journa",partial,RES-0630,CL-769,1,backfill-2026-07,unknown,,,,,
RES-0631,https://fao-on.org/en/report/subsidized-housing-2026/,Backfilled (auto),"Financial Accountability Office of Ontario, An Update on Subsidized Housing Prog",yes,RES-0631,CL-778;CL-90670,2,backfill-2026-07,unknown,,,,,
RES-0632,https://cbc.ca/amp/1.6414864,Backfilled (auto),"Toronto Public Health, reported via CBC News, April 2022",yes,RES-0632,CL-781,1,backfill-2026-07,unknown,,,,,
RES-0633,https://www.torontotoday.ca/local/city-hall/dunn-house-second-social-housing-project-toronto-parkdale-11787505,Backfilled (auto),"University Health Network, reported by TorontoToday",no,,CL-787,1,backfill-2026-07,unknown,,,,,
RES-0634,https://www.cbc.ca/news/canada/toronto/council-shelter-debate-1.4435461,Backfilled (auto),"City of Toronto Council, December 2017 minutes; CBC News; Torontoist",yes,RES-0634,CL-788,1,backfill-2026-07,unknown,,,,,
RES-0635,http://www.msdsb.net/images/ADMIN/correspondence/2015/ONT_End_Chronic_Homelessness_in_10_years_Oct28_2015.pdf,Other (www.msdsb.net),,yes,RES-0635,CL-90044;CL-90045;CL-90046;CL-90047;CL-90048;CL-90049;CL-90050;CL-90051;CL-90052;CL-90053;CL-90054;CL-90055;CL-90056;CL-90057;CL-90058;CL-90059;CL-90060,17,t0003-flagship-wave1,unknown,,,,,
RES-0636,https://annualreport.dixonhall.org/,Other (annualreport.dixonhall.org),,yes,RES-0636,CL-90061;CL-90062;CL-90063;CL-90064;CL-90065;CL-90066,6,t0003-flagship-wave1,unknown,,,,,
RES-0637,https://apps.cra-arc.gc.ca/ebci/hacc/srch/pub/dsplyBscSrch,Government of Canada,,partial,RES-0637,,,t0003-flagship-wave1,unknown,,,,,
RES-0638,https://bfzcanada.ca/,Government of Canada,,yes,RES-0638,CL-90067;CL-90068;CL-90069;CL-90070,4,t0003-flagship-wave1,unknown,,,,,
RES-0639,https://bfzcanada.ca/bright-spot-canadas-first-functional-zero-chronic-homelessness-proof-point/,Government of Canada,,yes,RES-0639,CL-90071;CL-90072;CL-90073;CL-90074;CL-90075;CL-90076;CL-90077;CL-90078,8,t0003-flagship-wave1,unknown,,,,,
RES-0640,https://ccla.org/press-release/ccla-condemns-ontarios-expansion-of-arrest-powers-to-transit-special-constables/,Other (ccla.org),,yes,RES-0640,CL-90079;CL-90080;CL-90081;CL-90082;CL-90083,5,t0003-flagship-wave1,unknown,,,,,
RES-0641,https://centreforpublicimpact.org/public-impact-fundamentals/eradicating-homelessness-in-finland-the-housing-first-programme/,Other (centreforpublicimpact.org),,yes,RES-0641,CL-90084;CL-90085;CL-90086;CL-90087;CL-90088;CL-90089;CL-90090;CL-90091;CL-90092,9,t0003-flagship-wave1,unknown,,,,,
RES-0642,https://cupe.on.ca/looming-strike-points-to-deep-seated-problems-at-ywca-toronto/,Other (cupe.on.ca),,yes,RES-0642,CL-90093;CL-90094;CL-90095;CL-90096,4,t0003-flagship-wave1,unknown,,,,,
RES-0643,https://davisvanguard.org/2025/09/houston-model-homelessness-federal-support/,Other (davisvanguard.org),,yes,RES-0643,CL-90097;CL-90098;CL-90099;CL-90100;CL-90101;CL-90102,6,t0003-flagship-wave1,unknown,,,,,
RES-0644,https://dixonhall.keyasital.com/wp-content/uploads/2022/11/Financial-Statements-Dixon-Hall-2022-signed.pdf,Other (dixonhall.keyasital.com),,yes,RES-0644,CL-90103;CL-90104;CL-90105;CL-90106;CL-90107;CL-90108;CL-90109,7,t0003-flagship-wave1,unknown,,,,,
RES-0645,https://dixonhall.org/annual-reports/,Other (dixonhall.org),,yes,RES-0645,,,t0003-flagship-wave1,unknown,,,,,
RES-0646,https://dixonhall.org/blog-post/parliament-street-rooming-house/,Other (dixonhall.org),,yes,RES-0646,CL-90110;CL-90111;CL-90112,3,t0003-flagship-wave1,unknown,,,,,
RES-0647,https://dixonhall.org/wp-content/uploads/2021/09/Financial-Statements-Dixon-Hall-2021-Final-signed.pdf,Other (dixonhall.org),,yes,RES-0647,CL-90113;CL-90114;CL-90115;CL-90116;CL-90117;CL-90118,6,t0003-flagship-wave1,unknown,,,,,
RES-0648,https://en.wikipedia.org/wiki/Greenbelt_scandal,Other (en.wikipedia.org),,yes,RES-0648,CL-90119;CL-90120;CL-90121;CL-90122;CL-90123;CL-90124,6,t0003-flagship-wave1,unknown,,,,,
RES-0649,https://homesfirst.on.ca/about-us/,Other (homesfirst.on.ca),,yes,RES-0649,CL-90125;CL-90126;CL-90127;CL-90128,4,t0003-flagship-wave1,unknown,,,,,
RES-0650,https://homesfirst.on.ca/governance/,Other (homesfirst.on.ca),,yes,RES-0650,,,t0003-flagship-wave1,unknown,,,,,
RES-0651,https://housingfirsteurope.eu/country/finland/,Other (housingfirsteurope.eu),,yes,RES-0651,CL-90129;CL-90130,2,t0003-flagship-wave1,unknown,,,,,
RES-0652,https://housingrightscanada.com/what-you-need-to-know-about-ontarios-new-housing-policy-bill-23/,Other (housingrightscanada.com),,yes,RES-0652,CL-90131;CL-90132;CL-90133;CL-90134;CL-90135,5,t0003-flagship-wave1,unknown,,,,,
RES-0653,https://maphealth.ca/at-home-chez-soi/,Other (maphealth.ca),,yes,RES-0653,CL-90136;CL-90137;CL-90138;CL-90139;CL-90140,5,t0003-flagship-wave1,unknown,,,,,
RES-0654,https://mhchs.ca/medicine-hat-reaches-functional-zero-ends-chronic-homelessness/,Other (mhchs.ca),,yes,RES-0654,CL-90141;CL-90142;CL-90143;CL-90144;CL-90145;CL-90146,6,t0003-flagship-wave1,unknown,,,,,
RES-0655,https://nashp.org/data-sharing-resources-for-health-and-housing-partnerships/,Other (nashp.org),,yes,RES-0655,CL-90147;CL-90148,2,t0003-flagship-wave1,unknown,,,,,
RES-0656,https://nextcity.org/urbanist-news/medicine-hat-alberta-canada-city-chronic-homelessness,Other (nextcity.org),,yes,RES-0656,CL-90149;CL-90150;CL-90151;CL-90152;CL-90153;CL-90154;CL-90155;CL-90156;CL-90157;CL-90158;CL-90159,11,t0003-flagship-wave1,unknown,,,,,
RES-0657,https://ontariocampaign2000.ca/2024-ontario-budget-response/,Other (ontariocampaign2000.ca),,yes,RES-0657,CL-90160;CL-90161;CL-90162;CL-90163;CL-90164;CL-90165;CL-90166;CL-90167;CL-90168;CL-90169;CL-90170,11,t0003-flagship-wave1,unknown,,,,,
RES-0658,https://pressprogress.ca/toronto-low-income-housing-programs-brace-for-cuts/,News media,,yes,RES-0658,CL-90171;CL-90172;CL-90173;CL-90174;CL-90175;CL-90176;CL-90177;CL-90178;CL-90179,9,t0003-flagship-wave1,unknown,,,,,
RES-0659,https://pub-ottawa.escribemeetings.com/filestream.ashx?DocumentId=132402,Other (pub-ottawa.escribemeetings.com),,yes,RES-0659,CL-90180;CL-90181;CL-90182;CL-90183;CL-90184;CL-90185;CL-90186;CL-90187;CL-90188;CL-90189;CL-90190;CL-90191;CL-90192;CL-90193;CL-90194;CL-90195;CL-90196,17,t0003-flagship-wave1,unknown,,,,,
RES-0660,https://regentparkchc.org/program/hart-hub/,Other (regentparkchc.org),,yes,RES-0660,CL-90197;CL-90198;CL-90199,3,t0003-flagship-wave1,unknown,,,,,
RES-0661,https://seiuhealthcare.ca/gta-community-resources-in-jeopardy-as-service-workers-vote-in-favour-of-strike/,Other (seiuhealthcare.ca),,yes,RES-0661,CL-90200;CL-90201;CL-90202;CL-90203;CL-90204,5,t0003-flagship-wave1,unknown,,,,,
RES-0662,https://sicotte.ca/news/changes-within-the-landlord-and-tenant-board,Other (sicotte.ca),,yes,RES-0662,CL-90205;CL-90206;CL-90207;CL-90208;CL-90209;CL-90210;CL-90211;CL-90212,8,t0003-flagship-wave1,unknown,,,,,
RES-0663,https://storeys.com/landlord-tenant-board-backlog-improved/,Other (storeys.com),,yes,RES-0663,CL-90213;CL-90214;CL-90215;CL-90216;CL-90217;CL-90218;CL-90219,7,t0003-flagship-wave1,unknown,,,,,
RES-0664,https://thenarwhal.ca/ontario-integrity-commissioner-greenbelt-report/,News media,,yes,RES-0664,CL-90220;CL-90221;CL-90222;CL-90223;CL-90224;CL-90225;CL-90226,7,t0003-flagship-wave1,unknown,,,,,
RES-0665,https://thepointer.com/article/2025-10-05/after-secretly-working-to-destroy-it-ford-government-silent-on-long-overdue-review-of-ontario-s-greenbelt,News media,,yes,RES-0665,CL-90227;CL-90228;CL-90229;CL-90230;CL-90231;CL-90232,6,t0003-flagship-wave1,unknown,,,,,
RES-0666,https://toronto.ctvnews.ca/physical-assaults-on-toronto-shelter-staff-up-more-than-400-per-cent-as-critical-incidents-rise-1.6867932,News media,,yes,RES-0666,,,t0003-flagship-wave1,unknown,,,,,
RES-0667,https://torontohousing.ca/prospective-tenants/affordable-rent,Other (torontohousing.ca),,yes,RES-0667,CL-90233;CL-90234;CL-90235,3,t0003-flagship-wave1,unknown,,,,,
RES-0668,https://www.acto.ca/the-cutting-red-tape-building-ontario-act-causes-more-problems-than-fixes-at-the-landlord-and-tenant-board,Other (www.acto.ca),,yes,RES-0668,CL-90236;CL-90237;CL-90238;CL-90239,4,t0003-flagship-wave1,unknown,,,,,
RES-0669,https://www.amo.on.ca/policy/municipal-liability-and-insurance-costs,Other (www.amo.on.ca),,yes,RES-0669,CL-90240;CL-90241,2,t0003-flagship-wave1,unknown,,,,,
RES-0670,https://www.camh.ca/en/camh-news-and-stories/shelter-safety-study,Other (www.camh.ca),,yes,RES-0670,CL-90242;CL-90243;CL-90244,3,t0003-flagship-wave1,unknown,,,,,
RES-0671,https://www.catie.ca/prevention-in-focus/methamphetamine-an-overview-of-trends-in-canada-its-role-in-the-drug-poisoning,Other (www.catie.ca),,yes,RES-0671,CL-90245;CL-90246;CL-90247;CL-90248;CL-90249,5,t0003-flagship-wave1,unknown,,,,,
RES-0672,https://www.cbc.ca/amp/1.7037154,News media,,yes,RES-0672,CL-90250;CL-90251;CL-90252;CL-90253,4,t0003-flagship-wave1,unknown,,,,,
RES-0673,https://www.cbc.ca/news/canada/toronto/2024-budget-odsp-ow-1.7163436,News media,,yes,RES-0673,CL-90254;CL-90255;CL-90256;CL-90257;CL-90258;CL-90259,6,t0003-flagship-wave1,unknown,,,,,
RES-0674,https://www.cbc.ca/news/canada/toronto/city-shelter-violence-action-plan-1.7387692,News media,,yes,RES-0674,CL-90260;CL-90261;CL-90262;CL-90263;CL-90264;CL-90265,6,t0003-flagship-wave1,unknown,,,,,
RES-0675,https://www.cbc.ca/news/canada/toronto/community-groups-ombudsman-report-refugee-shelter-access-1.7417139,News media,,yes,RES-0675,CL-90266;CL-90267;CL-90268;CL-90269;CL-90270,5,t0003-flagship-wave1,unknown,,,,,
RES-0676,https://www.cbc.ca/news/canada/toronto/ford-homeless-encampments-drug-use-housing-ontario-1.7408376,News media,,yes,RES-0676,CL-90271;CL-90272;CL-90273;CL-90274;CL-90275;CL-90276;CL-90277,7,t0003-flagship-wave1,unknown,,,,,
RES-0677,https://www.cbc.ca/news/canada/toronto/odsp-ford-increase-1.6481500,News media,,yes,RES-0677,CL-90278;CL-90279;CL-90280;CL-90281;CL-90282;CL-90283;CL-90284;CL-90285,8,t0003-flagship-wave1,unknown,,,,,
RES-0678,https://www.cbc.ca/news/canada/toronto/ontario-bill-60-housing-9.6990632,News media,,yes,RES-0678,CL-90286;CL-90287;CL-90288,3,t0003-flagship-wave1,unknown,,,,,
RES-0679,https://www.cbc.ca/news/canada/toronto/ontario-encampment-law-1.7555659,News media,,yes,RES-0679,CL-90289;CL-90290;CL-90291;CL-90292;CL-90293;CL-90294;CL-90295,7,t0003-flagship-wave1,unknown,,,,,
RES-0680,https://www.cbc.ca/news/canada/toronto/shelter-safety-study-city-of-toronto-1.7188712,News media,,yes,RES-0680,CL-90296;CL-90297;CL-90298;CL-90299;CL-90300;CL-90301;CL-90302;CL-90303;CL-90304;CL-90305,10,t0003-flagship-wave1,unknown,,,,,
RES-0681,https://www.cbc.ca/news/canada/toronto/street-needs-assessment-homeless-population-toronto-1.7580073,News media,,yes,RES-0681,CL-90306;CL-90307;CL-90308;CL-90309;CL-90310;CL-90311;CL-90312;CL-90313;CL-90314;CL-90315;CL-90316,11,t0003-flagship-wave1,unknown,,,,,
RES-0682,https://www.cbc.ca/news/canada/toronto/toronto-ontario-deal-breakdown-1.7042324,News media,,yes,RES-0682,CL-90317;CL-90318;CL-90319;CL-90320;CL-90321;CL-90322;CL-90323;CL-90324,8,t0003-flagship-wave1,unknown,,,,,
RES-0683,https://www.chrismoise.ca/2024_street_needs_assessment,Other (www.chrismoise.ca),,yes,RES-0683,CL-90325;CL-90326;CL-90327,3,t0003-flagship-wave1,unknown,,,,,
RES-0684,https://www.cmhc-schl.gc.ca/media-newsroom/news-releases/2024/280-new-affordable-homes-coming-toronto,Government of Canada,,yes,RES-0684,CL-90328;CL-90329;CL-90330;CL-90331;CL-90332;CL-90333;CL-90334,7,t0003-flagship-wave1,unknown,,,,,
RES-0685,https://www.conccommunity.org/,Other (www.conccommunity.org),,yes,RES-0685,CL-90335;CL-90336;CL-90337,3,t0003-flagship-wave1,unknown,,,,,
RES-0686,https://www.georgina.ca/living-here/planning-and-development/impact-bill-23,Other (www.georgina.ca),,yes,RES-0686,CL-90338;CL-90339;CL-90340;CL-90341;CL-90342;CL-90343,6,t0003-flagship-wave1,unknown,,,,,
RES-0687,https://www.goodgoodgood.co/articles/finland-homeless-housing-first-approach,Other (www.goodgoodgood.co),,yes,RES-0687,CL-90344;CL-90345;CL-90346,3,t0003-flagship-wave1,unknown,,,,,
RES-0688,https://www.huduser.gov/portal/periodicals/cityscpe/vol22num2/ch4.pdf,Other (huduser.gov),"[T-0069 Phase 2 pilot / #142] HUD Cityscape journal article, ""How Finland Ended Homelessness"" -- the exact source named in-text (\HUD Cityscape\"") but unlinked in RES-30046 FLAGSHIP_homelessness_housing_first.md for the Finland long-term-homelessness-decline-since-2008 claim.""",yes,RES-0688,CL-90347;CL-90348;CL-90349;CL-90350;CL-90351;CL-90352,6,t0003-flagship-wave1,full,,,,,
RES-0689,https://www.municipalworld.com/feature-story/social-housing-waitlists-growing/,Other (www.municipalworld.com),,yes,RES-0689,CL-90353;CL-90354;CL-90355;CL-90356;CL-90357;CL-90358;CL-90359;CL-90360;CL-90361;CL-90362;CL-90363;CL-90364;CL-90365;CL-90366;CL-90367,15,t0003-flagship-wave1,unknown,,,,,
RES-0690,https://www.ncbi.nlm.nih.gov/pmc/articles/PMC6799775/,Academic/peer-reviewed,,yes,RES-0690,CL-90368,1,t0003-flagship-wave1,unknown,,,,,
RES-0691,https://www.ola.org/en/legislative-business/bills/parliament-44/session-1/bill-60,Government of Ontario,,yes,RES-0691,CL-90369;CL-90370;CL-90371;CL-90372;CL-90373,5,t0003-flagship-wave1,unknown,,,,,
RES-0692,https://www.ontario.ca/document/ontario-disability-support-program-policy-directives-income-support/26-incarceration,Government of Ontario,,yes,RES-0692,CL-90374;CL-90375;CL-90376;CL-90377;CL-90378,5,t0003-flagship-wave1,unknown,,,,,
RES-0693,https://www.policyalternatives.ca/news-research/why-are-ontario-social-and-community-service-workers-striking/,Other (www.policyalternatives.ca),,yes,RES-0693,CL-90379;CL-90380;CL-90381;CL-90382;CL-90383;CL-90384;CL-90385;CL-90386,8,t0003-flagship-wave1,unknown,,,,,
RES-0694,https://www.sdg16.plus/policies/housing-first-policy-finland/,Other (www.sdg16.plus),,yes,RES-0694,CL-90387;CL-90388;CL-90389;CL-90390;CL-90391;CL-90392;CL-90393;CL-90394;CL-90395,9,t0003-flagship-wave1,unknown,,,,,
RES-0695,https://www.smartcitiesdive.com/news/houston-data-housing-first-homeless-strategy-homelessness/640496/,Other (www.smartcitiesdive.com),,yes,RES-0695,CL-90396;CL-90397;CL-90398;CL-90399,4,t0003-flagship-wave1,unknown,,,,,
RES-0696,https://www.smartcitiesdive.com/news/how-houstons-homeless-strategy-became-a-model-for-other-us-cities/637515/,Other (www.smartcitiesdive.com),,yes,RES-0696,CL-90400;CL-90401;CL-90402;CL-90403;CL-90404;CL-90405;CL-90406;CL-90407,8,t0003-flagship-wave1,unknown,,,,,
RES-0697,https://www.socialplanningtoronto.org/2025_ontario_budget,Other (www.socialplanningtoronto.org),,yes,RES-0697,CL-90408;CL-90409;CL-90410;CL-90411;CL-90412;CL-90413;CL-90414;CL-90415;CL-90416;CL-90417;CL-90418;CL-90419;CL-90420;CL-90421,14,t0003-flagship-wave1,unknown,,,,,
RES-0698,https://www.socialplanningtoronto.org/ontario_pre_budget_submission_2024,Other (www.socialplanningtoronto.org),,yes,RES-0698,CL-90422;CL-90423,2,t0003-flagship-wave1,unknown,,,,,
RES-0699,https://www.theglobeandmail.com/canada/article-dufferin-grove-homeless-encampment-toronto-tents/,News media,,yes,RES-0699,CL-90424;CL-90425;CL-90426;CL-90427;CL-90428;CL-90429;CL-90430;CL-90431,8,t0003-flagship-wave1,unknown,,,,,
RES-0700,https://www.theglobeandmail.com/canada/article-greenbelt-land-development-housing-controversy/,News media,,yes,RES-0700,CL-90432;CL-90433;CL-90434;CL-90435;CL-90436;CL-90437;CL-90438;CL-90439,8,t0003-flagship-wave1,unknown,,,,,
RES-0701,https://www.thegrindmag.ca/torontos-winter-services-plan-still-leaves-unhoused-people-at-risk-advocates-say/,Other (www.thegrindmag.ca),,yes,RES-0701,CL-90440;CL-90441;CL-90442;CL-90443;CL-90444;CL-90445,6,t0003-flagship-wave1,unknown,,,,,
RES-0702,https://www.toronto.ca/city-government/data-research-maps/toronto-housing-data-hub/housing-data/,City of Toronto,,yes,RES-0702,CL-90446;CL-90447;CL-90448;CL-90449;CL-90450;CL-90451,6,t0003-flagship-wave1,unknown,,,,,
RES-0703,https://www.toronto.ca/community-people/housing-shelter/homeless-help/about-torontos-shelter-system/developing-shelter-sites/545-lakeshore-boulevard-west/,City of Toronto,,yes,RES-0703,CL-90452;CL-90453;CL-90454;CL-90455,4,t0003-flagship-wave1,unknown,,,,,
RES-0704,https://www.toronto.ca/legdocs/1999/agendas/council/cc/cc991123/pof10rpt/cl018.pdf,City of Toronto,,yes,RES-0704,CL-90456;CL-90457;CL-90458;CL-90459,4,t0003-flagship-wave1,unknown,,,,,
RES-0705,https://www.toronto.ca/legdocs/mmis/2009/cd/bgrd/backgroundfile-24920.pdf,City of Toronto,,yes,RES-0705,CL-90460;CL-90461;CL-90462;CL-90463;CL-90464;CL-90465;CL-90466;CL-90467;CL-90468;CL-90469,10,t0003-flagship-wave1,unknown,,,,,
RES-0706,https://www.toronto.ca/legdocs/mmis/2025/au/bgrd/backgroundfile-252939.pdf,City of Toronto,,yes,RES-0706,CL-90470;CL-90471;CL-90472;CL-90473;CL-90474;CL-90475;CL-90476;CL-90477;CL-90478;CL-90479,10,t0003-flagship-wave1,unknown,,,,,
RES-0707,https://www.toronto.ca/legdocs/mmis/2025/cc/bgrd/backgroundfile-253941.pdf,City of Toronto,,yes,RES-0707,CL-90480;CL-90481;CL-90482;CL-90483;CL-90484;CL-90485;CL-90486;CL-90487,8,t0003-flagship-wave1,unknown,,,,,
RES-0708,https://www.toronto.ca/legdocs/mmis/2025/ex/bgrd/backgroundfile-258825.pdf,City of Toronto,,yes,RES-0708,CL-90488;CL-90489;CL-90490;CL-90491;CL-90492,5,t0003-flagship-wave1,unknown,,,,,
RES-0709,https://www.toronto.ca/wp-content/uploads/2023/01/8d0c-2022-213545-Lake-Shore-Blvd-W.pdf,City of Toronto,,yes,RES-0709,CL-90493;CL-90494;CL-90495;CL-90496,4,t0003-flagship-wave1,unknown,,,,,
RES-0710,https://www.toronto.ca/wp-content/uploads/2023/04/8d7d-2023-Public-Book-SSHA-V1.pdf,City of Toronto,,yes,RES-0710,CL-90497;CL-90498;CL-90499;CL-90500;CL-90501;CL-90502;CL-90503;CL-90504;CL-90505;CL-90506;CL-90507;CL-90508,12,t0003-flagship-wave1,unknown,,,,,
RES-0711,https://www.toronto.ca/wp-content/uploads/2024/04/96b5-Shelter-Safety-Study-AODA-Final-Report-April-2024.pdf,City of Toronto,,yes,RES-0711,CL-90509;CL-90510;CL-90511;CL-90512;CL-90513;CL-90514;CL-90515;CL-90516;CL-90517;CL-90518,10,t0003-flagship-wave1,unknown,,,,,
RES-0712,https://www.unhomed.info/world/us/texas/houston/articles/houston-homelessness-by-the-numbers/,Other (www.unhomed.info),,yes,RES-0712,CL-90519;CL-90520;CL-90521;CL-90522;CL-90523;CL-90524,6,t0003-flagship-wave1,unknown,,,,,
RES-0713,https://www.wsws.org/en/articles/2025/08/12/bjzb-a12.html,Other (www.wsws.org),,yes,RES-0713,CL-90525;CL-90526;CL-90527;CL-90528;CL-90529;CL-90530,6,t0003-flagship-wave1,unknown,,,,,
RES-0714,http://www.toronto.ca/legdocs/mmis/2019/au/bgrd/backgroundfile-135339.pdf,Toronto Auditor General,"Opening Doors to Stable Housing (AU3.14) -- full report PDF, June 2019",yes,RES-0714,CL-795;CL-796,2,t0003-flagship-wave1,unknown,,,,,
RES-0715,https://secure.toronto.ca/council/agenda-item.do?item=2023.PH8.11,City of Toronto,,yes,RES-0715,CL-90531;CL-90532;CL-90533;CL-90534;CL-90535;CL-90536;CL-90537;CL-90538,8,t0003-flagship-wave1,unknown,,,,,
RES-0716,https://secure.toronto.ca/council/agenda-item.do?item=2025.EC24.10,City of Toronto,,yes,RES-0716,CL-90539;CL-90540;CL-90541;CL-90542;CL-90543,5,t0003-flagship-wave1,unknown,,,,,
RES-0717,https://www.canada.ca/en/immigration-refugees-citizenship/corporate/mandate/policies-operational-instructions-agreements/public-policies/work-permit-ineligible-claim.html,Government of Canada,,yes,RES-0717,CL-90544;CL-90545;CL-90546,3,t0003-flagship-wave1,unknown,,,,,
RES-0718,https://www.eesc.europa.eu/en/news-media/eesc-info/eesc-info-december-2025/articles/133449,Other (www.eesc.europa.eu),,yes,RES-0718,CL-90547;CL-90548;CL-90549,3,t0003-flagship-wave1,unknown,,,,,
RES-0719,https://www.haltonhillstoday.ca/local-news/pc-party-paid-600000-to-law-firms-that-represented-key-players-in-greenbelt-probe-8939014,Other (www.haltonhillstoday.ca),,yes,RES-0719,CL-90550;CL-90551,2,t0003-flagship-wave1,unknown,,,,,
RES-0720,https://www.homelesshub.ca/sites/default/files/attachments/YPRfullreport_0.pdf,Other (www.homelesshub.ca),,yes,RES-0720,CL-90552;CL-90553;CL-90554;CL-90555;CL-90556;CL-90557;CL-90558;CL-90559;CL-90560;CL-90561;CL-90562;CL-90563,12,t0003-flagship-wave1,unknown,,,,,
RES-0721,https://www.ohchr.org/en/press-releases/2023/09/canada-anchor-fight-against-contemporary-forms-slavery-human-rights-un,Other (www.ohchr.org),,yes,RES-0721,CL-90564;CL-90565,2,t0003-flagship-wave1,unknown,,,,,
RES-0722,https://affordablehousingaction.org/homelessness-cure-medicine-hats-been-there-done-that-achieving/,Other (affordablehousingaction.org),,partial,RES-0722,,,t0003-manual-queue-2026-07-07,unknown,,,,,
RES-0723,https://dixonhall.org/parliament-street-rooming-house-project/,Other (dixonhall.org),,yes,RES-0723,CL-90637,1,t0003-manual-queue-2026-07-07,unknown,,,,,
RES-0724,https://doi.org/10.1001/jama.2015.1163,Academic/peer-reviewed,,no,,,,t0003-manual-queue-2026-07-07,unknown,,,,,
RES-0725,https://doi.org/10.1176/appi.ps.202000029,Academic/peer-reviewed,,no,,,,t0003-manual-queue-2026-07-07,unknown,,,,,
RES-0726,https://doi.org/10.1177/10780874251314838,Academic/peer-reviewed,,no,,CL-043,1,t0003-manual-queue-2026-07-07,unknown,,,,,
RES-0727,https://pubmed.ncbi.nlm.nih.gov/38844692/,Academic/peer-reviewed,,no,,,,t0003-manual-queue-2026-07-07,unknown,,,,,
RES-0728,https://secure.toronto.ca/council/agenda-item.do?item=2024.GG10.3,City of Toronto,,no,,,,t0003-manual-queue-2026-07-07,unknown,,,,,
RES-0729,https://secure.toronto.ca/council/agenda-item.do?item=2025.EX28.21,City of Toronto,,no,,,,t0003-manual-queue-2026-07-07,unknown,,,,,
RES-0730,https://secure.toronto.ca/council/report.do?meeting=2024.BU6&type=decisions,City of Toronto,,no,,,,t0003-manual-queue-2026-07-07,unknown,,,,,
RES-0731,https://secure.toronto.ca/council/report.do?meeting=2025.BU9,City of Toronto,,no,,,,t0003-manual-queue-2026-07-07,unknown,,,,,
RES-0732,https://www.acto.ca/production/wp-content/uploads/2025/12/ISAC%E2%80%93ACTO-Joint-Recommendations.pdf,Other (www.acto.ca),,no,,,,t0003-manual-queue-2026-07-07,unknown,,,,,
RES-0733,https://www.acto.ca/production/wp-content/uploads/2025/12/ISAC-ACTO-Joint-Recommendations.pdf,Other (www.acto.ca),,no,,,,t0003-manual-queue-2026-07-07,unknown,,,,,
RES-0734,https://www.barrietoday.com/local-news/fords-former-assistant-broke-law-lobbying-for-greenbelt-removals-integrity-commissioner-10452162,Other (www.barrietoday.com),,yes,RES-0734,,,t0003-manual-queue-2026-07-07,unknown,,,,,
RES-0735,https://www.cambridgetoday.ca/local-news/legislation-to-clear-encampments-died-with-election-call-but-funding-remains-10150871,Other (www.cambridgetoday.ca),,yes,RES-0735,CL-90638;CL-90639,2,t0003-manual-queue-2026-07-07,unknown,,,,,
RES-0736,https://www.canada.ca/en/immigration-refugees-citizenship/news/notices/2026-provincial-territorial-allocations-under-international-student-cap.html,Government of Canada,,yes,RES-0736,,,t0003-manual-queue-2026-07-07,unknown,,,,,
RES-0737,https://www.midlandtoday.ca/local-news/province-says-its-data-was-botched-so-how-many-people-are-homeless-in-ontario-9438878,Other (www.midlandtoday.ca),,yes,RES-0737,CL-90640;CL-90641;CL-90642,3,t0003-manual-queue-2026-07-07,unknown,,,,,
RES-0738,https://www.thetrillium.ca/municipalities-newsletter/anti-encampment-bill-promises-to-give-ontarians-back-their-parks-9979147,News media,,no,,,,t0003-manual-queue-2026-07-07,unknown,,,,,
RES-0739,https://www.thetrillium.ca/news/municipalities-transit-and-infrastructure/new-provincial-cuts-compound-torontos-shelter-system-crisis-warns-chow-11283376,News media,,no,,,,t0003-manual-queue-2026-07-07,unknown,,,,,
RES-0740,https://www.torontotoday.ca/local/real-estate-housing/new-supportive-housing-downtown-east-dixon-hall-9795962,Other (www.torontotoday.ca),,yes,RES-0740,CL-90643,1,t0003-manual-queue-2026-07-07,unknown,,,,,
RES-0741,https://www.weforum.org/stories/2018/02/how-finland-solved-homelessness/,Other (www.weforum.org),,yes,RES-0741,CL-90644,1,t0003-manual-queue-2026-07-07,unknown,,,,,
RES-742,https://www.toronto.ca/news/toronto-public-health-releases-2022-data-for-deaths-of-people-experiencing-homelessness/,"City of Toronto (primary govt, auto)",Toronto Public Health; cited in AG 2025,yes,RES-742,CL-015,1,t0030-registry-backfill-2026-07-07,unknown,,,,,
RES-743,https://www.canada.ca/en/housing-infrastructure-communities/news/2025/03/government-of-canada-and-city-of-toronto-collaborate-to-build-more-homes-in-toronto.html,"Government of Canada (primary govt, auto)","Government of Canada, Reaching Home / Toronto collaboration release, March 2025",no,,CL-032,1,t0030-registry-backfill-2026-07-07,unknown,,,,,
RES-744,https://www.newswire.ca/news-releases/new-report-issues-urgent-call-for-youth-specific-solutions-to-address-toronto-s-homelessness-crisis-861643897.html,Other (www.newswire.ca),"Covenant House Toronto, youth homelessness summit report, Dec 15 2025",yes,RES-744,CL-049,1,t0030-registry-backfill-2026-07-07,unknown,,,,,
RES-745,https://www.cmhc-schl.gc.ca/observer/2024/support-survivors-gender-based-violence-pei,"Government of Canada (primary govt, auto)","CMHC, Canada Housing Benefit for GBV survivors",yes,RES-745,CL-053,1,t0030-registry-backfill-2026-07-07,unknown,,,,,
RES-746,https://fao-on.org/en/report/estimates-2025-health/,Other (fao-on.org),"Financial Accountability Office of Ontario (FAO), 2025 health review; OHC/OCHU (CIHI-derived)",yes,RES-746,CL-059,1,t0030-registry-backfill-2026-07-07,unknown,,,,,
RES-747,https://www.cbc.ca/news/canada/toronto/ont-housing-1.6655998,Other (www.cbc.ca),"AMO (Association of Municipalities of Ontario), Nov 2022",yes,RES-747,CL-064,1,t0030-registry-backfill-2026-07-07,unknown,,,,,
RES-748,https://www.amo.on.ca/policy/land-use-planning-resources-and-climate-change/province-responds-amo-calls-municipal-funding,Other (www.amo.on.ca),"AMO (Association of Municipalities of Ontario), Nov 2022",yes,RES-748,CL-064,1,t0030-registry-backfill-2026-07-07,unknown,,,,,
RES-749,https://www.cmhc-schl.gc.ca/media-newsroom/news-releases/2018/ontario-signs-bilateral-agreement-under-the-national-housing-strategy,"Government of Canada (primary govt, auto)","CMHC, Ontario NHS bilateral agreement (2018) + Canada-Ontario Housing Benefit (2019)",yes,RES-749,CL-066,1,t0030-registry-backfill-2026-07-07,unknown,,,,,
RES-750,https://www.cmhc-schl.gc.ca/Media-Newsroom/News-Releases/2019/governments-canada-and-ontario-sign-canadas-first-housing-benefit,"Government of Canada (primary govt, auto)","CMHC, Ontario NHS bilateral agreement (2018) + Canada-Ontario Housing Benefit (2019)",yes,RES-750,CL-066,1,t0030-registry-backfill-2026-07-07,unknown,,,,,
RES-751,https://www.cp24.com/politics/toronto-city-hall/2026/01/16/,Other (www.cp24.com),CMHC HAF agreement; cp24.com; CBC News,no,,CL-070,1,t0030-registry-backfill-2026-07-07,unknown,,,,,
RES-752,https://www.cbc.ca/news/canada/toronto/9.7054038,Other (www.cbc.ca),CMHC HAF agreement; cp24.com; CBC News,no,,CL-070,1,t0030-registry-backfill-2026-07-07,unknown,,,,,
RES-753,https://www.governing.com/housing/how-houston-cut-its-homeless-population-by-nearly-two-thirds,Other (www.governing.com),Governing; Smart Cities Dive,yes,RES-753,CL-074,1,t0030-registry-backfill-2026-07-07,unknown,,,,,
RES-754,https://ysaatio.fi/en/about-us,Other (ysaatio.fi),GLM51 citing Y-Foundation own reporting; cross-verified,yes,RES-754,CL-076,1,t0030-registry-backfill-2026-07-07,unknown,,,,,
RES-755,https://www.cfthhouston.org/2024-pit-count-results,Other (www.cfthhouston.org),"Coalition for the Homeless of Houston/Harris County (CFTH), 2024 & 2025 PIT Count releases",yes,RES-755,CL-079,1,t0030-registry-backfill-2026-07-07,unknown,,,,,
RES-756,https://www.calgaryhomeless.com/the-positive-downward-trend-calgarys-plan-to-end-homelessness/,Other (www.calgaryhomeless.com),Calgary Homeless Foundation (self-report); University of Calgary independent evaluation,no,,CL-091,1,t0030-registry-backfill-2026-07-07,unknown,,,,,
RES-757,https://doaj.org/article/c84f707e03b942a9892fbb35f7dbd60c,Other (doaj.org),Calgary Homeless Foundation (self-report); University of Calgary independent evaluation,no,,CL-091,1,t0030-registry-backfill-2026-07-07,unknown,,,,,
RES-758,https://www.cbc.ca/news/canada/toronto/9.7218190,Other (www.cbc.ca),"Ministry of Health (Ontario), May-June 2026 statements via CBC News",no,,CL-138,1,t0030-registry-backfill-2026-07-07,unknown,,,,,
RES-759,https://www.cbc.ca/news/canada/toronto/9.7229235,Other (www.cbc.ca),"Ministry of Health (Ontario), May-June 2026 statements via CBC News",no,,CL-138,1,t0030-registry-backfill-2026-07-07,unknown,,,,,
RES-760,https://www.wireservice.ca/ontario-to-replace-kingston-injection-site-with-new-hart-hub-as-province-expands-addiction-recovery-network/,Other (www.wireservice.ca),Ontario government self-report; Wire Service Canada; Global News (independent counter-reporting),yes,RES-760,CL-148,1,t0030-registry-backfill-2026-07-07,unknown,,,,,
RES-761,https://globalnews.ca/news/11753971/hart-hubs-advocates-addiction-services-still-mia/,Other (globalnews.ca),Ontario government self-report; Wire Service Canada; Global News (independent counter-reporting),yes,RES-761,CL-148,1,t0030-registry-backfill-2026-07-07,unknown,,,,,
RES-762,https://www.cbc.ca/news/canada/toronto/9.7200610,Other (www.cbc.ca),CDPC/HIV Legal Network (drugpolicy.ca); CBC News,no,,CL-149,1,t0030-registry-backfill-2026-07-07,unknown,,,,,
RES-763,https://www.cbc.ca/news/canada/toronto/9.7258237,Other (www.cbc.ca),CDPC/HIV Legal Network (drugpolicy.ca); CBC News,no,,CL-149,1,t0030-registry-backfill-2026-07-07,unknown,,,,,
RES-764,https://bfzcanada.ca/getting-to-zero,"Government of Canada (primary govt, auto)",Built for Zero Canada -- getting-to-zero announcement + case study,yes,RES-764,CL-177,1,t0030-registry-backfill-2026-07-07,unknown,,,,,
RES-765,https://news.ontario.ca/en/release/1007239,"Government of Ontario (primary govt, auto)",GHRC Staffing Solutions citing Ontario ESA; Peninsula Canada citing Ontario ESA,partial,RES-765,CL-192,1,t0030-registry-backfill-2026-07-07,unknown,,,,,
RES-766,https://www.charityintelligence.ca/charity-profiles/1235-ywca-toronto,Other (www.charityintelligence.ca),Charity Intelligence Canada via CRA T3010 (CRA BN 108229865RR0001),no,,CL-199,1,t0030-registry-backfill-2026-07-07,unknown,,,,,
RES-767,https://www.legislation.gov.uk/anaw/2014/7,"UK Government (primary govt, auto)","Housing (Wales) Act 2014, Part 2",yes,RES-767,CL-233,1,t0030-registry-backfill-2026-07-07,unknown,,,,,
RES-768,https://link.springer.com/article/10.1007/s10900-023-01194-9,Other (link.springer.com),"Journal of Community Health, DOI: 10.1007/s10900-023-01194-9",yes,RES-768,CL-237,1,t0030-registry-backfill-2026-07-07,unknown,,,,,
RES-769,https://www.cbc.ca/news/canada/toronto/toronto-council-shelter-delegated-authority-debate-1.7593453,"City of Toronto (primary govt, auto)",Progress Toronto; CBC Toronto July 24 2025 -- registry url field corrected 2026-07-07: was a malformed compound of two URLs glued with ' + ' (a backfill-script artifact); the secure.toronto.ca portion already has its own canonical row (RES-0082); this row now holds only the CBC alternate.,yes,RES-769,CL-282,1,t0030-registry-backfill-2026-07-07,unknown,,,,,
RES-770,https://www.ontario.ca/laws/statute/11h06,"Government of Ontario (primary govt, auto)",Direct statutory text retrieval of the Housing Services Act 2011,yes,RES-770,CL-649,1,t0030-registry-backfill-2026-07-07,unknown,,,,,
RES-771,https://doi.org/10.1503/cmaj.1041350,Other (doi.org),"Podymow et al., CMAJ (2006), DOI: 10.1503/cmaj.1041350",yes,RES-771,CL-784,1,t0030-registry-backfill-2026-07-07,unknown,,,,,
RES-772,https://www.pm.gc.ca/en/news/news-releases/2025/09/14/prime-minister-carney-launches-build-canada-homes,"Government of Canada (primary govt, auto)","Prime Minister of Canada, news release",yes,RES-772,CL-789,1,t0030-registry-backfill-2026-07-07,unknown,,,,,
RES-773,https://www.toronto.ca/news/city-of-toronto-receives-471-million-from-the-government-of-canada-to-create-11780-new-homes-in-toronto/,"City of Toronto (primary govt, auto)",City of Toronto news release,yes,RES-773,CL-790,1,t0030-registry-backfill-2026-07-07,unknown,,,,,
RES-774,https://theaccesspoint.ca/,Other (theaccesspoint.ca),"The Access Point (Toronto Mental Health and Addictions Access Point), official website",yes,RES-774,CL-794,1,t0030-registry-backfill-2026-07-07,unknown,,,,,
RES-775,https://www.cfthhouston.org/cfth-releases-2026-point-in-time-count-results-as-part-of-new-state-of-homelessness-in-houston-report,Other (www.cfthhouston.org),"Coalition for the Homeless of Houston/Harris County (CFTH), 2025 PIT press release + 2026 State of Homelessness report press release",yes,RES-775,CL-797;CL-799,2,t0030-registry-backfill-2026-07-07,unknown,,,,,
RES-776,https://www.cfthhouston.org/houston-facts-info,Other (www.cfthhouston.org),"Coalition for the Homeless of Houston/Harris County (CFTH), 2025 PIT press release + 2026 State of Homelessness report press release",yes,RES-776,CL-797;CL-798;CL-799,3,t0030-registry-backfill-2026-07-07,unknown,,,,,
RES-777,https://www.cfthhouston.org/cfth-leads-2026-pit-count-of-people-experiencing-homelessness,Other (www.cfthhouston.org),Coalition for the Homeless of Houston/Harris County (CFTH),yes,RES-777,CL-798,1,t0030-registry-backfill-2026-07-07,unknown,,,,,
RES-778,https://www.camh.ca/-/media/news-and-stories-files/shelter-safety-study-final-report-april-2024-sm-pdf.pdf,Other (www.camh.ca),"Kerman, N., Kidd, S.A., & Stergiopoulos, V. (2024). The Shelter Safety Study: An Examination of Violence and Service Restrictions. CAMH (commissioned by City of Toronto)",yes,RES-778,CL-801;CL-802,2,t0030-registry-backfill-2026-07-07,unknown,,,,,
RES-779,https://caeh.ca/bright-spot-medicine-hat-proof-point/,Other (caeh.ca),"Canadian Alliance to End Homelessness (CAEH), ""Bright Spot: Canada's first functional zero chronic homelessness proof point"" (June 24, 2021)",yes,RES-779,CL-803;CL-804,2,t0030-registry-backfill-2026-07-07,unknown,,,,,
RES-780,https://mhchs.ca/wp-content/uploads/2024/08/Final-CHR-2023-24-Summary-Medicine-Hat-AB-1.pdf,Other (mhchs.ca),"Medicine Hat Community Housing Society, Community Homelessness Report Summary 2023-24 (Reaching Home reporting deliverable, Employment and Social Development Canada)",yes,RES-780,CL-805,1,t0030-registry-backfill-2026-07-07,unknown,,,,,
RES-781,https://www.canada.ca/en/housing-infrastructure-communities/news/2026/02/the-government-of-canada-introduces-the-build-canada-homes-act.html,"Government of Canada (primary govt, auto)","Housing, Infrastructure and Communities Canada, news release",yes,RES-781,CL-806,1,t0030-registry-backfill-2026-07-07,unknown,,,,,
RES-782,https://housing-infrastructure.canada.ca/bch-mc/faq-eng.html,"Government of Canada (primary govt, auto)","Housing, Infrastructure and Communities Canada, Build Canada Homes FAQ",yes,RES-782,CL-807,1,t0030-registry-backfill-2026-07-07,unknown,,,,,
RES-783,https://www.amo.on.ca/policy/land-use-planning-resources-and-climate-change/federal-government-launches-build-canada,Other (www.amo.on.ca),"Association of Municipalities of Ontario (AMO), policy statement",yes,RES-783,CL-808,1,t0030-registry-backfill-2026-07-07,unknown,,,,,
RES-784,https://www.canada.ca/en/housing-infrastructure-communities/news/2026/01/canada-ontario-and-toronto-work-together-with-build-canada-homes-to-invest-in-dunn-house-20-to-provide-supportive-housing-in-toronto.html,"Government of Canada (primary govt, auto)","Housing, Infrastructure and Communities Canada, news release",yes,RES-784,CL-809,1,t0030-registry-backfill-2026-07-07,unknown,,,,,
RES-785,https://www.canada.ca/en/housing-infrastructure-communities/news/2026/04/federal-government-strengthens-support-to-address-homelessness.html,"Government of Canada (primary govt, auto)","Housing, Infrastructure and Communities Canada, news release",yes,RES-785,CL-810,1,t0030-registry-backfill-2026-07-07,unknown,,,,,
RES-786,https://www.urban.org/research/publication/denver-supportive-housing-social-impact-bond-housing-stability-outcomes,Other (www.urban.org),"Urban Institute, ""Denver Supportive Housing Social Impact Bond: Housing Stability Outcomes"" (Cunningham, Gourevitch, Pergamit, Gillespie, Hanson, Nov 14 2018) and the project's final evaluation series",yes,RES-786,CL-811,1,t0030-registry-backfill-2026-07-07,unknown,,,,,
RES-787,https://ysaatio.fi/wp-content/uploads/2025/06/Y-Saatio_Annual-Report_2024.pdf,Other (ysaatio.fi),"Y-Saatio Group, Annual Report 2024 (Y-tunnus 0623680-7)",yes,RES-787,CL-812,1,t0030-registry-backfill-2026-07-07,unknown,,,,,
RES-788,https://www.toronto.ca/legdocs/mmis/2025/cc/bgrd/backgroundfile-253050.pdf,"City of Toronto (primary govt, auto)","City of Toronto, Planning and Housing Committee/Council background file (backgroundfile-253050.pdf)",yes,RES-788,CL-813,1,t0030-registry-backfill-2026-07-07,unknown,,,,,
RES-789,https://www.cmhc-schl.gc.ca/observer/2026/2026-mid-year-rental-market-update,"Government of Canada (primary govt, auto)","Canada Mortgage and Housing Corporation (CMHC), Observer 2026 mid-year rental market update",yes,RES-789,CL-814,1,t0030-registry-backfill-2026-07-07,unknown,,,,,
RES-790,https://www.urbanation.ca/news/gtha-rental-vacancy-rises-54-q1,Other (www.urbanation.ca),"Urbanation Inc., market report",yes,RES-790,CL-815,1,t0030-registry-backfill-2026-07-07,unknown,,,,,
RES-791,https://www.cp24.com/local/toronto/2026/03/12/why-are-rent-prices-in-toronto-continuing-to-drop-experts-weigh-in/,Other (www.cp24.com),"Rentals.ca/Urbanation National Rent Report, relayed via CP24 news reporting",yes,RES-791,CL-816,1,t0030-registry-backfill-2026-07-07,unknown,,,,,
RES-792,https://trreb.ca/market-data/rental-market-report/,Other (trreb.ca),"Toronto Regional Real Estate Board (TRREB), rental market report",yes,RES-792,CL-817,1,t0030-registry-backfill-2026-07-07,unknown,,,,,
RES-793,https://www.wellesleyinstitute.com/wp-content/uploads/2018/04/The-Access-Point-Waiting-List-Analysis-March-2018.pdf,Other (www.wellesleyinstitute.com),"Wellesley Institute / The Access Point, Waiting List Analysis",yes,RES-793,CL-818,1,t0030-registry-backfill-2026-07-07,unknown,,,,,
RES-794,https://www.cbc.ca/news/canada/ottawa/ontario-won-t-claw-back-federal-disability-benefit-1.7538517,Other (www.cbc.ca),"CBC News, direct reporting quoting ODSP Action Coalition, Disability Without Poverty, and Ontario's Ministry of Children, Community and Social Services",yes,RES-794,CL-819,1,t0030-registry-backfill-2026-07-07,unknown,,,,,
RES-795,https://feedontario.ca/stoptheclawbacks/,"Government of Ontario (primary govt, auto)","Feed Ontario, advocacy campaign page",yes,RES-795,CL-820,1,t0030-registry-backfill-2026-07-07,unknown,,,,,
RES-796,https://assets.publishing.service.gov.uk/government/uploads/system/uploads/attachment_data/file/831133/RSI_Impact_Evaluation.pdf,"UK Government (primary govt, auto)","Ministry of Housing, Communities and Local Government (MHCLG), Impact Evaluation of the Rough Sleeping Initiative 2018",yes,RES-796,CL-821,1,t0030-registry-backfill-2026-07-07,unknown,,,,,
RES-797,https://www.gov.uk/government/publications/systems-wide-evaluation-of-homelessness-and-rough-sleeping-preliminary-findings/systems-wide-evaluation-of-homelessness-and-rough-sleeping-preliminary-findings,"UK Government (primary govt, auto)","Ministry of Housing, Communities and Local Government (MHCLG) / Centre for Homelessness Impact",yes,RES-797,CL-822,1,t0030-registry-backfill-2026-07-07,unknown,,,,,
RES-798,https://secure.toronto.ca/council/agenda-item.do?item=2021.EC25.5,"City of Toronto (primary govt, auto)","City of Toronto Council, Item 2021.EC25.5 (Results of the 2021 Street Needs Assessment and SSHA's Homelessness Solutions Service Plan)",no,,CL-823;CL-832,2,t0030-registry-backfill-2026-07-07,unknown,,,,,
RES-799,https://secure.toronto.ca/council/agenda-item.do?item=2025.HL21.5,"City of Toronto (primary govt, auto)","City of Toronto Board of Health, Item 2025.HL21.5 (Feedback from Toronto Public Health's Health and Homelessness Working Table)",no,,CL-824;CL-833,2,t0030-registry-backfill-2026-07-07,unknown,,,,,
RES-800,https://www.cp24.com/local/toronto/2026/02/11/toronto-respite-centre-to-close-early-for-world-cup-2026-but-unhoused-individuals-wont-be-left-in-the-cold-officials/,Other (www.cp24.com),"CTV News / CP24 (Phil Tsekouras, Joanna Lavoie), Feb 11 2026, quoting City of Toronto spokesperson Elise von Scheel and Exhibition Place director Hughena Walsh",yes,RES-800,CL-825,1,t0030-registry-backfill-2026-07-07,unknown,,,,,
RES-801,https://secure.toronto.ca/council/agenda-item.do?item=2026.PH30.6,"City of Toronto (primary govt, auto)","City of Toronto, Item 2026.PH30.6 (Building Toronto's Housing Future - Housing Development Office 2026 Annual Toronto Builds Update and Three-Year Work Plan)",no,,CL-826;CL-831,2,t0030-registry-backfill-2026-07-07,unknown,,,,,
RES-802,https://secure.toronto.ca/council/agenda-item.do?item=2025.MM26.1,"City of Toronto (primary govt, auto)","City of Toronto Council, Items 2025.MM26.1 and 2025.DM31.1",no,,CL-829,1,t0030-registry-backfill-2026-07-07,unknown,,,,,
RES-803,https://secure.toronto.ca/council/agenda-item.do?item=2025.DM31.1,"City of Toronto (primary govt, auto)","City of Toronto, official Council Agenda Item History pages (recorded member-by-member vote tables)",no,,CL-830,1,t0030-registry-backfill-2026-07-07,unknown,,,,,
RES-804,http://app.toronto.ca/tmmis/viewPublishedReport.do?function=getAgendaReport&meetingId=21596,"City of Toronto (primary govt, auto)","City of Toronto, Agenda Item History 2021.EC25.5 (adoption motion and vote) and the full Executive Committee agenda for its January 26, 2022 meeting (TMMIS meetingId 21596)",no,,CL-832,1,t0030-registry-backfill-2026-07-07,unknown,,,,,
RES-805,https://canadiandimension.com/articles/view/jean-chretiens-austerity-made-canada-less-prepared-for-covid-19,Other (canadiandimension.com),Cathy Crowe cited in Canadian Dimension; Macleans 2017,yes,RES-805,CL-039,1,t0030-registry-backfill-2026-07-07,unknown,,,,,
RES-806,https://www.timescolonist.com/opinion/trevor-hancock-social-housing-crisis-stems-from-1993-federal-cuts-5591301,Other (www.timescolonist.com),Nicole Chaland cited in Times Colonist July 2022; Victoria Times Colonist,no,,CL-040,1,t0030-registry-backfill-2026-07-07,unknown,,,,,
RES-807,https://mentalhealthcommission.ca/resource/winnipeg-final-report-at-home-chez-soi-project/,Other (mentalhealthcommission.ca),MHCC Winnipeg Final Report 2014,yes,RES-807,CL-042,1,t0030-registry-backfill-2026-07-07,unknown,,,,,
RES-808,https://doi.org/10.1002/gps.4682,Other (doi.org),Meta synthesis citing Chung et al. 2018 Int J Geriatr Psychiatry,no,,CL-044,1,t0030-registry-backfill-2026-07-07,unknown,,,,,
RES-809,https://pubmed.ncbi.nlm.nih.gov/25465295/,Other (pubmed.ncbi.nlm.nih.gov),Meta synthesis citing Toronto AHCS arm data,yes,RES-809,CL-045,1,t0030-registry-backfill-2026-07-07,unknown,,,,,
RES-810,https://www.wellesleyinstitute.com/aging-while-homeless-the-growing-crisis-of-older-adults-in-torontos-shelter-system/,Other (www.wellesleyinstitute.com),Wellesley Institute Aging While Homeless 2024,yes,RES-810,CL-047,1,t0030-registry-backfill-2026-07-07,unknown,,,,,
RES-811,https://doi.org/10.1176/appi.ps.201400167,Other (doi.org),Meta synthesis; Aubry et al. 2015 Psychiatric Services,no,,CL-050,1,t0030-registry-backfill-2026-07-07,unknown,,,,,
RES-812,https://doi.org/10.1001/jamanetworkopen.2023.20213,Other (doi.org),Sullivan et al. 2023 JAMA Network Open,no,,CL-051,1,t0030-registry-backfill-2026-07-07,unknown,,,,,
RES-813,https://www.alberta.ca/housing-supports-for-survivors-of-gender-based-violence,Other (www.alberta.ca),Kimi submission citing CMHB-GBV program Alberta,yes,RES-813,CL-052,1,t0030-registry-backfill-2026-07-07,unknown,,,,,
RES-814,https://www.coa.nl/nl/cijfers-en-rapportages,Other (www.coa.nl),Meta submission citing COA Jan 2025 data,yes,RES-814,CL-054,1,t0030-registry-backfill-2026-07-07,unknown,,,,,
RES-815,https://www.ontario.ca/page/published-plans-and-annual-reports-2023-2024-ministry-municipal-affairs-and-housing,"Government of Ontario (primary govt, auto)","CMHC Housing Starts by Province; FAO ""Ontario's Housing Supply Progress"" (2025)",yes,RES-815,CL-056,1,t0030-registry-backfill-2026-07-07,unknown,,,,,
RES-816,https://www.cmhc-schl.gc.ca/media-newsroom/news-releases/2023/housing-starts-flat-august,"Government of Canada (primary govt, auto)",CMHC Housing Starts by Province; Statistics Canada building permits,yes,RES-816,CL-057,1,t0030-registry-backfill-2026-07-07,unknown,,,,,
RES-817,https://www.cmhc-schl.gc.ca/media-newsroom/news-releases/2025/housing-starts-up-2-per-cent-2024-from-2023,"Government of Canada (primary govt, auto)",CMHC Housing Starts by Province; FAO 2025,yes,RES-817,CL-058,1,t0030-registry-backfill-2026-07-07,unknown,,,,,
RES-818,https://incomesecurity.org/ow-and-odsp-rates-and-ocb-as-of-july-2026-social-assistance-is-stuck-in-time/,Other (incomesecurity.org),Statistics Canada CPI; ISAC/ACTO analyses,yes,RES-818,CL-062,1,t0030-registry-backfill-2026-07-07,unknown,,,,,
RES-819,https://www.ontario.ca/document/ontario-works-policy-directives/616-emergency-hostels-and-shelters-consolidated-municipal,"Government of Ontario (primary govt, auto)",Ontario Regulation 134/98,yes,RES-819,CL-063,1,t0030-registry-backfill-2026-07-07,unknown,,,,,
RES-820,https://www.ontario.ca/document/ontarios-third-action-plan-under-national-housing-strategy-2025-2028,"Government of Ontario (primary govt, auto)",ChatGPT citing federal-Ontario NHS bilateral accountability,yes,RES-820,CL-067,1,t0030-registry-backfill-2026-07-07,unknown,,,,,
RES-821,https://fao-on.org/wp-content/uploads/report/subsidized-housing-2026/UpdateOnSubsidizedHousing-Presentation-EN.pdf,Other (fao-on.org),ChatGPT Task C citing NHS COHB agreements,yes,RES-821,CL-068,1,t0030-registry-backfill-2026-07-07,unknown,,,,,
RES-822,https://bfzcanada.ca/about-us/,Other (bfzcanada.ca),CAEH public records; Tim Richter public statements,yes,RES-822,CL-072,1,t0030-registry-backfill-2026-07-07,unknown,,,,,
RES-823,https://ym.fi/en/homelessness,Other (ym.fi),Finnish Ministry of Environment; Y-Foundation reports,yes,RES-823,CL-075,1,t0030-registry-backfill-2026-07-07,unknown,,,,,
RES-824,https://www.newswire.ca/news-releases/official-tabulation-is-complete-880977861.html,Other (www.newswire.ca),Meta Task C; Elections Ontario,yes,RES-824,CL-083,1,t0030-registry-backfill-2026-07-07,unknown,,,,,
RES-825,https://www.toronto.ca/city-government/elections/city-elections/,"City of Toronto (primary govt, auto)",Qwen37max; Meta Task C; City of Toronto election calendar,yes,RES-825,CL-085,1,t0030-registry-backfill-2026-07-07,unknown,,,,,
RES-826,https://www.cp24.com/local/toronto/2024/12/17/her-priorities-lie-elsewhere-bradford-slams-mayor-for-removing-him-as-vice-chair-from-housing-committee/,Other (www.cp24.com),CityNews Dec 16 2024 (confirmed),yes,RES-826,CL-086,1,t0030-registry-backfill-2026-07-07,unknown,,,,,
RES-827,https://www.varke.fi/en/media/101,Other (www.varke.fi),Meta Task C citing Ministry of Environment data,yes,RES-827,CL-089,1,t0030-registry-backfill-2026-07-07,unknown,,,,,
RES-828,https://www.ontario.ca/page/ministers-directive-enumeration-homelessness,"Government of Ontario (primary govt, auto)",DeepSeek-WA Task E citing Ontario government documentation,no,,CL-141,1,t0030-registry-backfill-2026-07-07,unknown,,,,,
RES-829,https://odprn.ca/wp-content/uploads/2026/02/OCC_Opioid-Mortality-Summary-2025_Q3-February-2026.pdf,Other (odprn.ca),VERIFIED,no,,CL-152,1,t0030-registry-backfill-2026-07-07,unknown,,,,,
RES-830,https://www.toronto.ca/legdocs/mmis/2026/bu/bgrd/backgroundfile-261373.pdf,"City of Toronto (primary govt, auto)",Meta Task G citing 2026 TCHC Budget Notes,yes,RES-830,CL-166,1,t0030-registry-backfill-2026-07-07,unknown,,,,,
RES-831,https://bfzcanada.ca/community-progress/,Other (bfzcanada.ca),Qwen Task G citing Built for Zero Canada scorecard; Meta Task G confirms,yes,RES-831,CL-172,1,t0030-registry-backfill-2026-07-07,unknown,,,,,
RES-832,https://openpolicyontario.com/channeling-the-1995-welfare-cuts-even-if-we-agree-with-them-rates-would-now-be-more-than-200-a-month-higher/,Other (openpolicyontario.com),Open Policy Ontario / John Stapleton; corroborated by ISAC; Kimi OW CSV,yes,RES-832,CL-202,1,t0030-registry-backfill-2026-07-07,unknown,,,,,
RES-833,https://ysaatio.fi/en/housing-first/homelessness-in-finland/,Other (ysaatio.fi),DeepSeek-Expert; Y-Foundation documentation,yes,RES-833,CL-088,1,t0030-registry-backfill-2026-07-07,unknown,,,,,
RES-0834,https://open.toronto.ca/dataset/toronto-shelter-system-flow/,City of Toronto,"Toronto Open Data: Toronto Shelter System Flow (monthly, CKAN dataset ac77f532-f18b-427c-905c-4ae87ce69c93) -- inflow/outflow/actively-homeless counts by subpopulation since Jan 2018",yes,RES-0834,CL-834;CL-835,2,t0003-flagship-wave1,unknown,,,,,
RES-0835,https://www150.statcan.gc.ca/t1/tbl1/en/tv.action?pid=1410035301,Government of Canada,"StatCan Table 14-10-0353-01, Homeless Shelter Capacity in Canada 2016-2024 (DOI 10.25318/1410035301-eng) -- Toronto/Ontario/Canada shelter counts and bed capacity by type, sourced from ESDC/HICC's Homeless Shelters survey (SDDS 7538)",yes,RES-0835,CL-837;CL-838,2,t0003-flagship-wave1,unknown,,,,,
RES-0836,https://hsa-bc.ca/_Library/2025_HC/2025_Point-in-Time_Homeless_Count_for_Greater_Vancouver_Final_Report.pdf,Sector nonprofit/network,"HSABC (Homelessness Services Association of BC), 2025 Point-in-Time Homeless Count for Greater Vancouver -- Final Report (Sept 2025), prepared for Lu'ma Native Housing Society",yes,RES-0836,CL-840;CL-841,2,t0003-flagship-wave1,unknown,,,,,
RES-0837,https://vancouver.ca/people-programs/housing-vancouver-strategy.aspx,Other (vancouver.ca),"City of Vancouver, Housing Vancouver Strategy -- current 10-year housing targets (2024-2033) and 3-Year Action Plan (2024-2026), superseding the original 2017-2026 targets",yes,RES-0837,CL-842,1,t0003-flagship-wave1,unknown,,,,,
RES-0838,https://opendata.vancouver.ca/explore/dataset/homeless-shelter-locations/api/,Other (opendata.vancouver.ca),"City of Vancouver Open Data Portal (Opendatasoft platform), homeless-shelter-locations dataset -- confirmed live, weekly-updated, address-level shelter locations",yes,RES-0838,CL-90566,1,t0003-flagship-wave1,unknown,,,,,
RES-0839,https://opendata.vancouver.ca/explore/dataset/non-market-housing/information/,Other (opendata.vancouver.ca),"City of Vancouver Open Data Portal (Opendatasoft), non-market-housing dataset -- annually-updated inventory of non-market/affordable housing buildings (municipal + other operators), excludes shelters and SROs",yes,RES-0839,CL-90567,1,t0003-flagship-wave1,unknown,,,,,
RES-0840,https://calgaryhomeless.com/wp-content/uploads/2026/03/PiT-Report_2025.F2.pdf,Sector nonprofit/network,"Calgary Homeless Foundation, 2025 Point-in-Time Count Report -- enumerated Oct 9 2025",yes,RES-0840,CL-843,1,t0003-flagship-wave1,unknown,,,,,
RES-0841,https://data.calgary.ca/Services-and-Amenities/Calgary-Emergency-Shelters-Daily-Occupancy/7u2t-3wxf,Other (data.calgary.ca),"City of Calgary Open Data Portal (Socrata), Calgary Emergency Shelters Daily Occupancy dataset (id 7u2t-3wxf, mirrors Alberta Community and Social Services provincial data) -- confirmed real and live, but a genuine data-currency gap was found",yes,RES-0841,CL-844,1,t0003-flagship-wave1,unknown,,,,,
RES-0842,https://www.calgaryhomeless.com/wp-content/uploads/2025/08/strategic-plan.pdf,Sector nonprofit/network,"Calgary Homeless Foundation, ""Guiding the Fight Against Homelessness: Focus to 2025"" strategic plan (authored 2021) -- CHF's current operative guiding document; no confirmed public successor plan found as of this pass",yes,RES-0842,CL-845,1,t0003-flagship-wave1,unknown,,,,,
RES-0843,https://documents.ottawa.ca/sites/default/files/2024PiTReport_EN.pdf,Other (ottawa.ca),"City of Ottawa, 2024 Point-in-Time Count Report -- third PiT count (2018/2021/2024), enumerated Oct 23-24 2024",yes,RES-0843,CL-846,1,t0003-flagship-wave1,unknown,,,,,
RES-0844,https://documents.ottawa.ca/sites/default/files/HousingPlan2026-2035_EN.pdf,Other (ottawa.ca),"City of Ottawa, 10-Year Housing and Homelessness Plan 2026-2035 -- third iteration since 2014, council-approved ~April 2026, co-designed with the Housing and Homelessness Leadership Table (HHLT)",yes,RES-0844,CL-847,1,t0003-flagship-wave1,unknown,,,,,
RES-0845,https://open.ottawa.ca/datasets/ottawa::housing-services-monthly-hifis-data/about,Other (open.ottawa.ca),"open.ottawa.ca (Esri ArcGIS Hub), Housing Services monthly HIFIS data -- real monthly shelter-system client counts and bed-nights, sourced from the Homeless Individuals and Families Information System",yes,RES-0845,CL-848,1,t0003-flagship-wave1,unknown,,,,,
RES-0846,https://publications.msss.gouv.qc.ca/msss/fichiers/2025/25-846-07W.pdf,Government of Quebec,"Quebec MSSS, ""Tout le monde compte"" -- preliminary results of the April 2025 Point-in-Time homelessness count (French primary source; English translation below is machine-translated, flagged pending human review)",yes,RES-0846,CL-849,1,t0003-flagship-wave1,unknown,,,,,
RES-0847,http://www.santecom.qc.ca/bibliothequevirtuelle/Montreal/9782550922292.pdf,Government of Quebec,"""Plan concerte montrealais en itinerance 2021-2026: S'unir dans l'action"" (CIUSSS du Centre-Sud-de-l'Ile-de-Montreal + Ville de Montreal, 2022) -- full-text working mirror of a document whose BAnQ catalog record is on-site-only. French primary source; English translation below is machine-translated, flagged pending human review",yes,RES-0847,CL-850,1,t0003-flagship-wave1,unknown,,,,,
RES-0848,https://donnees.montreal.ca/dataset/logements-sociaux,Other (donnees.montreal.ca),"Ville de Montreal Open Data Portal (CKAN), ""Logements hors marche dans l'agglomeration de Montreal"" dataset (slug: logements-sociaux) -- non-market/social housing inventory. French primary source",yes,RES-0848,CL-851,1,t0003-flagship-wave1,unknown,,,,,
RES-0849,https://rapsim.org/wp-content/uploads/2026/06/Memoire-Consultations-PAII-PAID-et-le-PAISM-1.pdf,Sector nonprofit/network,"RAPSIM (Reseau d'aide aux personnes seules et itinerantes de Montreal), memoire ""Face a l'urgence: pour une reponse globale et humaine a l'itinerance"" (June 2026), submitted to Quebec government consultations on the next PAII/PAID/PAISM interministerial action plans. French primary source",yes,RES-0849,CL-90568;CL-90569,2,t0003-flagship-wave1,unknown,,,,,
RES-0850,https://denvergov.org/Government/Agencies-Departments-Offices/Agencies-Departments-Offices-Directory/Mayors-Office/Programs-and-Initiatives/Homelessness-Initiative/All-In-Mile-High-Dashboard,Other (denvergov.org),"City and County of Denver, ""All In Mile High"" (AIMHigh) public progress dashboard -- live cumulative shelter/housing move figures since July 2023",yes,RES-0850,CL-852,1,t0003-flagship-wave1,unknown,,,,,
RES-0851,https://www.urban.org/sites/default/files/2025-12/EvaluationofDenversAllInMileHighInitiative.pdf,Academic/peer-reviewed,"Urban Institute, ""Evaluation of Denver's All In Mile High Initiative"" -- 2025 Interim Report (December 2025), independent third-party evaluation funded by the City and County of Denver",yes,RES-0851,CL-853,1,t0003-flagship-wave1,unknown,,,,,
RES-0852,https://denverite.com/2026/03/19/denver-homelessness-spending-audit/,News media,"Denverite, coverage of the Denver City Auditor's March 2026 audit of the ""All In Mile High"" homelessness initiative -- extensively quotes the primary audit report (denvergov.org PDF not independently full-text extractable in this pass, see notes)",yes,RES-0852,CL-854,1,t0003-flagship-wave1,unknown,,,,,
RES-0853,https://files.hudexchange.info/reports/published/CoC_PopSub_CoC_TX-700-2021_TX_2021.pdf,Government of Canada,"HUD Exchange, official CoC-level Point-in-Time Populations and Subpopulations report for TX-700 (Houston/Pasadena/Conroe/Harris/Fort Bend/Montgomery Counties CoC), 2021 -- part of a 2021-2025 time series filling the gap before CL-797's existing 2025/2026 snapshot",yes,RES-0853,CL-90570;CL-90571;CL-90572;CL-90573;CL-90574,5,t0003-flagship-wave1,unknown,,,,,
RES-0854,https://community.solutions/case-studies/case-study-rockford-illinois-reaches-and-sustains-functional-zero-for-veteran-and-chronic-homelessness/,Sector nonprofit/network,"Community Solutions, case study: Rockford, Illinois reaches and sustains functional zero for veteran and chronic homelessness -- the first US community to end both, a mid-size Rust Belt city precedent distinct from Medicine Hat",yes,RES-0854,CL-856,1,t0003-flagship-wave1,unknown,,,,,
RES-0855,https://commonslibrary.parliament.uk/research-briefings/cbp-9057/,Other (commonslibrary.parliament.uk),"UK House of Commons Library, briefing CBP-9057 on the ""Everyone In"" COVID-era rough sleeping response -- rapid emergency rehousing, a contrast case to Denver/Medicine Hat's slower systems-change approach",yes,RES-0855,CL-857,1,t0003-flagship-wave1,unknown,,,,,
RES-0856,https://files.hudexchange.info/reports/published/CoC_PopSub_CoC_TX-700-2025_TX_2025.pdf,Other (hudexchange.info),"HUD Exchange, official CoC-level Point-in-Time Populations and Subpopulations report for TX-700 (Houston), 2025 -- anchor year of the 2021-2025 time series",yes,RES-0856,CL-90575;CL-90576;CL-90577;CL-90578;CL-90579,5,t0003-flagship-wave1,unknown,,,,,
RES-0857,https://maytree.com/changing-systems/data-measuring/welfare-in-canada/ontario/,Sector nonprofit/network,"Maytree, ""Welfare in Canada 2024"" -- Ontario page, published July 2025 -- total welfare income figures for 4 household types vs. Canada's Official Poverty Line (MBM) and Deep Income Poverty threshold",yes,RES-0857,CL-858,1,t0003-flagship-wave1,unknown,,,,,
RES-0858,https://maytree.com/changing-systems/data-measuring/social-assistance-summaries/ontario/,Sector nonprofit/network,"Maytree, ""Social Assistance Summaries, 2025"" -- Ontario page (published March 2026, covers 2024-25 fiscal year) -- OW/ODSP caseload and beneficiary counts",yes,RES-0858,CL-859,1,t0003-flagship-wave1,unknown,,,,,
RES-0859,https://webfs.oecd.org/Els-com/Affordable_Housing_Database/Country%20notes/Homelessness-CAN.pdf,Other (oecd.org),"OECD Affordable Housing Database, Canada country note (Homelessness-CAN.pdf) -- Canada's official Point-in-Time count figures presented via the OECD's ETHOS Light cross-country typology, sourced directly from Infrastructure Canada's Everyone Counts 2020-2022 cycle",yes,RES-0859,CL-860,1,t0003-flagship-wave1,unknown,,,,,
RES-0860,https://open.canada.ca/data/en/dataset/e6d4e154-b569-4817-bd51-d139f1196ec5,dataset,"Housing Needs Assessment List (HNA/THNA) -- Housing, Infrastructure and Communities Canada, open.canada.ca",yes,RES-0860,CL-861,1,t0003-flagship-wave1,unknown,,,,,
RES-0861,https://open.canada.ca/data/dataset/5800a008-02b1-4621-bc83-f745ae44931e/resource/446e0198-a3a1-4c86-9671-ca61e13df795/download/20140919-01-hpsshelt-eng.csv,dataset,"Homeless Shelter Capacity Report -- by province and community CSV, Employment and Social Development Canada, open.canada.ca",yes,RES-0861,CL-862,1,t0003-flagship-wave1,unknown,,,,,
RES-0862,https://www.cmhc-schl.gc.ca/professionals/housing-markets-data-and-research/housing-data/data-tables/rental-market/rental-market-report-data-tables,dataset,CMHC Rental Market Survey Data Tables -- access-method confirmation (no official API),yes,RES-0862,CL-863,1,t0003-flagship-wave1,unknown,,,,,
RES-0863,https://www.npr.org/2015/12/10/459100751/utah-reduced-chronic-homelessness-by-91-percent-heres-how,news_media,"NPR: Utah's original 91% chronic-homelessness reduction claim (2015), Housing First model",yes,RES-0863,CL-90580;CL-90581;CL-90582;CL-90583,4,t0003-flagship-wave1,unknown,,,,,
RES-0864,https://www.ksl.com/article/38937883/utahs-91-drop-in-chronic-homelessness-not-real-economist-says,news_media,"KSL.com: economist's methodology critique of Utah's 91% reduction claim (AEI's Kevin Corinth, 2016)",yes,RES-0864,CL-90584;CL-90585;CL-90586,3,t0003-flagship-wave1,unknown,,,,,
RES-0865,https://www.csb.org/how-we-do-it/community-assessment/,org_site,"Community Shelter Board: Comprehensive Community Assessment on homelessness, Columbus/Franklin County OH",yes,RES-0865,CL-90587;CL-90588;CL-90589;CL-90590,4,t0003-flagship-wave1,unknown,,,,,
RES-0866,https://ohiocapitaljournal.com/2026/05/11/ohios-most-populous-county-sees-43-increase-in-unsheltered-homelessness-according-to-report/,news_media,Ohio Capital Journal: Franklin County 2026 Point-in-Time Count results (real annual homelessness data),yes,RES-0866,CL-90591;CL-90592;CL-90593;CL-90594;CL-90595;CL-90596;CL-90597;CL-90598,8,t0003-flagship-wave1,unknown,,,,,
RES-0867,https://www.feantsa.org/public/user/Resources/country_profiles/AT/AT_-_Country_Profile_2020.pdf,ngo_report,FEANTSA Austria country profile -- official Austrian/Viennese homelessness count statistics,yes,RES-0867,CL-866,1,t0003-flagship-wave1,unknown,,,,,
RES-0868,https://thebetter.news/how-social-housing-works-in-vienna/,news_media,"Vienna's social housing model -- supply-side/prevention framing (thebetter.news, republished from Kontrast.at)",yes,RES-0868,CL-867,1,t0003-flagship-wave1,unknown,,,,,
RES-0869,https://nlihc.org/oor,ngo_report,"NLIHC Out of Reach 2025 -- US national/state housing-wage benchmark (US-context comparator, not a Canada comparison)",yes,RES-0869,CL-868,1,t0003-flagship-wave1,unknown,,,,,
RES-0870,https://datacatalog.urban.org/dataset/state-state-homelessness-and-housing-inventory-data-tools,dataset,Urban Institute: State-by-State Homelessness and Housing Inventory (PIT/HIC) Data Tools,yes,RES-0870,CL-869,1,t0003-flagship-wave1,unknown,,,,,
RES-0871,https://borealisdata.ca/dataverse/UBC_HRC,dataset,"UBC Housing Research Collaborative (HART project) -- Borealis Dataverse, Canada-wide core-housing-need census tabulations",yes,RES-0871,CL-870,1,t0003-flagship-wave1,unknown,,,,,
RES-0872,https://www.toronto.ca/legdocs/mmis/2022/au/bgrd/backgroundfile-226300.pdf,City of Toronto,"Auditor General, Part 2 of the Audit of Emergency Shelters: detailed hotel operations findings (Attachment 1)",yes,RES-0872,CL-565,1,D-0016-remediation-2026-07-07,unknown,,,,,
RES-873,https://www.ontario.ca/laws/regulation/980134 + https://feedontario.ca/wp-content/uploads/2019/04/Feed-Ontario-Report-Social-Assistance-Changes-2019.pdf,"Government of Ontario (primary govt, auto)",Ontario Regulation 134/98 (OW rate $733); Feed Ontario 2019 (1990 rate ~70%); Ontario ESA (current min wage $17.60/hr),no,,CL-081,1,t0030-registry-backfill-2026-07-07,unknown,,,,,
RES-874,https://secure.toronto.ca/council/agenda-item.do?item=2025.PH23.3 + https://www.cbc.ca/news/canada/toronto/toronto-council-shelter-delegated-authority-debate-1.7593453,"City of Toronto (primary govt, auto)",Progress Toronto; CBC Toronto July 24 2025,no,,CL-282,1,t0030-registry-backfill-2026-07-07,unknown,,,,,
RES-0875,https://www.unitedwaygt.org/news-releases/a-transformational-25-million-gift-from-the-slaight-family-foundation-fuels-rapid-collaborative-action-to-tackle-torontos-homelessness-crisis/,Other (www.unitedwaygt.org),,yes,RES-0875,CL-90653,1,t0003-flagship-wave1,unknown,,,,,
RES-0876,https://scottmission.com/about/,Other (scottmission.com),,yes,RES-0876,CL-90654,1,t0003-flagship-wave1,unknown,,,,,
RES-0877,https://www.cnmng.ca/ontarios-opioid-crisis-worsens-as-supervised-consumption-sites-close/language/english/pelum/,Other (cnmng.ca),"Canadian National Multimedia Newsgroup: multi-city opioid overdose EMS call increases Jan-May 2026, SCS closure completion, provincial 41% death-decrease counter-claim",yes,RES-0877,CL-50005;CL-50006;CL-50007,3,t0003-flagship-wave1,unknown,,,,,
RES-0878,https://www.toronto.ca/news/city-of-toronto-unveils-first-six-shelter-locations-under-new-10-year-strategy-and-expands-winter-services-for-people-experiencing-homelessness/,City of Toronto,,yes,RES-0878,CL-90655,1,t0003-flagship-wave1,unknown,,,,,
RES-0879,https://www.canadianaffairs.news/2026/03/01/ontarios-hart-hubs-a-year-in-the-wins-and-failures/,Other (www.canadianaffairs.news),"Canadian Affairs, ""Ontario's HART Hubs: A year in, the wins and failures""",no,,CL-50000;CL-50001;CL-50002;CL-50003;CL-50004,5,t0030-registry-backfill-2026-07-07,unknown,,,,,
RES-0880,https://nowtoronto.com/news/they-have-just-shut-us-out-etobicoke-residents-sue-city-of-toronto-and-local-councillor-for-1m-over-homeless-shelter-site-selection/,Other (nowtoronto.com),NOW Toronto: New Toronto Initiative M lawsuit vs City/Councillor Morley/consultant over 66 Third St seniors shelter site selection,yes,RES-0880,CL-50008,1,t0003-flagship-wave1,unknown,,,,,
RES-0881,https://www.jurist.org/news/2026/05/ontario-court-bars-waterloo-region-from-removing-encampment-residents/,Other (jurist.org),"JURIST: Ontario Superior Court bars Waterloo Region from removing encampment residents, Charter s.7/s.15 violation, May 2026",yes,RES-0881,CL-50009;CL-50010,2,t0003-flagship-wave1,unknown,,,,,
RES-0882,https://www.newswire.ca/news-releases/canada-ontario-and-toronto-work-together-with-build-canada-homes-to-invest-in-dunn-house-2-0-to-provide-supportive-housing-in-toronto-802139432.html,Other (www.newswire.ca),,yes,RES-0882,CL-90656,1,t0003-flagship-wave1,unknown,,,,,
RES-0883,https://www.cp24.com/local/toronto/2026/05/27/union-station-security-targeting-homeless-people-ahead-of-world-cup-toronto-group/,Other (www.cp24.com),,yes,RES-0883,CL-90658,1,t0003-flagship-wave1,unknown,,,,,
RES-0884,https://www.toronto.ca/news/city-of-toronto-releases-shelter-safety-action-plan-to-safeguard-people-experiencing-homelessness-and-staff-in-the-shelter-system/,City of Toronto,,yes,RES-0884,CL-90660,1,t0003-flagship-wave1,unknown,,,,,
RES-0885,https://storeys.com/toronto-housing-development-offices-annual-report/,Other (storeys.com),"Storeys: Toronto Housing Development Office first annual report - project accountability, stalled projects, funding breakdown",yes,RES-0885,CL-50011,1,t0003-flagship-wave1,unknown,,,,,
RES-0886,https://www.charityintelligence.ca/charity-details/539-ywca-toronto,Other (www.charityintelligence.ca),,yes,RES-0886,CL-199,1,t0003-flagship-wave1,unknown,,,,,
RES-0887,https://news.gov.bc.ca/releases/2026HMA0046-000439,Other (news.gov.bc.ca),,yes,RES-0887,CL-90663,1,t0003-flagship-wave1,unknown,,,,,
RES-0888,https://www.toronto.ca/city-government/accountability-operations-customer-service/long-term-vision-plans-and-strategies/george-street-revitalization/,City of Toronto,,yes,RES-0888,CL-90664,1,t0003-flagship-wave1,unknown,,,,,
RES-0889,https://caeh.ca/bright-spot-london-veteran-homelessness-sustain/,Other (caeh.ca),,yes,RES-0889,CL-90666,1,t0003-flagship-wave1,unknown,,,,,
RES-0890,https://globalnews.ca/news/11747370/ontario-housing-budget-2026/,Other (globalnews.ca),,yes,RES-0890,CL-90667,1,t0003-flagship-wave1,unknown,,,,,
RES-0891,https://www.ottawapublichealth.ca/en/public-health-topics/food-insecurity.aspx,Other (www.ottawapublichealth.ca),Ottawa Public Health primary data page: 25.7% of Ottawa households food insecure in 2024 (up from 15.3% in 2019); government primary source,yes,RES-0891,CL-190005;CL-190006;CL-9011197;CL-9011198,4,t0003-flagship-wave1,unknown,,,,,
RES-0892,https://ca.news.yahoo.com/city-warns-surge-homeless-population-080000130.html,ADJACENT,"CBC Ottawa via Yahoo mirror: projects homelessness could reach 14,734 by 2035; RGI waitlist grew 36.8% 2022-2024 to 15,140 households [topics: ottawa]",no,corpus/ca-news-yahoo-com-city-warns-surge-homeless-population-080000130-html.md,,0,explore.py,unknown,,,,,
RES-0893,https://documents.ottawa.ca/sites/default/files/2024-HNA_EN.pdf,Other (documents.ottawa.ca),"City of Ottawa 2024 HNA: primary source for 2024 PiT Count of 2,952 (78.5% increase since 2018); shelter system averaged 3,554/night vs 1,960 permanent beds (81.3% over capacity)",yes,RES-0893,CL-190007;CL-190008;CL-190009;CL-190010;CL-190011;CL-190012;CL-190013;CL-190014;CL-190015;CL-190016;CL-190017;CL-190018;CL-190019;CL-190020,14,t0003-flagship-wave1,unknown,,,,,
RES-0894,https://engage.ottawa.ca/10-year-housing-and-homelessness-plan-refresh-2,Other (engage.ottawa.ca),"City engagement portal page hosting the 2024 Progress Report figures: 1,000+ households housed from Centralized Wait List, 215 unsheltered secured housing, 398 households via Housing First Program",yes,RES-0894,CL-190021;CL-190022;CL-190023;CL-190024;CL-190025;CL-190026;CL-190027;CL-190028;CL-190029;CL-190030,10,t0003-flagship-wave1,unknown,,,,,
RES-0895,https://pub-ottawa.escribemeetings.com/filestream.ashx?DocumentId=307384,Other (pub-ottawa.escribemeetings.com),"Council committee document confirming 2024 PiT Count 2,952 (up 13% from 2,612 in 2021); references public PiT Count Dashboard",yes,RES-0895,CL-190031;CL-190032;CL-190033;CL-190034;CL-190035;CL-190036;CL-190037;CL-190038;CL-190039;CL-190040;CL-190041;CL-190042;CL-190043;CL-190044;CL-190045;CL-190046;CL-190047;CL-190048;CL-190049;CL-190050;CL-190051,21,t0003-flagship-wave1,unknown,,,,,
RES-0896,https://pub-ottawa.escribemeetings.com/filestream.ashx?DocumentId=297735,Other (pub-ottawa.escribemeetings.com),"Council response document: 545 encampments reported in 2025 (462 resolved without dismantle, 83 enforced dismantle); Ottawa Community Encampment Response Plan",yes,RES-0896,CL-190052;CL-190053;CL-190054;CL-190055;CL-190056;CL-190057;CL-190058;CL-190059;CL-190060;CL-190061;CL-190062;CL-190063,12,t0003-flagship-wave1,unknown,,,,,
RES-0897,https://pub-ottawa.escribemeetings.com/filestream.ashx?DocumentId=136833,Other (pub-ottawa.escribemeetings.com),Council-approved goal that everyone needing a shelter bed can access one; sets 423-bed expansion target,yes,RES-0897,CL-190064;CL-190065;CL-190066;CL-190067;CL-190068;CL-190069;CL-190070;CL-190071;CL-190072;CL-190073;CL-190074;CL-190075;CL-190076;CL-190077;CL-190078;CL-190079;CL-190080;CL-190081;CL-190082;CL-190083;CL-190084;CL-190085;CL-190086;CL-190087;CL-190088;CL-190089;CL-190090;CL-190091;CL-190092;CL-190093;CL-190094;CL-190095;CL-190096;CL-190097;CL-190098;CL-190099;CL-190100,37,t0003-flagship-wave1,unknown,,,,,
RES-0898,https://pub-ottawa.escribemeetings.com/filestream.ashx?DocumentId=190488,Other (pub-ottawa.escribemeetings.com),360 PD-EOC clients housed; 64% newcomer share of single-adult shelter system; 55% system demand growth; 260 unsheltered as of mid-May 2024,yes,RES-0898,CL-190101;CL-190102;CL-190103;CL-190104;CL-190105;CL-190106;CL-190107;CL-190108;CL-190109;CL-190110;CL-190111;CL-190112;CL-190113;CL-190114;CL-190115;CL-190116;CL-190117;CL-190118;CL-190119;CL-190120;CL-190121;CL-190122;CL-190123;CL-190124;CL-190125;CL-190126;CL-190127;CL-190128;CL-190129;CL-190130;CL-190131;CL-190132,32,t0003-flagship-wave1,unknown,,,,,
RES-0899,https://documents.ottawa.ca/sites/default/files/2024HHReport_EN.pdf,Other (documents.ottawa.ca),"Annual progress report: 9,702 people accessed shelter system in 2024, 54% newcomers, 1,709 actively chronically homeless, 1,247 households housed from shelter, $424.8M total investment",yes,RES-0899,CL-190133;CL-190134;CL-190135;CL-190136;CL-190137;CL-190138;CL-190139;CL-190140;CL-190141;CL-190142;CL-190143;CL-190144;CL-190145;CL-190146;CL-190147;CL-190148;CL-190149;CL-190150;CL-190151;CL-190152;CL-190153;CL-190154;CL-190155;CL-190156;CL-190157;CL-190158;CL-190159;CL-190160;CL-190161;CL-190162;CL-190163;CL-190164;CL-190165;CL-190166;CL-190167;CL-190168;CL-190169;CL-190170;CL-190171;CL-190172;CL-190173;CL-190174;CL-190175;CL-190176;CL-190177;CL-190178;CL-190179;CL-190180;CL-190181;CL-190182;CL-190183;CL-190184;CL-190185,53,t0003-flagship-wave1,unknown,,,,,
RES-0900,https://documents.ottawa.ca/sites/default/files/2024-HNA-Fed_EN.pdf,Other (documents.ottawa.ca),"Federal-template HNA: 318 affordable units completed in 2024, 752 in predevelopment; CMHC vacancy rates; eviction filing maps; student housing precarity data",yes,RES-0900,CL-190186;CL-190187;CL-190188;CL-190189;CL-190190;CL-190191;CL-190192;CL-190193;CL-190194;CL-190195;CL-190196,11,t0003-flagship-wave1,unknown,,,,,
RES-0901,https://pub-ottawa.escribemeetings.com/filestream.ashx?DocumentId=293775,Other (pub-ottawa.escribemeetings.com),405 unsheltered individuals in 2024 (peak); 725 encampments in Centretown/Lowertown/Sandy Hill combined 2021-2025; 941 overdose-related ED visits and 166 opioid deaths in 2024,yes,RES-0901,CL-190197;CL-190198;CL-190199;CL-190200;CL-190201;CL-190202;CL-190203;CL-190204;CL-190205;CL-190206;CL-190207;CL-190208;CL-190209;CL-190210;CL-190211;CL-190212;CL-190213;CL-190214,18,t0003-flagship-wave1,unknown,,,,,
RES-0902,https://pub-ottawa.escribemeetings.com/filestream.ashx?DocumentId=218755,Other (pub-ottawa.escribemeetings.com),"N12 notices up 29% (2010-2023), N13 up 107%, L5 (above-guideline increases) up 88%; City funds three paralegals through Housing Help and Action Logement",yes,RES-0902,CL-190215;CL-190216;CL-190217;CL-190218;CL-190219;CL-190220;CL-190221;CL-190222;CL-190223;CL-190224;CL-190225;CL-190226;CL-190227;CL-190228;CL-190229;CL-190230;CL-190231,17,t0003-flagship-wave1,unknown,,,,,
RES-0903,https://www.oagottawa.ca/media/sw0dr3nb/document-1-oag-supportive-housing-audit_-2.pdf,Other (www.oagottawa.ca),Independent audit: capital/operating/health funding silos; City needs $1.5M/year operating for every 50-unit supportive housing facility,yes,RES-0903,CL-190232;CL-190233;CL-190234;CL-190235;CL-190236;CL-190237;CL-190238;CL-190239;CL-190240,9,t0003-flagship-wave1,unknown,,,,,
RES-0904,https://documents.ottawa.ca/sites/default/files/2026%20Adopted%20Budget%20Book%20English%20Condensed.pdf,Other (documents.ottawa.ca),Line-item operating budget for Housing & Homelessness Services ($222.9M gross expenditure); 516 encampments identified in 2024 with 468 resolved,yes,RES-0904,CL-190241;CL-190242;CL-190243;CL-190244;CL-190245;CL-190246;CL-190247;CL-190248;CL-190249;CL-190250;CL-190251;CL-190252;CL-190253;CL-190254;CL-190255;CL-190256;CL-190257;CL-190258;CL-190259;CL-190260,20,t0003-flagship-wave1,unknown,,,,,
RES-0905,https://documents.ottawa.ca/sites/default/files/2025%20Adopted%20Budget%20Book%20English%20Condensed-AODA.pdf,Other (documents.ottawa.ca),"Year-over-year budget growth in homelessness prevention and overflow shelter operations; Housing First caseload spaces (1,085 at end of 2023)",yes,RES-0905,CL-190261;CL-190262;CL-190263;CL-190264;CL-190265;CL-190266;CL-190267;CL-190268;CL-190269;CL-190270;CL-190271;CL-190272;CL-190273;CL-190274;CL-190275;CL-190276;CL-190277;CL-190278;CL-190279;CL-190280;CL-190281,21,t0003-flagship-wave1,unknown,,,,,
RES-0906,https://documents.ottawa.ca/sites/default/files/povertydata2024_EN.pdf,Other (documents.ottawa.ca),"8,656 people used Ottawa's emergency shelter system in 2023; single-person shelter use up 28% since 2021",yes,RES-0906,CL-190282;CL-190283;CL-190284;CL-190285;CL-190286;CL-190287;CL-190288;CL-190289;CL-190290;CL-190291;CL-190292;CL-190293;CL-190294;CL-190295;CL-190296;CL-190297;CL-190298,17,t0003-flagship-wave1,unknown,,,,,
RES-0907,https://documents.ottawa.ca/sites/default/files/COVIDHHanalysis_EN.pdf,Other (documents.ottawa.ca),"Pandemic-era doubling of vacancy rates for expensive units alongside halving of vacancy for low-rent units, showing bifurcation of housing stress",yes,RES-0907,CL-190299;CL-190300;CL-190301;CL-190302;CL-190303;CL-190304;CL-190305;CL-190306;CL-190307;CL-190308;CL-190309;CL-190310;CL-190311;CL-190312;CL-190313;CL-190314;CL-190315;CL-190316;CL-190317;CL-190318,20,t0003-flagship-wave1,unknown,,,,,
RES-0908,https://open.ottawa.ca/search?collection=dataset&tags=Housing,IMMATERIAL-LOGGED,"Live-checked: ArcGIS Hub search-results page is a client-side JS single-page-app shell; raw fetch returns ~19 chars of static text ('Open Ottawa'), no independent content of its own beyond linking to datasets rendered client-side",no,,,0,explore.py,unknown,,,,,
RES-0909,https://open.ottawa.ca/datasets/4a9aa5f7835646ada78b435a6474dd83,IMMATERIAL-LOGGED,"Live-checked: same ArcGIS Hub SPA shell as the search page; raw fetch returns ~32 chars of static text ('Housing Needs Assessment'); real dashboard content loads client-side via JS/API calls, not capturable as a static source",no,,,0,explore.py,unknown,,,,,
RES-0910,https://documents.ottawa.ca/sites/default/files/oess_en_aoda.pdf,Other (documents.ottawa.ca),"Codifies binding operational rules, capacity protocols, and compliance review cycles for all City-funded emergency shelters",yes,RES-0910,CL-9010000;CL-9010001;CL-9010002;CL-9010003;CL-9010004;CL-9010005;CL-9010006;CL-9010007;CL-9010008;CL-9010009;CL-9010010;CL-9010011;CL-9010012;CL-9010013;CL-9010014;CL-9010015;CL-9010016;CL-9010017;CL-9010018;CL-9010019;CL-9010020;CL-9010021;CL-9010022;CL-9010023;CL-9010024;CL-9010025;CL-9010026;CL-9010027;CL-9010028;CL-9010029;CL-9010030;CL-9010031;CL-9010032;CL-9010033;CL-9010034;CL-9010035;CL-9010036;CL-9010037;CL-9010038;CL-9010039;CL-9010040,41,t0003-flagship-wave1,unknown,,,,,
RES-0911,https://documents.ottawa.ca/sites/default/files/othps_en_aoda.pdf,Other (documents.ottawa.ca),"Service agreement standards for transitional housing providers, including case management, harm reduction, and bed-capacity rules",yes,RES-0911,CL-9010041;CL-9010042;CL-9010043;CL-9010044;CL-9010045;CL-9010046;CL-9010047;CL-9010048;CL-9010049;CL-9010050;CL-9010051;CL-9010052;CL-9010053;CL-9010054;CL-9010055;CL-9010056;CL-9010057;CL-9010058;CL-9010059;CL-9010060;CL-9010061;CL-9010062;CL-9010063;CL-9010064;CL-9010065;CL-9010066;CL-9010067;CL-9010068;CL-9010069;CL-9010070;CL-9010071;CL-9010072;CL-9010073;CL-9010074;CL-9010075;CL-9010076;CL-9010077;CL-9010078;CL-9010079;CL-9010080;CL-9010081;CL-9010082;CL-9010083,43,t0003-flagship-wave1,unknown,,,,,
RES-0912,https://www.ontario.ca/page/published-plans-and-annual-reports-2024-2025-ministry-municipal-affairs-and-housing,Government of Ontario,Ontario-Ottawa Agreement shelter component: $40M in 2023-24 plus conditional $80M; $24M capital funding for 138 affordable/supportive housing units,yes,RES-0912,CL-9010084;CL-9010085;CL-9010086;CL-9010087;CL-9010088;CL-9010089;CL-9010090;CL-9010091;CL-9010092;CL-9010093;CL-9010094;CL-9010095;CL-9010096;CL-9010097;CL-9010098;CL-9010099;CL-9010100;CL-9010101;CL-9010102;CL-9010103,20,t0003-flagship-wave1,unknown,,,,,
RES-0913,https://www.ontario.ca/page/published-plans-and-annual-reports-2025-2026-ministry-municipal-affairs-and-housing,Government of Ontario,"Full Ontario-Ottawa Agreement commits up to $543M in operating and capital funding, with shelter and homelessness supports as key component",yes,RES-0913,CL-9010104;CL-9010105;CL-9010106;CL-9010107;CL-9010108;CL-9010109;CL-9010110;CL-9010111;CL-9010112;CL-9010113;CL-9010114;CL-9010115;CL-9010116;CL-9010117;CL-9010118;CL-9010119;CL-9010120;CL-9010121,18,t0003-flagship-wave1,unknown,,,,,
RES-0914,https://www.ontario.ca/page/2024-annual-report-poverty-reduction-strategy,Government of Ontario,"Formalizes Ontario-Ottawa Agreement's $120M over three years (2023-24 to 2025-26) for shelters and homelessness supports, contingent on federal refugee-shelter funding",yes,RES-0914,CL-9010122;CL-9010123;CL-9010124;CL-9010125;CL-9010126;CL-9010127;CL-9010128;CL-9010129;CL-9010130,9,t0003-flagship-wave1,unknown,,,,,
RES-0915,https://www.ontario.ca/document/ontarios-second-action-plan-under-national-housing-strategy-2022-25/taking-action,Government of Ontario,"Ottawa receiving $120M under Canada-Ontario Community Housing Initiative, including allocations for emergency shelters and homelessness prevention",yes,RES-0915,CL-9010131;CL-9010132;CL-9010133;CL-9010134;CL-9010135;CL-9010136;CL-9010137;CL-9010138;CL-9010139,9,t0003-flagship-wave1,unknown,,,,,
RES-0916,https://assets.cmhc-schl.gc.ca/sites/cmhc/professional/housing-markets-data-and-research/market-reports/rental-market-report/fall-2024/rental-market-report-fall-2024-en.pdf,Government of Canada,"Ottawa purpose-built rental vacancy rate at 2.4%; near-zero vacancy for units under $1,450",yes,RES-0916,CL-9010140;CL-9010141;CL-9010142;CL-9010143;CL-9010144;CL-9010145,6,t0003-flagship-wave1,unknown,,,,,
RES-0917,https://assets.cmhc-schl.gc.ca/sites/cmhc/professional/housing-markets-data-and-research/market-reports/rental-market-report/rental-market-report-2023-en.pdf,Government of Canada,Ottawa 2023 vacancy rate 2.1%; sub-market rent-range vacancy breakdowns used in City's 2024 HNA,yes,RES-0917,CL-9010146;CL-9010147;CL-9010148;CL-9010149;CL-9010150;CL-9010151;CL-9010152;CL-9010153;CL-9010154;CL-9010155;CL-9010156;CL-9010157;CL-9010158,13,t0003-flagship-wave1,unknown,,,,,
RES-0918,https://www12.statcan.gc.ca/census-recensement/2021/dp-pd/prof/details/page.cfm?Lang=E&DGUIDlist=2021S0503505&GENDERlist=1&STATISTIClist=1&HEADERlist=0,Government of Canada,"Core housing need, shelter-cost-to-income ratio, and household tenure data for Ottawa-Gatineau CMA",yes,RES-0918,,,t0003-flagship-wave1,full,,,,,
RES-0919,https://publications.gc.ca/site/eng/9.948825/publication.html,IMMATERIAL-LOGGED,"Live-checked: this is a Government of Canada Publications catalogue/metadata record only (bibliographic details plus 'View ...pdf' / 'View ...html' links); no independent report content of its own. The actual report content is separately archived MATERIAL at the housing-infrastructure.canada.ca HTML version (Part B batch, jurisdiction ca, covers Ottawa/Hamilton/London jointly)",no,,,0,explore.py,unknown,,,,,
RES-0920,https://housing-infrastructure.canada.ca/pub/drr-rrm/2025/2025-drr-rrm-01-eng.html,Government of Canada,"Reaching Home national outcomes: 16,333 people placed in more stable housing in 2024-25; Unsheltered Homelessness and Encampments Initiative ($250M over two years)",yes,RES-0920,CL-9010159;CL-9010160;CL-9010161;CL-9010162;CL-9010163;CL-9010164;CL-9010165;CL-9010166;CL-9010167;CL-9010168;CL-9010169;CL-9010170,12,t0003-flagship-wave1,unknown,,,,,
RES-0921,https://housing-infrastructure.canada.ca/homelessness-sans-abri/directives-eng.html,Government of Canada,Defines Community Entity funding model and Community Homelessness Report requirements under which Ottawa's Reaching Home funding is administered,yes,RES-0921,CL-9010171;CL-9010172;CL-9010173;CL-9010174;CL-9010175;CL-9010176;CL-9010177;CL-9010178;CL-9010179;CL-9010180;CL-9010181,11,t0003-flagship-wave1,unknown,,,,,
RES-0922,https://canlii.ca/t/k1cr4,IMMATERIAL-LOGGED,MATERIAL attempt failed: FAILED: HTTP 403 — fetch blocked or errored (raw response kept in vault for review) -- Found Kingston's anti-camping bylaw breached s.7 Charter rights to the extent it prohibited overnight sheltering; sets legal threshold Ottawa must mee [topics: ottawa],no,,,0,explore.py,unknown,,,,,
RES-0923,https://canlii.ca/t/jv6dc,IMMATERIAL-LOGGED,MATERIAL attempt failed: FAILED: HTTP 403 — fetch blocked or errored (raw response kept in vault for review) -- Established that municipal encampment bylaws violate s.7 when shelter spaces are insufficient or not truly accessible; directly informs Ottawa's Unshe [topics: ottawa],no,,,0,explore.py,unknown,,,,,
RES-0924,https://ottawa.cmha.ca/annual-report-2023-2024/,ADJACENT,Service volume for individuals experiencing chronic homelessness or vulnerably housed; financial overview and program metrics for Ottawa's largest community-based mental health provider [topics: ottawa],no,corpus/ottawa-cmha-ca-annual-report-2023-2024.md,,0,explore.py,unknown,,,,,
RES-0925,https://www.sghottawa.com/wp-content/uploads/2024/10/00407_SGOH_Impact_Report_2023-2024_FULL_EN_web-ready.pdf,Other (www.sghottawa.com),"Primary operational data, sole source: 89,203 nightly stays, 2,630 unique individuals, 91% average occupancy, 516 overdoses responded to inside The Trailer and 1,268 outside; 244 people/day average",yes,RES-0925,CL-9010182;CL-9010183;CL-9010184;CL-9010185;CL-9010186;CL-9010187;CL-9010188;CL-9010189;CL-9010190;CL-9010191;CL-9010192;CL-9010193;CL-9010194;CL-9010195;CL-9010196;CL-9010197;CL-9010198;CL-9010199;CL-9010200;CL-9010201;CL-9010202;CL-9010203;CL-9010204;CL-9010205;CL-9010206;CL-9010207;CL-9010208;CL-9010209;CL-9010210;CL-9010211;CL-9010212;CL-9010213;CL-9010214;CL-9010215;CL-9010216;CL-9010217;CL-9010218;CL-9010219;CL-9010220;CL-9010221;CL-9010222,41,t0003-flagship-wave1,unknown,,,,,
RES-0926,https://ottawainnercityhealth.ca/wp-content/uploads/2024/06/Annual-report-2023-24.pdf,Other (ottawainnercityhealth.ca),"Primary health data for unsheltered population, sole source: overdose response stats, managed alcohol program outcomes, partnerships with Booth House and The Trailer at SGH",yes,RES-0926,CL-9010223;CL-9010224;CL-9010225;CL-9010226;CL-9010227;CL-9010228;CL-9010229;CL-9010230;CL-9010231;CL-9010232;CL-9010233;CL-9010234;CL-9010235;CL-9010236;CL-9010237;CL-9010238;CL-9010239,17,t0003-flagship-wave1,unknown,,,,,
RES-0927,https://ottawa.anglican.ca/wp-content/uploads/2023/10/Cornerstone-Housing-for-Women-12312022-Final-FS.pdf,ADJACENT,Smaller-org audited financials showing City/municipal funding flows for emergency shelter and supportive housing; Booth Street fire and City-provided $150K emergency funding [topics: ottawa],no,corpus/ottawa-anglican-ca-cornerstone-housing-for-women-12312022-final-fs-pdf.md,,0,explore.py,unknown,,,,,
RES-0928,https://harmonyhousews.com/wp-content/uploads/2024/06/HarmonyHouse-Annual-Report-2023-2024.pdf,ADJACENT,"VAW-sector shelter operations in Ottawa; partnership references with Cornerstone, OCH, and other housing providers [topics: ottawa]",no,corpus/harmonyhousews-com-harmonyhouse-annual-report-2023-2024-pdf.md,,0,explore.py,unknown,,,,,
RES-0929,https://ottawamission.com/wp-content/uploads/2024/04/report-homelessness-food-insecurity_v6-FINAL-1.pdf,ADJACENT,Mission-authored report linking shelter use and food insecurity with calls for provincial/federal action; cited in Sustain Ontario provincial policy brief [topics: ottawa],no,corpus/ottawamission-com-report-homelessness-food-insecurity-v6-final-1-pdf.md,,0,explore.py,unknown,,,,,
RES-0930,https://www.ottawafoodbank.ca/ottawa-hunger-report-2024/,Other (www.ottawafoodbank.ca),"Primary survey data, sole source: record 556,000 visits to food programs in 2023; 37% of visitors children; 39% on social assistance; explicitly ties hunger to housing costs",yes,RES-0930,CL-9010240;CL-9010241;CL-9010242;CL-9010243,4,t0003-flagship-wave1,unknown,,,,,
RES-0931,https://johnhoward.on.ca/wp-content/uploads/2025/07/Rethinking-Justice-Housing-Report-From-Incarceration-to-Encampment.pdf,ADJACENT,"Advocacy report compiling/interpreting data: 7,455 provincial jail releases with no fixed address in 2023-24; Ottawa Police crime stats referenced in footnotes [topics: ottawa]",no,corpus/johnhoward-on-ca-rethinking-justice-housing-report-from-incarceration-to-encampm.md,,0,explore.py,unknown,,,,,
RES-0932,https://eppdscrmssa01.blob.core.windows.net/cmhcprodcontainer/sf/project/archive/research_6/pauktuutit_housing_english_03-v2.pdf,Other (eppdscrmssa01.blob.core.windows.net),Independent CMHC-funded primary research with Ottawa Inuit organizations; estimates up to 20% of emergency shelter users in Ottawa are Inuit; maps 18 service providers,yes,RES-0932,CL-9010244;CL-9010245;CL-9010246;CL-9010247;CL-9010248;CL-9010249;CL-9010250;CL-9010251;CL-9010252;CL-9010253;CL-9010254;CL-9010255;CL-9010256;CL-9010257;CL-9010258;CL-9010259;CL-9010260;CL-9010261;CL-9010262;CL-9010263;CL-9010264;CL-9010265;CL-9010266;CL-9010267;CL-9010268;CL-9010269;CL-9010270;CL-9010271;CL-9010272;CL-9010273;CL-9010274;CL-9010275,32,t0003-flagship-wave1,unknown,,,,,
RES-0933,https://optionshousing.ca/wp-content/uploads/2024/06/Annual-Report-2022-2023.pdf,ADJACENT,"Ottawa supportive housing provider annual report; references partnerships with OCH, Cornerstone, and City-funded programs [topics: ottawa]",no,corpus/optionshousing-ca-annual-report-2022-2023-pdf.md,,0,explore.py,unknown,,,,,
RES-0934,https://housingrightscanada.com/wp-content/uploads/2025/05/Research-Report-Lived-Experiences-of-Displacement-in-Ottawa-M.Imeri-May-2025.pdf,Other (housingrightscanada.com),"Independent mixed-methods study mapping eviction filing hotspots (Vanier, Sandy Hill, Lowertown, Centretown); Ledbury-Heron Gate-Ridgemont at 39.4% eviction rate",yes,RES-0934,CL-9010276;CL-9010277;CL-9010278;CL-9010279;CL-9010280;CL-9010281;CL-9010282;CL-9010283;CL-9010284;CL-9010285;CL-9010286;CL-9010287;CL-9010288;CL-9010289;CL-9010290;CL-9010291;CL-9010292;CL-9010293;CL-9010294;CL-9010295;CL-9010296;CL-9010297;CL-9010298;CL-9010299;CL-9010300;CL-9010301;CL-9010302;CL-9010303;CL-9010304;CL-9010305;CL-9010306;CL-9010307;CL-9010308;CL-9010309;CL-9010310;CL-9010311;CL-9010312;CL-9010313,38,t0003-flagship-wave1,unknown,,,,,
RES-0935,https://schoolofcities.utoronto.ca/wp-content/uploads/2025/09/Bundling-Assets-Lab_Report_Developing-a-Model_EN.pdf,City of Toronto,"OCH identified as second-largest public housing provider in Ontario (15,000+ homes); Bumblebee Initiative partnership with OCH, John Howard Society, Salus, and Gignul",yes,RES-0935,CL-9010314;CL-9010315;CL-9010316;CL-9010317;CL-9010318;CL-9010319;CL-9010320,7,t0003-flagship-wave1,unknown,,,,,
RES-0936,https://www.baywardbulletin.ca/2024-homelessness-point-in-time-pit-count/,ADJACENT,"Councillor-office news bulletin citing 2024 PiT figures: 2,952 unique singles/families homeless, 49% homeless 6+ months, top causes inadequate income/rising rents [topics: ottawa]",no,corpus/baywardbulletin-ca-2024-homelessness-point-in-time-pit-count.md,,0,explore.py,unknown,,,,,
RES-0937,https://ottawacitizen.com/news/local-news/city-may-replace-housing-plan,ADJACENT,"Postmedia article citing 2024 PiT Count 2,952 (up 13% from 2,612 in 2021); noted paywalled in source discovery, attempting live check [topics: ottawa]",no,corpus/ottawacitizen-com-city-may-replace-housing-plan.md,,0,explore.py,unknown,,,,,
RES-0938,https://capitalcurrent.ca/ottawa-food-bank-declares-record-high-food-bank-use-in-ottawa/,ADJACENT,"Carleton University journalism outlet citing OFB's 556,232 visits in 2023, $531K deficit, municipal funding at only 1.5% of operating revenue [topics: ottawa]",no,corpus/capitalcurrent-ca-ottawa-food-bank-declares-record-high-food-bank-use-in-ottawa.md,,0,explore.py,unknown,,,,,
RES-0939,https://pub-ottawa.escribemeetings.com/Meeting.aspx?Id=c7be4735-0730-4dba-9598-f24604245d04,Other (pub-ottawa.escribemeetings.com),"Official Council meeting record (Oct 11 2023) confirming OCH mortgage refinancing item; confirms OCH stock of 15,000+ units and City subsidy obligations",yes,RES-0939,CL-9010321,1,t0003-flagship-wave1,unknown,,,,,
RES-0940,https://yasirnaqvi.libparl.ca/wp-content/uploads/sites/179/2024/01/OttawaDowntownReport_ENG_FINAL_compressed.pdf,Other (yasirnaqvi.libparl.ca),"MP office parliamentary report: 1,300+ homeless individuals in Ottawa, 12,000 on social housing waitlist, 5+ year wait for supportive housing, 72.1 monthly opioid overdose ED visits",yes,RES-0940,CL-9010322;CL-9010323;CL-9010324;CL-9010325;CL-9010326;CL-9010327;CL-9010328;CL-9010329;CL-9010330;CL-9010332;CL-9010333;CL-9010334;CL-9010335;CL-9010336;CL-9010337;CL-9010338,16,t0003-flagship-wave1,unknown,,,,,
RES-0941,https://documents.ottawa.ca/sites/default/files/2023HHReport_EN.pdf,Other (documents.ottawa.ca),"12,447 households on centralized waitlist (Dec 2023); 988 actively chronically homeless; 13% increase in shelter use; 25% increase in newcomer inflow -- NOTE: RES-0899 (2024 Progress Report) later disclosed the 2023 chronic-homelessness and inflow figures in this document were incorrect and have since been corrected; see COR-021",yes,RES-0941,CL-9010339;CL-9010340;CL-9010341;CL-9010342;CL-9010343;CL-9010344;CL-9010345;CL-9010346;CL-9010347;CL-9010348;CL-9010349;CL-9010350;CL-9010351;CL-9010352;CL-9010353;CL-9010354;CL-9010355;CL-9010356;CL-9010357;CL-9010358;CL-9010359;CL-9010360;CL-9010361;CL-9010362;CL-9010363;CL-9010364;CL-9010365;CL-9010366;CL-9010367;CL-9010368;CL-9010369;CL-9010370;CL-9010371;CL-9010372;CL-9010373;CL-9010374;CL-9010375,37,t0003-flagship-wave1,unknown,,,,,
RES-0942,https://ottawa.ca/en/family-and-social-services/housing-and-homelessness/plans-facts-and-data/temporary-emergency-accommodations-dashboard,IMMATERIAL-LOGGED,"MATERIAL attempt failed: FAILED: HTTP 403 — fetch blocked or errored (raw response kept in vault for review) -- Power BI dashboard: unique clients, annual stays, length of stay, monthly breakdowns -- is the data itself, not a portal to it [topics: ottawa]",no,,,0,explore.py,unknown,,,,,
RES-0943,https://open.ottawa.ca/,IMMATERIAL-LOGGED,"Live-checked: same ArcGIS Hub single-page-app shell confirmed via curl -- landing page has no independent static content of its own; real content (HIFIS shelter data, HNA dashboard, ward approvals) is linked-to and JS-rendered elsewhere",no,,,0,explore.py,unknown,,,,,
RES-0944,https://www.endhomelessnessottawa.ca/ottawa_housing_needs_assessment,Other (www.endhomelessnessottawa.ca),"Alliance mirror of municipal HNA figures: 15,140 households on waitlist (2024); median rent up 61.3% 2014-2024; projection of 128,938 new units needed by 2035",yes,RES-0944,CL-9010376;CL-9010377;CL-9010378;CL-9010379,4,t0003-flagship-wave1,unknown,,,,,
RES-0945,https://documents.ottawa.ca/sites/default/files/EN%20-%202024%20Annual%20Report.pdf,Other (documents.ottawa.ca),Official financials: social housing expenses $497.6M,yes,RES-0945,CL-9010380;CL-9010381;CL-9010382;CL-9010383;CL-9010384;CL-9010385;CL-9010386;CL-9010387;CL-9010388;CL-9010389;CL-9010390;CL-9010391;CL-9010392;CL-9010393;CL-9010394;CL-9010395;CL-9010396;CL-9010397,18,t0003-flagship-wave1,unknown,,,,,
RES-0946,https://assets.nationbuilder.com/allianceottawa/pages/47/attachments/original/1760030839/Annual_Report_2024-25_-_EN.pdf?1760030839,ADJACENT,"Advocacy org annual report, 75+ member agencies, references Bill 10 [topics: ottawa]",no,corpus/assets-nationbuilder-com-annual-report-2024-25-en-pdf.md,,0,explore.py,unknown,,,,,
RES-0947,https://www.endhomelessnessottawa.ca/progressreports,ADJACENT,"Live-checked: real framing paragraph ('Since 2005, the Alliance...has produced an annual Progress Report...') plus an index of links to yearly Progress Reports -- secondary aggregator/archive, not itself a primary data source [topics: ottawa]",no,corpus/endhomelessnessottawa-ca-progressreports.md,,0,explore.py,unknown,,,,,
RES-0948,https://www.ottawaaboriginalcoalition.ca/pit-count,Other (www.ottawaaboriginalcoalition.ca),"Indigenous-specific analysis: 479 Indigenous homeless in 2024; 97.5% wanted permanent housing -- flagged as one of the most load-bearing Indigenous-data findings across all three cities, thinner in the municipality's own breakdown",yes,RES-0948,CL-9010398;CL-9010399;CL-9010400,3,t0003-flagship-wave1,unknown,,,,,
RES-0949,https://pub-ottawa.escribemeetings.com/filestream.ashx?DocumentId=186296,Other (pub-ottawa.escribemeetings.com),"~15,000 homes, ~32,000 tenants, audited financials for Ontario's second-largest public housing provider",yes,RES-0949,CL-9010401;CL-9010402;CL-9010403;CL-9010404;CL-9010405;CL-9010406;CL-9010407;CL-9010408;CL-9010409;CL-9010410,10,t0003-flagship-wave1,unknown,,,,,
RES-0950,https://hart.ubc.ca/our-resources/ottawa/,Other (hart.ubc.ca),Independent academic analysis of Ottawa's core housing need,yes,RES-0950,,,t0003-flagship-wave1,unknown,,,,,
RES-0951,https://hart.ubc.ca/our-resources/city-of-ottawa-2021/,Other (hart.ubc.ca),"Independent academic analysis: 2021 deficit of 44,445+ homes",yes,RES-0951,CL-9010411;CL-9010412;CL-9010413;CL-9010414;CL-9010415,5,t0003-flagship-wave1,unknown,,,,,
RES-0952,https://ca.news.yahoo.com/canadians-making-larger-share-ottawas-090000705.html,ADJACENT,News citing 2024 PiT figures on newcomer share of Ottawa homelessness [topics: ottawa],no,corpus/ca-news-yahoo-com-canadians-making-larger-share-ottawas-090000705-html.md,,0,explore.py,unknown,,,,,
RES-0953,https://ottawa.citynews.ca/2025/01/25/ottawa-to-receive-10-5-million-to-support-coordinated-response-to-unsheltered-homelessness/,ADJACENT,News citing federal Unsheltered Homelessness and Encampments Initiative funding announcement ($10.5M) [topics: ottawa],no,corpus/ottawa-citynews-ca-ottawa-to-receive-10-5-million-to-support-coordinated-respons.md,,0,explore.py,unknown,,,,,
RES-0954,https://housing-infrastructure.canada.ca/homelessness-sans-abri/reports-rapports/pit-counts-dp-2024-highlights-p1-eng.html,Government of Canada,"National federal PiT enumeration highlights, Part 1, covering Ottawa/Hamilton/London jointly -- fourth nationally coordinated PiT Count, 72 communities participated",yes,RES-0954,CL-9010416;CL-9010417;CL-9010418;CL-9010419;CL-9010420;CL-9010421,6,t0003-flagship-wave1,unknown,,,,,
RES-0955,https://housing-infrastructure.canada.ca/homelessness-sans-abri/reports-rapports/pit-counts-dp-2024-highlights-p2-eng.html,Government of Canada,"National federal PiT enumeration highlights, Part 2, covering Ottawa/Hamilton/London jointly",yes,RES-0955,CL-9010422;CL-9010423;CL-9010424;CL-9010425;CL-9010426;CL-9010427;CL-9010428;CL-9010429;CL-9010430;CL-9010431,10,t0003-flagship-wave1,unknown,,,,,
RES-0956,https://housing-and-homelessness-dashboard-spatialsolutions.hub.arcgis.com/,Other (housing-and-homelessness-dashboard-spatialsolutions.hub.arcgis.com),"Live ArcGIS dashboard IS the primary data (shelter occupancy, inflow/outflow, waitlist, market rent) -- the data itself, not a portal to it",partial,RES-0956,,,t0003-flagship-wave1,unknown,,,,,
RES-0957,https://pub-hamilton.escribemeetings.com/filestream.ashx?DocumentId=441879,Other (pub-hamilton.escribemeetings.com),"Primary municipal PiT count report; core enumeration figure (1,216 individuals) for the jurisdiction",yes,RES-0957,CL-9010432;CL-9010433;CL-9010434;CL-9010435;CL-9010436;CL-9010437;CL-9010438;CL-9010439;CL-9010440;CL-9010441;CL-9010442;CL-9010443;CL-9010444;CL-9010445;CL-9010446;CL-9010447;CL-9010448;CL-9010449,18,t0003-flagship-wave1,unknown,,,,,
RES-0958,https://pub-hamilton.escribemeetings.com/filestream.ashx?DocumentId=445526,Other (pub-hamilton.escribemeetings.com),Primary city staff report with shelter bed capacity breakdown by type,yes,RES-0958,CL-9010450;CL-9010451;CL-9010452;CL-9010453,4,t0003-flagship-wave1,unknown,,,,,
RES-0959,https://pub-hamilton.escribemeetings.com/filestream.ashx?DocumentId=354806,Other (pub-hamilton.escribemeetings.com),Primary city staff report; system access/chronic homelessness figures and budget,yes,RES-0959,CL-9010454;CL-9010455;CL-9010456;CL-9010457;CL-9010458;CL-9010459;CL-9010460;CL-9010461;CL-9010462;CL-9010463;CL-9010464;CL-9010465;CL-9010466;CL-9010467;CL-9010468;CL-9010469,16,t0003-flagship-wave1,unknown,,,,,
RES-0960,https://pub-hamilton.escribemeetings.com/filestream.ashx?DocumentId=376916,Other (pub-hamilton.escribemeetings.com),Primary city staff report; council-approved emergency response expenditures,yes,RES-0960,CL-9010470;CL-9010471;CL-9010472;CL-9010473;CL-9010474;CL-9010475;CL-9010476;CL-9010477;CL-9010478;CL-9010479;CL-9010480;CL-9010481;CL-9010482,13,t0003-flagship-wave1,unknown,,,,,
RES-0961,https://pub-hamilton.escribemeetings.com/filestream.ashx?DocumentId=421499,Other (pub-hamilton.escribemeetings.com),Primary city staff report; council-approved shelter system expansion funding,yes,RES-0961,CL-9010483;CL-9010484;CL-9010485;CL-9010486;CL-9010487;CL-9010488;CL-9010489;CL-9010490,8,t0003-flagship-wave1,unknown,,,,,
RES-0962,https://pub-hamilton.escribemeetings.com/filestream.ashx?DocumentId=489532,Other (pub-hamilton.escribemeetings.com),Primary city staff performance report with unique-individuals-served figures,yes,RES-0962,CL-9010491;CL-9010492;CL-9010493;CL-9010494;CL-9010495;CL-9010496;CL-9010497;CL-9010498;CL-9010499;CL-9010500;CL-9010501,11,t0003-flagship-wave1,unknown,,,,,
RES-0963,https://pub-hamilton.escribemeetings.com/filestream.ashx?DocumentId=445494,Other (pub-hamilton.escribemeetings.com),Primary city staff report documenting HIFIS cyber incident and housing outcomes,yes,RES-0963,CL-9010502;CL-9010503;CL-9010504;CL-9010505;CL-9010506;CL-9010507;CL-9010508,7,t0003-flagship-wave1,unknown,,,,,
RES-0964,https://pub-hamilton.escribemeetings.com/filestream.ashx?DocumentId=357554,Other (pub-hamilton.escribemeetings.com),"Official council declaration of emergency, a primary governance action",yes,RES-0964,CL-9010509;CL-9010510;CL-9010511,3,t0003-flagship-wave1,unknown,,,,,
RES-0965,https://pub-hamilton.escribemeetings.com/filestream.ashx?DocumentId=438656,Other (pub-hamilton.escribemeetings.com),Primary public health staff report with 2021 PiT survey mental health/substance use figures,yes,RES-0965,CL-9010512;CL-9010513;CL-9010514;CL-9010515;CL-9010516;CL-9010517;CL-9010518;CL-9010519;CL-9010520;CL-9010521;CL-9010522;CL-9010523,12,t0003-flagship-wave1,unknown,,,,,
RES-0966,https://pub-hamilton.escribemeetings.com/filestream.ashx?DocumentId=439540,Other (pub-hamilton.escribemeetings.com),Primary staff report documenting policy change and encampment site count,yes,RES-0966,CL-9010524;CL-9010525;CL-9010526;CL-9010527;CL-9010528;CL-9010529;CL-9010530;CL-9010531,8,t0003-flagship-wave1,unknown,,,,,
RES-0967,https://pub-hamilton.escribemeetings.com/filestream.ashx?DocumentId=317944,Other (pub-hamilton.escribemeetings.com),Primary council vote record documenting 2021 Protocol repeal and encampment count change,yes,RES-0967,CL-9010532;CL-9010533;CL-9010534;CL-9010535;CL-9010536;CL-9010537,6,t0003-flagship-wave1,unknown,,,,,
RES-0968,https://open.hamilton.ca/datasets/4bb655e968a246fd95332f447609120e_23/explore,Other (open.hamilton.ca),Live city open-data dataset IS the primary machine-readable shelter bed data,partial,RES-0968,,,t0003-flagship-wave1,unknown,,,,,
RES-0969,https://open.hamilton.ca/datasets/0869417f4ab04937a9fa3acc770b3d12_22/explore,Other (open.hamilton.ca),Live city open-data dataset IS the primary machine-readable homelessness duration data,partial,RES-0969,,,t0003-flagship-wave1,unknown,,,,,
RES-0970,https://pub-hamilton.escribemeetings.com/filestream.ashx?DocumentId=427848,Other (pub-hamilton.escribemeetings.com),Primary city planning department report with core housing need figures,yes,RES-0970,CL-9010538;CL-9010539;CL-9010540;CL-9010541;CL-9010542;CL-9010543;CL-9010544;CL-9010545;CL-9010546;CL-9010547;CL-9010548;CL-9010549;CL-9010550;CL-9010551;CL-9010552;CL-9010553;CL-9010554;CL-9010555;CL-9010556;CL-9010557;CL-9010558;CL-9010559;CL-9010560;CL-9010561;CL-9010562;CL-9010563;CL-9010564;CL-9010565;CL-9010566;CL-9010567;CL-9010568;CL-9010569;CL-9010570;CL-9010571;CL-9010572;CL-9010573;CL-9010574;CL-9010575;CL-9010576;CL-9010577;CL-9010578;CL-9010579;CL-9010580;CL-9010581;CL-9010582;CL-9010583;CL-9010584,47,t0003-flagship-wave1,unknown,,,,,
RES-0971,https://pub-hamilton.escribemeetings.com/filestream.ashx?DocumentId=388554,Other (pub-hamilton.escribemeetings.com),Primary city staff report; council-approved family shelter and Indwell investments,yes,RES-0971,CL-9010585;CL-9010586;CL-9010587;CL-9010588;CL-9010589;CL-9010590;CL-9010591;CL-9010592;CL-9010593,9,t0003-flagship-wave1,unknown,,,,,
RES-0972,https://pub-hamilton.escribemeetings.com/filestream.ashx?DocumentId=427829,Other (pub-hamilton.escribemeetings.com),Primary city staff report; specific permanent bed approvals by provider and cost,yes,RES-0972,CL-9010594;CL-9010595;CL-9010596;CL-9010597;CL-9010598;CL-9010599;CL-9010600;CL-9010601;CL-9010602;CL-9010603;CL-9010604;CL-9010605,12,t0003-flagship-wave1,unknown,,,,,
RES-0973,https://pub-hamilton.escribemeetings.com/filestream.ashx?DocumentId=441880,Other (pub-hamilton.escribemeetings.com),"Primary Indigenous-specific PiT survey data, the city's own appendix on this gap",yes,RES-0973,CL-9010606;CL-9010607;CL-9010608;CL-9010609;CL-9010610;CL-9010611;CL-9010612;CL-9010613;CL-9010614;CL-9010615;CL-9010616;CL-9010617;CL-9010618;CL-9010619,14,t0003-flagship-wave1,unknown,,,,,
RES-0974,https://pub-hamilton.escribemeetings.com/filestream.ashx?DocumentId=388511,Other (pub-hamilton.escribemeetings.com),Primary federal-funder homelessness system report with system access figures,yes,RES-0974,CL-9010620;CL-9010621;CL-9010622;CL-9010623;CL-9010624;CL-9010625;CL-9010626;CL-9010627;CL-9010628;CL-9010629;CL-9010630;CL-9010631;CL-9010632;CL-9010633;CL-9010634;CL-9010635;CL-9010636;CL-9010637;CL-9010638;CL-9010639;CL-9010640;CL-9010641;CL-9010642;CL-9010643;CL-9010644;CL-9010645;CL-9010646;CL-9010647;CL-9010648;CL-9010649;CL-9010650;CL-9010651;CL-9010652;CL-9010653;CL-9010654;CL-9010655;CL-9010656;CL-9010657;CL-9010658,39,t0003-flagship-wave1,unknown,,,,,
RES-0975,https://pub-hamilton.escribemeetings.com/FileStream.ashx?DocumentId=378591,Other (pub-hamilton.escribemeetings.com),Primary city staff report; council-approved winter response funding and drop-in figures,yes,RES-0975,CL-9010659;CL-9010660;CL-9010661;CL-9010662;CL-9010663;CL-9010664;CL-9010665;CL-9010666;CL-9010667;CL-9010668;CL-9010669;CL-9010670;CL-9010671;CL-9010672;CL-9010673;CL-9010674,16,t0003-flagship-wave1,unknown,,,,,
RES-0976,https://pub-hamilton.escribemeetings.com/filestream.ashx?DocumentId=438098,Other (pub-hamilton.escribemeetings.com),Official council vote record (14-2) rescinding the Encampment Protocol,yes,RES-0976,CL-9010675;CL-9010676;CL-9010677;CL-9010678,4,t0003-flagship-wave1,unknown,,,,,
RES-0977,https://pub-hamilton.escribemeetings.com/filestream.ashx?DocumentId=416342,Other (pub-hamilton.escribemeetings.com),Primary committee motion record with active homeless population figure,yes,RES-0977,CL-9010679;CL-9010680;CL-9010681;CL-9010682;CL-9010683;CL-9010684;CL-9010685;CL-9010686;CL-9010687;CL-9010688;CL-9010689;CL-9010690,12,t0003-flagship-wave1,unknown,,,,,
RES-0978,https://pub-hamilton.escribemeetings.com/filestream.ashx?DocumentId=437984,Other (pub-hamilton.escribemeetings.com),Primary committee motion record with total city housing/homelessness investment figure ($186M),yes,RES-0978,CL-9010691;CL-9010692;CL-9010693;CL-9010694,4,t0003-flagship-wave1,unknown,,,,,
RES-0979,https://www12.statcan.gc.ca/census-recensement/2021/dp-pd/prof/details/page.cfm?Lang=E&SearchText=Hamilton&GENDERlist=1&STATISTIClist=1&DGUIDlist=2021A00033525&HEADERlist=0,Government of Canada,"Official federal census profile, primary demographic/housing tenure data",yes,RES-0979,CL-9010695;CL-9010696;CL-9010697;CL-9010698;CL-9010699;CL-9010700;CL-9010701;CL-9010702;CL-9010703;CL-9010704;CL-9010705;CL-9010706;CL-9010707,13,t0003-flagship-wave1,unknown,,,,,
RES-0980,https://www12.statcan.gc.ca/census-recensement/2021/dp-pd/prof/details/page.cfm?Lang=E&DGUIDlist=2021S0503537&GENDERlist=1&STATISTIClist=1&HEADERlist=0,Government of Canada,"Official federal census profile: core housing need, shelter-cost-to-income ratio, and household tenure data for Hamilton CMA",yes,RES-0980,,,t0003-flagship-wave1,full,,,,,
RES-0981,https://assets.cmhc-schl.gc.ca/sites/cmhc/professional/housing-markets-data-and-research/market-reports/housing-market-outlook/2025/housing-market-outlook-02-2025-en.pdf,Government of Canada,"Official federal housing-agency market forecast report, primary rental market data",yes,RES-0981,CL-9010708;CL-9010709;CL-9010710;CL-9010711,4,t0003-flagship-wave1,unknown,,,,,
RES-0982,https://clcyr.on.ca/wp-content/uploads/2024/12/Hamilton-decision.pdf,Other (clcyr.on.ca),Primary court decision with city-submitted shelter capacity data and homeless population estimate,yes,RES-0982,CL-9010712;CL-9010713;CL-9010714;CL-9010715;CL-9010716;CL-9010717;CL-9010718;CL-9010719,8,t0003-flagship-wave1,unknown,,,,,
RES-0983,https://www.sarnia.ca/app/uploads/2024/05/Opinion-re-Rainbow-Park-Encampment-Enforcement.pdf,ADJACENT,"Secondary legal opinion document (Sarnia's own) that discusses the Hamilton precedent as context, not the primary Hamilton court record itself [topics: hamilton]",no,corpus/sarnia-ca-opinion-re-rainbow-park-encampment-enforcement-pdf.md,,0,explore.py,unknown,,,,,
RES-0984,https://sprchamilton.ca/linking-social-assistance-rates-and-homelessness-in-hamilton/,Other (sprchamilton.ca),"Independent research org report with FOI-obtained primary OW/ODSP homelessness figures, real original findings",yes,RES-0984,CL-9010720;CL-9010721;CL-9010722;CL-9010723;CL-9010724;CL-9010725;CL-9010726,7,t0003-flagship-wave1,unknown,,,,,
RES-0985,https://hamiltoncommunityfoundation.ca/vitalsigns-report/wp-content/uploads/2023/09/HCF-2023-VITAL-SIGNS-Report.pdf,ADJACENT,Foundation report compiling/interpreting city PiT figures rather than presenting new primary enumeration [topics: hamilton],no,corpus/hamiltoncommunityfoundation-ca-hcf-2023-vital-signs-report-pdf.md,,0,explore.py,unknown,,,,,
RES-0986,https://cmhahamilton.ca/wp-content/uploads/2024/06/CMHA-Hamilton_AnnualReport-2024-FinalDigital.pdf,ADJACENT,"Secondary org's own annual report/financials, context not primary homelessness enumeration [topics: hamilton]",no,corpus/cmhahamilton-ca-cmha-hamilton-annualreport-2024-finaldigital-pdf.md,,0,explore.py,unknown,,,,,
RES-0987,https://cmhahamilton.ca/wp-content/uploads/2025/06/Hamilton-AR-2025-FINAL.pdf,ADJACENT,"Secondary org's own annual report/financials, context not primary homelessness enumeration [topics: hamilton]",no,corpus/cmhahamilton-ca-hamilton-ar-2025-final-pdf.md,,0,explore.py,unknown,,,,,
RES-0988,https://cmhahamilton.ca/programs/primary-health-care-clinic/,ADJACENT,"Org program-description page, secondary context on service delivery [topics: hamilton]",no,corpus/cmhahamilton-ca-primary-health-care-clinic.md,,0,explore.py,unknown,,,,,
RES-0989,https://cmhahamilton.ca/programs/peer-support-services-and-the-cmha-street-team/,ADJACENT,"Org program-description page, secondary context on service delivery [topics: hamilton]",no,corpus/cmhahamilton-ca-peer-support-services-and-the-cmha-street-team.md,,0,explore.py,unknown,,,,,
RES-0990,https://shelterhealthnetwork.ca/?page_id=42,Other (shelterhealthnetwork.ca),"Independent clinical study with real primary data (patient counts, chart-review prevalence figures)",yes,RES-0990,CL-9010727;CL-9010728,2,t0003-flagship-wave1,unknown,,,,,
RES-0991,https://goodshepherdcentres.ca/news/category/annual-reports/,ADJACENT,"Live-checked: archive/index listing linking to individual annual reports, not itself a single primary report -- kept as ADJACENT navigational reference to a real shelter operator's report series [topics: hamilton]",no,corpus/goodshepherdcentres-ca-annual-reports.md,,0,explore.py,unknown,,,,,
RES-0992,https://wesley.ca/services/housing-homelessness/,ADJACENT,"Org program-description page, secondary context on service delivery [topics: hamilton]",no,corpus/wesley-ca-housing-homelessness.md,,0,explore.py,unknown,,,,,
RES-0993,https://www.hamiltonhealthsciences.ca/share/the-hub-second-year/,ADJACENT,"Hospital's own press release/announcement reporting its program's figures, secondary compiled context [topics: hamilton]",no,corpus/hamiltonhealthsciences-ca-the-hub-second-year.md,,0,explore.py,unknown,,,,,
RES-0994,https://www.hamiltoncommunityfoundation.ca/wp-content/uploads/2024/09/HCF-AR-2024-FINAL-1-1.pdf,ADJACENT,"Foundation's own annual report/financials, secondary context not primary homelessness data [topics: hamilton]",no,corpus/hamiltoncommunityfoundation-ca-hcf-ar-2024-final-1-1-pdf.md,,0,explore.py,unknown,,,,,
RES-0995,https://www.hamiltoncommunityfoundation.ca/wp-content/uploads/2023/09/2023-Mayers-et-al-experiencing-urban-change-Hamilton-LRT.pdf,Other (www.hamiltoncommunityfoundation.ca),Genuine academic (McMaster) research report with real primary findings on displacement pressures,yes,RES-0995,CL-9010729;CL-9010730;CL-9010731;CL-9010732;CL-9010733;CL-9010735;CL-9010736;CL-9010737;CL-9010738;CL-9010739;CL-9010740;CL-9010741;CL-9010742;CL-9010743;CL-9010744;CL-9010745;CL-9010746;CL-9010747;CL-9010748;CL-9010749;CL-9010750,21,t0003-flagship-wave1,unknown,,,,,
RES-0996,https://www.hamiltonpoverty.ca,ADJACENT,"Live-checked: mostly a navigation/landing homepage, but does point to a real current strategic document (2025 poverty reduction strategy) -- kept as ADJACENT context rather than a primary source itself [topics: hamilton]",no,corpus/hamiltonpoverty-ca-hamiltonpoverty-ca.md,,0,explore.py,unknown,,,,,
RES-0997,https://www.hamiltonjustice.ca/,IMMATERIAL-LOGGED,"Live-checked: homepage returns only logo, bilingual welcome message, and staff photo -- no independent housing-rights-service content visible at this URL; not worth archiving as given",no,,,0,explore.py,unknown,,,,,
RES-0998,https://homelesshub.ca/wp-content/uploads/2024/04/Hamilton_encampments_case_study-EN_1.pdf,Other (homelesshub.ca),Independent academic/research-org report with real primary case-study findings on Hamilton litigation and advocacy,yes,RES-0998,CL-9010751;CL-9010752;CL-9010753;CL-9010754;CL-9010755;CL-9010756;CL-9010757;CL-9010758;CL-9010759;CL-9010760;CL-9010761;CL-9010762;CL-9010763;CL-9010764;CL-9010765;CL-9010766;CL-9010767;CL-9010768;CL-9010769;CL-9010770;CL-9010771,21,t0003-flagship-wave1,unknown,,,,,
RES-0999,https://homelesshub.ca/wp-content/uploads/2024/04/Overview-of-Encampments-Across-Canada_EN_1.pdf,Other (homelesshub.ca),Independent academic/research-org national comparative report including a substantive Hamilton case study,yes,RES-0999,CL-9010772;CL-9010773;CL-9010774;CL-9010775;CL-9010776;CL-9010777;CL-9010778;CL-9010779;CL-9010780,9,t0003-flagship-wave1,unknown,,,,,
RES-1000,https://pmc.ncbi.nlm.nih.gov/articles/PMC12410648/,Academic/peer-reviewed,Peer-reviewed academic journal article citing Hamilton primary data and providing original qualitative findings,partial,RES-1000,,,t0003-flagship-wave1,unknown,,,,,
RES-1001,https://www.tvo.org/article/by-the-numbers-using-data-to-track-housing-and-homelessness-in-hamilton,ADJACENT,"News reporting citing dashboard figures, secondary context not the primary source itself [topics: hamilton]",no,corpus/tvo-org-by-the-numbers-using-data-to-track-housing-and-homelessness-in-hamilton.md,,0,explore.py,unknown,,,,,
RES-1002,https://www.thespec.com/news/hamilton-region/council-scraps-hamiltons-encampment-protocol/article_4f17803e-986f-5a4b-84c5-b8656086319f.html,ADJACENT,"News reporting on council funding figures and encampment estimates; known paywalled, attempting light-ingest for whatever preview content is available [topics: hamilton]",no,corpus/thespec-com-article-4f17803e-986f-5a4b-84c5-b8656086319f-html.md,,0,explore.py,unknown,,,,,
RES-1003,https://thepublicrecord.ca/2021/11/ontario-court-rules-against-injunction-city-of-hamilton-plans-to-remove-encampments/,ADJACENT,"Primary reporting/quotes from the Poff ruling, secondary journalism not the court record itself [topics: hamilton]",no,corpus/thepublicrecord-ca-ontario-court-rules-against-injunction-city-of-hamilton-plans.md,,0,explore.py,unknown,,,,,
RES-1004,https://www3.ohrc.on.ca/sites/default/files/Annual%20Report%202024-2025-Cultivating%20a%20Culture%20of%20Dignity%20and%20Respect-A%20Shared%20Responsibility.pdf,Other (www3.ohrc.on.ca),Primary institutional government report documenting OHRC's own intervention attempt in Heegsma v. Hamilton,yes,RES-1004,CL-9010781;CL-9010782;CL-9010783;CL-9010784,4,t0003-flagship-wave1,unknown,,,,,
RES-1005,https://www.toronto.ca/legdocs/mmis/2025/cc/bgrd/backgroundfile-258818.pdf,City of Toronto,Primary municipal staff report with substantive legal detail on the Heegsma v. Hamilton appeal,yes,RES-1005,CL-9010785;CL-9010786;CL-9010787;CL-9010788;CL-9010789,5,t0003-flagship-wave1,unknown,,,,,
RES-1006,https://homelessnesslearninghub.ca/library/resources/community-encampment-response-plans-unsheltered-homelessness-and-encampments-initiative/,ADJACENT,"Live-checked: federal resource aggregator page organizing links to municipal plans including Hamilton's, not itself Hamilton-specific primary content [topics: hamilton]",no,corpus/homelessnesslearninghub-ca-community-encampment-response-plans-unsheltered-homel.md,,0,explore.py,unknown,,,,,
RES-1007,https://socialrights.ca/Heegsma/COA-Vol.6.pdf,Other (socialrights.ca),"Primary legal advocacy documentation, part of the actual Court of Appeal record for Heegsma v. Hamilton",yes,RES-1007,CL-9010790;CL-9010791;CL-9010792;CL-9010793;CL-9010794;CL-9010795;CL-9010796;CL-9010797;CL-9010798;CL-9010799;CL-9010800;CL-9010801,12,t0003-flagship-wave1,unknown,,,,,
RES-1008,https://pub-hamilton.escribemeetings.com/filestream.ashx?DocumentId=297120,Other (pub-hamilton.escribemeetings.com),"Primary federal-funder homelessness system report; CTEH framework, HIFIS onboarding, pandemic response",yes,RES-1008,CL-9010802;CL-9010803;CL-9010804;CL-9010805;CL-9010806;CL-9010807;CL-9010808;CL-9010809;CL-9010810;CL-9010811;CL-9010812,11,t0003-flagship-wave1,unknown,,,,,
RES-1009,https://pub-hamilton.escribemeetings.com/filestream.ashx?DocumentId=439476,Other (pub-hamilton.escribemeetings.com),Primary city staff report with waitlist and placement figures,yes,RES-1009,CL-9010813;CL-9010814;CL-9010815;CL-9010816;CL-9010817,5,t0003-flagship-wave1,unknown,,,,,
RES-1010,https://indigenoushomelessnesscircle.home.blog/2020/08/11/indigenous-ces/,IMMATERIAL-LOGGED,"Live-checked: page is a directory listing of Indigenous Community Entities across Canada with only a one-line description of CHIL, no independent Hamilton-specific analysis or data of its own",no,,,0,explore.py,unknown,,,,,
RES-1011,https://sprchamilton.ca/housing-and-homelessness/,ADJACENT,"Live-checked: primarily a hub/index page linking to SPRC's own reports (one of which, the social-assistance-rates report, is separately archived MATERIAL); kept as ADJACENT navigational reference [topics: hamilton]",no,corpus/sprchamilton-ca-housing-and-homelessness.md,,0,explore.py,unknown,,,,,
RES-1012,https://www.chch.com/chch-news/cityhousing-hamilton-fills-nearly-500-vacant-units/,ADJACENT,"News reporting citing CHH's own data, secondary context [topics: hamilton]",no,corpus/chch-com-cityhousing-hamilton-fills-nearly-500-vacant-units.md,,0,explore.py,unknown,,,,,
RES-1013,https://thepublicrecord.ca/2025/01/city-of-hamilton-releases-december-encampment-stats/,ADJACENT,"News reporting citing a direct city council report, secondary context not the primary report itself [topics: hamilton]",no,corpus/thepublicrecord-ca-city-of-hamilton-releases-december-encampment-stats.md,,0,explore.py,unknown,,,,,
RES-1014,https://thepublicrecord.ca/2025/03/brief-hamilton-affordable-housing-list-increases-despite-record-year-of-placements/,ADJACENT,"News reporting citing a direct municipal report, secondary context not the primary report itself [topics: hamilton]",no,corpus/thepublicrecord-ca-brief-hamilton-affordable-housing-list-increases-despite-reco.md,,0,explore.py,unknown,,,,,
RES-1015,https://decisions.ipc.on.ca/ipc-cipvp/orders/en/132443/1/document.do,IMMATERIAL-LOGGED,"Live-checked: HTTP 403 Forbidden -- same blocking pattern encountered with CanLII in the Ottawa batch; not retryable without different access, falling back per the dead/blocked-link rule rather than fighting it",no,,,0,explore.py,unknown,,,,,
RES-1016,https://www.hamilton.ca/housing-data,IMMATERIAL-LOGGED,"Live-checked: this hamilton.ca portal URL 301-redirects directly to the ArcGIS Housing and Homelessness Dashboard already triaged MATERIAL in this same batch -- a genuine duplicate of that resource, not independent content",no,,,0,explore.py,unknown,,,,,
RES-1017,https://bfzcanada.ca/by-name-lists/,ADJACENT,"National third-party reference page listing Hamilton's dashboard as an example, not Hamilton-specific primary content itself [topics: hamilton]",no,corpus/bfzcanada-ca-by-name-lists.md,,0,explore.py,unknown,,,,,
RES-1018,https://canadacommons.ca/artifacts/28198163/cityhousing-hamilton-2023-annual-report/29098016/,IMMATERIAL-LOGGED,"MATERIAL attempt failed: HTTP 403 -- fetch blocked or errored -- CityHousing Hamilton 2023 Annual Report (vacancy reduced 9%->2.2%, 73% RGI tenants, 2024 audited $1.69M surplus, March 2024 fraud incident $552K wired, $3.8M special repair funding) [topics: hamilton]",no,,,0,explore.py,unknown,,,,,
RES-1019,https://policycommons.net/artifacts/3498527/coming-together-to-end-homelessness/4299123/,IMMATERIAL-LOGGED,"MATERIAL attempt failed: HTTP 403 -- fetch blocked or errored -- Hamilton's Systems Planning Framework (CTEH): adopted municipal policy framework, roadmap to end chronic homelessness by 2025, reconciliation framework, Indigenous Community Entity, Community Advisory Board [topics: hamilton]",no,,,0,explore.py,unknown,,,,,
RES-1020,https://london.ca/living-london/community-services/homeless-prevention-housing/homelessness-online-dashboards,Other (london.ca),"Live monthly HIFIS-fed dashboards (Homeless Individuals in London, Emergency Shelter, Whole of Community System Response) ARE the underlying shelter/encampment/demographic data, not a link-index -- primary source a wiki page would cite directly",yes,RES-1020,,,t0003-flagship-wave1,unknown,,,,,
RES-1021,https://london.ca/sites/default/files/2025-09/Health%20and%20Homelessness%20Whole%20of%20Community%20System%20Response%20Research%20and%20Evaluation%20Report.pdf,Other (london.ca),"City/CRHESI evaluation report with verified HIFIS tables (By-Name List growth 1,844->2,200+, high-acuity count, 174 preventable deaths Jan2022-Jun2024) -- primary load-bearing evidentiary document",yes,RES-1021,CL-9010818;CL-9010819;CL-9010820;CL-9010821;CL-9010822;CL-9010823;CL-9010824;CL-9010825;CL-9010826;CL-9010827;CL-9010828;CL-9010829;CL-9010830;CL-9010831;CL-9010832;CL-9010833;CL-9010834;CL-9010835;CL-9010836;CL-9010837;CL-9010838;CL-9010839;CL-9010840;CL-9010841;CL-9010842;CL-9010843;CL-9010844;CL-9010845;CL-9010846;CL-9010847,30,t0003-flagship-wave1,unknown,,,,,
RES-1022,https://london.ca/sites/default/files/2025-04/London%E2%80%99s%20Health%20and%20Homelessness%20Response%20Community%20Encampment%20Plan.pdf,Other (london.ca),"Official municipal plan with primary figures (~305 unsheltered Nov2023, ~103 encampments) governing London's encampment response policy",yes,RES-1022,CL-9010848;CL-9010849;CL-9010850;CL-9010851;CL-9010852;CL-9010853;CL-9010854;CL-9010855;CL-9010856;CL-9010857;CL-9010858;CL-9010859;CL-9010860;CL-9010861;CL-9010862;CL-9010863;CL-9010864;CL-9010865;CL-9010866;CL-9010867,20,t0003-flagship-wave1,unknown,,,,,
RES-1023,https://london.ca/sites/default/files/2024-07/2024-06-10%20-%20Staff%20Report%20%282.4%29%20-%20Housing%20Stability%20for%20All%20Plan%202023%20Update%20-%20Full.pdf,Other (london.ca),"Official Council committee staff report with primary By-Name List, waitlist, and housing-placement figures for 2023",yes,RES-1023,CL-9010868;CL-9010869;CL-9010870;CL-9010871;CL-9010872;CL-9010873;CL-9010874;CL-9010875;CL-9010876;CL-9010877;CL-9010878;CL-9010879;CL-9010880;CL-9010881;CL-9010882;CL-9010883;CL-9010884;CL-9010885;CL-9010886;CL-9010887;CL-9010888,21,t0003-flagship-wave1,unknown,,,,,
RES-1024,https://www.middlesex.ca/news/councils-endorse-refreshed-plan-improve-housing-stability-reduce-homelessness,Other (www.middlesex.ca),"Joint-CMSM municipal government release with primary BNL growth (1,036->2,294), PiT count, and rent figures for the new plan -- own municipal site, not third-party journalism (note: same underlying plan as london.ca's dedicated 2026-2031 plan page, triaged separately as a distinct URL/document)",yes,RES-1024,CL-9010889;CL-9010890;CL-9010891;CL-9010892;CL-9010893,5,t0003-flagship-wave1,unknown,,,,,
RES-1025,https://london.ca/sites/default/files/2021-10/CofL_HousingStablityReport_2021_V7.pdf,Other (london.ca),Official predecessor statutory plan document with primary Coordinated Access/Built for Zero Veterans data,yes,RES-1025,CL-9010894;CL-9010895;CL-9010896;CL-9010897;CL-9010898;CL-9010899;CL-9010900;CL-9010901;CL-9010902;CL-9010903;CL-9010904;CL-9010905;CL-9010906;CL-9010907;CL-9010908;CL-9010909;CL-9010910;CL-9010911;CL-9010912;CL-9010913;CL-9010914;CL-9010915;CL-9010916;CL-9010917;CL-9010918;CL-9010919;CL-9010920;CL-9010921,28,t0003-flagship-wave1,unknown,,,,,
RES-1026,https://london.ca/sites/default/files/2022-02/AFFORDABLE%20HOUSING_CIP_10.01.2020_compressed.pdf,Other (london.ca),"Official planning document with primary Census-derived core housing need table (13.8% overall, 29.7% renters)",yes,RES-1026,CL-9010922;CL-9010923;CL-9010924;CL-9010925;CL-9010926;CL-9010927;CL-9010928;CL-9010929;CL-9010930;CL-9010931;CL-9010932;CL-9010933;CL-9010934;CL-9010935,14,t0003-flagship-wave1,unknown,,,,,
RES-1027,https://pub-london.escribemeetings.com/filestream.ashx?DocumentId=109431,Other (pub-london.escribemeetings.com),"Official Council staff report with legal case-law analysis (Waterloo Region v Persons Unknown, Black v Toronto) governing London's encampment-clearing authority",yes,RES-1027,CL-9010936;CL-9010937;CL-9010938;CL-9010939;CL-9010940;CL-9010941;CL-9010942;CL-9010943;CL-9010944;CL-9010945;CL-9010946;CL-9010947;CL-9010948;CL-9010949;CL-9010950;CL-9010951;CL-9010952;CL-9010953;CL-9010954,19,t0003-flagship-wave1,unknown,,,,,
RES-1028,https://london.ca/sites/default/files/2025-03/Tenant%20Information%20Package%2003-05-25.pdf,ADJACENT,"Official document but content is a community-partner services directory, not itself a source of primary homelessness figures -- useful context for mapping the local service ecosystem [topics: london]",no,corpus/london-ca-tenant-20information-20package-2003-05-25-pdf.md,,0,explore.py,unknown,,,,,
RES-1029,https://www.middlesex.ca/sites/default/files/documents/Middlesex%20HAF%20Housing%20Needs%20Assessment%20Final.pdf,Other (www.middlesex.ca),Primary Census/HART-derived core housing need data across Middlesex County municipalities plus HAF application analysis -- regional context for London's housing pressure,yes,RES-1029,CL-9010955;CL-9010956;CL-9010957;CL-9010958;CL-9010959;CL-9010960;CL-9010961;CL-9010962;CL-9010963;CL-9010964;CL-9010965;CL-9010966;CL-9010967;CL-9010968;CL-9010969;CL-9010970;CL-9010971;CL-9010972;CL-9010973,19,t0003-flagship-wave1,unknown,,,,,
RES-1030,https://www.ontario.ca/page/service-manager-name-list-2022-guidelines,Government of Ontario,"Provincial policy document governing how London as CMSM must maintain its By-Name List -- province-wide framework, jurisdiction ca/on not ca/on/london",yes,RES-1030,CL-9010974;CL-9010975;CL-9010976;CL-9010977;CL-9010978;CL-9010979;CL-9010980,7,t0003-flagship-wave1,unknown,,,,,
RES-1031,https://www.healthunit.com/wp-content/uploads/2026/02/Housing-Report-Vfinal.pdf,Other (www.healthunit.com),Public-health report with primary Census-derived core housing need (11.2%) and affordability figures for London,yes,RES-1031,CL-9010981;CL-9010982;CL-9010983;CL-9010984;CL-9010985;CL-9010986;CL-9010987;CL-9010988,8,t0003-flagship-wave1,unknown,,,,,
RES-1032,https://www.healthunit.com/2023-07-20-boh-minutes,IMMATERIAL-LOGGED,"ADJACENT attempt failed: FAILED: HTTP 404 — fetch blocked or errored -- original reason: Procedural meeting minutes noting MLHU's participation in the Health and Homelessness Strategy table -- secondary/procedural record, not itself a data source [topics: london]",no,,,0,explore.py,unknown,,,,,
RES-1033,https://www.healthunit.com/2023-11-16-boh-minutes,IMMATERIAL-LOGGED,ADJACENT attempt failed: FAILED: HTTP 404 — fetch blocked or errored -- original reason: Procedural meeting minutes noting the ongoing homelessness crisis and MLHU's strategic-guidance role -- secondary/procedural record [topics: london],no,,,0,explore.py,unknown,,,,,
RES-1034,https://www.healthunit.com/2023-03-16-boh-minutes,IMMATERIAL-LOGGED,"ADJACENT attempt failed: FAILED: HTTP 404 — fetch blocked or errored -- original reason: Procedural meeting minutes describing a proposed 24/7 integrated Hub model -- secondary/procedural record of a policy discussion, not primary data [topics: london]",no,,,0,explore.py,unknown,,,,,
RES-1035,https://www.healthunit.com/wp-content/uploads/2025/12/83-25-Appendix-F-OPRS-Consultation.pdf,Other (www.healthunit.com),"Primary housing/homelessness figures (11.2% core housing need, 1,392 individuals homeless as of Oct 2025) in an official public-health appendix",yes,RES-1035,CL-9010989;CL-9010990;CL-9010991;CL-9010992;CL-9010993;CL-9010994;CL-9010995;CL-9010996;CL-9010997;CL-9010998,10,t0003-flagship-wave1,unknown,,,,,
RES-1036,https://www12.statcan.gc.ca/census-recensement/2021/dp-pd/prof/details/page.cfm?Lang=E&DGUIDlist=2021S0503555&GENDERlist=1&STATISTIClist=1&HEADERlist=0,Government of Canada,Official census profile with primary shelter-cost-to-income and core housing need data for London CMA,yes,RES-1036,,,t0003-flagship-wave1,full,,,,,
RES-1037,https://www.cmhc-schl.gc.ca/professionals/housing-markets-data-and-research/market-reports/rental-market-reports-major-centres,Government of Canada,"Live-checked: genuine substantive CMHC report page (~87,000 chars real text, not a thin portal shell) with annual vacancy/rent data critical to understanding inflow drivers into homelessness",yes,RES-1037,,,t0003-flagship-wave1,unknown,,,,,
RES-1038,https://london.ca/living-london/community-services/homeless-prevention-housing/snapshot-homelessness-london,IMMATERIAL-LOGGED,"MATERIAL attempt failed: FAILED: HTTP 404 — fetch blocked or errored (raw response kept in vault for review) -- original reason: Official quarterly By-Name List data page (1,987 actively homeless, 48% chronic, 222 unsheltered, 75 encampments) -- primary evidentiary source [topics: london]",no,,,0,explore.py,unknown,,,,,
RES-1039,https://pub-london.escribemeetings.com/filestream.ashx?DocumentId=115679,Other (pub-london.escribemeetings.com),Official quarterly Council staff report tracking WoCSR system-response outputs and inflow/outflow metrics,yes,RES-1039,CL-9010999;CL-9011000;CL-9011001;CL-9011002;CL-9011003;CL-9011004;CL-9011005,7,t0003-flagship-wave1,unknown,,,,,
RES-1040,https://pub-london.escribemeetings.com/filestream.ashx?DocumentId=113803,Other (pub-london.escribemeetings.com),Official Council staff report with Ark Aid Street Mission and CERP shelter/encampment response metrics,yes,RES-1040,CL-9011006;CL-9011007;CL-9011008;CL-9011009;CL-9011010;CL-9011011;CL-9011012;CL-9011013;CL-9011014;CL-9011015;CL-9011016;CL-9011017;CL-9011018;CL-9011019;CL-9011020;CL-9011021;CL-9011022;CL-9011023;CL-9011024;CL-9011025,20,t0003-flagship-wave1,unknown,,,,,
RES-1041,https://london.ca/government/council-civic-administration/freedom-information-requests,ADJACENT,"Live-checked: real substantive MFIPPA policy text (~10,000 chars in main content, not a JS-shell), but procedural/access-rights explanation rather than a source of homelessness figures itself [topics: london]",no,corpus/london-ca-freedom-information-requests.md,,0,explore.py,unknown,,,,,
RES-1042,https://london.ca/government/council-civic-administration/council-committee-meetings,ADJACENT,"Live-checked: real substantive meeting-process content (~6,200 chars), but is an access/procedure page pointing to primary committee reports rather than a primary source itself [topics: london]",no,corpus/london-ca-council-committee-meetings.md,,0,explore.py,unknown,,,,,
RES-1043,https://www.amo.on.ca/sites/default/files/assets/DOCUMENTS/Reports/2025/2025-01-08-EndingChronicHomelessnessinOntario.pdf,Other (www.amo.on.ca),"Province-wide analysis aggregating all 47 Ontario service managers (81,515 known homeless in 2024) including London in aggregate -- jurisdiction ca/on not ca/on/london",yes,RES-1043,CL-9011026;CL-9011027;CL-9011028;CL-9011029;CL-9011030;CL-9011031;CL-9011032;CL-9011033;CL-9011034;CL-9011035;CL-9011036;CL-9011037;CL-9011038;CL-9011039;CL-9011040;CL-9011041;CL-9011042;CL-9011043;CL-9011044;CL-9011045,20,t0003-flagship-wave1,unknown,,,,,
RES-1044,https://cdn.shopify.com/s/files/1/0597/2587/3358/files/Atlohsa-ILACA-Final_Report.pdf,Other (cdn.shopify.com),"Primary research report analyzing City of London HIFIS data: Indigenous 30% of homeless population vs 2.6% of city population, 600+ day BNL waits",yes,RES-1044,CL-9011046;CL-9011047;CL-9011048;CL-9011049;CL-9011050;CL-9011051;CL-9011052;CL-9011053;CL-9011054;CL-9011055;CL-9011056;CL-9011057;CL-9011058;CL-9011059,14,t0003-flagship-wave1,unknown,,,,,
RES-1045,https://londoncares.ca/wp-content/uploads/2025/01/HOH-Impact.pdf,Other (londoncares.ca),"Primary program-evaluation data (60 residents, 89% from unsheltered, 83% ED-visit reduction) directly evaluating a named London supportive-housing program",yes,RES-1045,CL-9011060;CL-9011061;CL-9011062;CL-9011063;CL-9011064;CL-9011065;CL-9011066;CL-9011067;CL-9011068;CL-9011069;CL-9011070;CL-9011071;CL-9011072,13,t0003-flagship-wave1,unknown,,,,,
RES-1046,https://www.lhsc.on.ca/doc/annual_report/2025/health-and-homelessness/,Other (www.lhsc.on.ca),"Primary institutional data (280 homeless youth, 642 ED visits) tied to the Community Youth Hub opening",yes,RES-1046,CL-9011073;CL-9011074;CL-9011075;CL-9011076;CL-9011077;CL-9011078,6,t0003-flagship-wave1,unknown,,,,,
RES-1047,https://londoncares.ca/wp-content/uploads/2024/09/230125013-LC-2023-2024-Annual-Impact-Report-EMAIL-WEB.pdf,Other (londoncares.ca),"Primary operational data from the lead Housing First/coordinated-access provider (888 unique individuals served, 4,688 encampment interactions)",yes,RES-1047,CL-9011079;CL-9011080;CL-9011081;CL-9011082;CL-9011083;CL-9011084;CL-9011085;CL-9011086;CL-9011087;CL-9011088;CL-9011089;CL-9011090;CL-9011091;CL-9011092;CL-9011093;CL-9011094,16,t0003-flagship-wave1,unknown,,,,,
RES-1048,https://londoncares.ca/wp-content/uploads/2024/05/220328009-LC-Key-Messages-Report-EMAIL-WEB.pdf,Other (londoncares.ca),"Primary six-month operational data (575 unique individuals, 421 in encampments, 128 Indigenous-identified)",yes,RES-1048,CL-9011095;CL-9011096;CL-9011097;CL-9011098;CL-9011099;CL-9011100;CL-9011101;CL-9011102;CL-9011103;CL-9011104;CL-9011105;CL-9011106;CL-9011107;CL-9011108;CL-9011109;CL-9011110;CL-9011111;CL-9011112,18,t0003-flagship-wave1,unknown,,,,,
RES-1049,https://londoncares.ca/wp-content/uploads/2024/09/220328009-LC-Street-Outreach-Final-Evaluation-Report-EMAIL-WEB.pdf,Other (londoncares.ca),"Primary program evaluation (27,476 harm reduction items distributed, 80% partner-agency agreement on improved access)",yes,RES-1049,CL-9011113;CL-9011114;CL-9011115;CL-9011116;CL-9011117;CL-9011118;CL-9011119;CL-9011120;CL-9011121;CL-9011122;CL-9011123;CL-9011124;CL-9011125;CL-9011126;CL-9011127;CL-9011128;CL-9011129,17,t0003-flagship-wave1,unknown,,,,,
RES-1050,https://cdn.shopify.com/s/files/1/0597/2587/3358/files/Giwetashkad-Indigenous-Homelessness-Strategic-Plan.pdf,Other (cdn.shopify.com),Council-approved strategic plan establishing Indigenous-led homelessness response priorities and housing targets -- primary planning document,yes,RES-1050,CL-9011130;CL-9011131;CL-9011132;CL-9011133;CL-9011134;CL-9011135;CL-9011136;CL-9011137;CL-9011138;CL-9011139,10,t0003-flagship-wave1,unknown,,,,,
RES-1051,https://atlohsa.com/pages/yakhiya-takenhas,ADJACENT,"Org's own program-description page (11-unit transitional housing) -- useful context, not primary data/evaluation [topics: london]",no,corpus/atlohsa-com-yakhiya-takenhas.md,,0,explore.py,unknown,,,,,
RES-1052,https://cmhatv.ca/cmha-tvamhs-receives-5-million-in-new-funding-from-health-and-homelessness-fund-for-change/,IMMATERIAL-LOGGED,"ADJACENT attempt failed: FAILED: HTTP 403 — fetch blocked or errored -- original reason: Org press release announcing new funding/units -- secondary announcement context, not itself an evaluation or dataset [topics: london]",no,,,0,explore.py,unknown,,,,,
RES-1053,https://www.missionservices.ca/our-history,ADJACENT,"Org history page providing background on London's oldest shelter organizations -- context, not primary data [topics: london]",no,corpus/missionservices-ca-our-history.md,,0,explore.py,unknown,,,,,
RES-1054,https://www.linc.on.ca/,IMMATERIAL-LOGGED,"ADJACENT attempt failed: FAILED at fetch: HTTPSConnectionPool(host='www.linc.on.ca', port=443): Max retries exceeded with url: / (Caused by NameResolutionError(""HTTPSConnection(host='www.linc.on.ca', port=443): Failed to resolve 'www.linc.on.ca' ([Errno 8] nodename nor servname provided, or not known)"")) -- original reason: Org homepage describing services and WoCSR partnership role -- context for the local service ecosystem, not a data source [topics: london]",no,,,0,explore.py,unknown,,,,,
RES-1055,https://nlslm.com/,ADJACENT,"Org homepage describing legal-clinic services (eviction defense, tenant rights) -- context, not primary homelessness data [topics: london]",no,corpus/nlslm-com-nlslm-com.md,,0,explore.py,unknown,,,,,
RES-1056,https://unityproject.ca/wp-content/uploads/2021/11/Unity-Project-Annual-Report-2005-2006.pdf,ADJACENT,"Historical org annual report explicitly framed in the source material as useful for trend comparison, not a current load-bearing figure source [topics: london]",no,corpus/unityproject-ca-unity-project-annual-report-2005-2006-pdf.md,,0,explore.py,unknown,,,,,
RES-1057,https://crhesi.uwo.ca/health-homelessness/,Other (crhesi.uwo.ca),"Academic institution's own primary evaluation landing page: preventable deaths declined 20% 2022-2024, House of Hope ER-visit case data",yes,RES-1057,CL-9011140;CL-9011141;CL-9011142;CL-9011143;CL-9011144,5,t0003-flagship-wave1,unknown,,,,,
RES-1058,https://crhesi.uwo.ca/health-homelessness-research-evaluation-repository/,ADJACENT,"Central index/repository page linking to external reports -- aggregator, not itself a primary data source [topics: london]",no,corpus/crhesi-uwo-ca-health-homelessness-research-evaluation-repository.md,,0,explore.py,unknown,,,,,
RES-1059,https://ojs.lib.uwo.ca/index.php/ijoh/article/download/15051/12923,Other (ojs.lib.uwo.ca),Peer-reviewed article on COVID-19 impact on homelessness across 28 Canadian communities including London -- primary academic research,yes,RES-1059,CL-9011145,1,t0003-flagship-wave1,unknown,,,,,
RES-1060,https://www.cbc.ca/news/canada/london/,IMMATERIAL-LOGGED,"Source material cites a specific Sep 24, 2025 story but only supplies the generic, constantly-updating CBC London section-index URL, not the article itself; also explicitly noted paywalled -- not independently archivable at this URL [topics: london]",no,,,0,explore.py,unknown,,,,,
RES-1061,https://london.ctvnews.ca/,IMMATERIAL-LOGGED,"Source material cites a specific Sep 24, 2025 story but only supplies the generic CTV London section-index URL, not the article itself; also explicitly noted paywalled [topics: london]",no,,,0,explore.py,unknown,,,,,
RES-1062,https://www.ctvnews.ca/london/article/tight-timeline-for-londons-pitch-for-provincial-hart-hub-to-address-addiction-and-homelessness/,ADJACENT,Specific news article (not a section index) citing government HART Hub funding-application data -- secondary reporting on primary figures [topics: london],no,corpus/ctvnews-ca-tight-timeline-for-londons-pitch-for-provincial-hart-hub-to-address-a.md,,0,explore.py,unknown,,,,,
RES-1063,https://lfpress.com/,IMMATERIAL-LOGGED,"Source material gives only the generic paywalled homepage domain, not any specific article -- not independently archivable at this URL [topics: london]",no,,,0,explore.py,unknown,,,,,
RES-1064,https://homelesshub.ca/community_profile/london/,Other (homelesshub.ca),"Archives London's 2018 Point-in-Time Count baseline (406 individuals, 62% chronic) -- primary historical data source for longitudinal comparison",yes,RES-1064,CL-9011146;CL-9011147;CL-9011148;CL-9011149;CL-9011150;CL-9011151;CL-9011152;CL-9011153;CL-9011154,9,t0003-flagship-wave1,unknown,,,,,
RES-1065,https://www.healthunit.com/substance-use-support-services-middlesex-london/,ADJACENT,"Live-checked: genuine MLHU services directory (~14,000 chars) that names N'Amerind's Aboriginal Alcohol and Drug Program among referral resources -- real context mapping the local Indigenous-specific service ecosystem, not primary homelessness data itself [topics: london]",no,corpus/healthunit-com-substance-use-support-services-middlesex-london.md,,0,explore.py,unknown,,,,,
RES-1067,https://www150.statcan.gc.ca/n1/daily-quotidien/220921/dq220921b-eng.htm,Government of Canada,"National StatCan release (1.5M households in core housing need, 12,565 in shelters) -- fact lives at the national level per jurisdiction discipline, used here only as a comparison baseline for London figures",yes,RES-1067,CL-9011155;CL-9011156,2,t0003-flagship-wave1,unknown,,,,,
RES-1068,https://london.ca/sites/default/files/2024-01/Ombudsman%20Ontario-London-January%202024-report.pdf,Other (london.ca),Official oversight-body report on procedural/transparency issues in London homelessness-related committee decision-making -- primary governance-accountability document,yes,RES-1068,CL-9011157;CL-9011158;CL-9011159;CL-9011160,4,t0003-flagship-wave1,unknown,,,,,
RES-1070,https://caeh.ca/bright-spot-indigenous-led-coordinated-access-london-ontario/,Other (caeh.ca),"Primary research findings: Indigenous 2.6% of population vs ~30% of homeless, 600+ day median BNL wait, 30%-funding proposal",yes,RES-1070,CL-9011161;CL-9011162;CL-9011163;CL-9011164;CL-9011165,5,t0003-flagship-wave1,unknown,,,,,
RES-1071,https://bayobserver.ca/my-take-london-ontario-a-cautionary-tale-for-hamilton/,IMMATERIAL-LOGGED,"ADJACENT attempt failed: FAILED at fetch: HTTPSConnectionPool(host='bayobserver.ca', port=443): Read timed out. (read timeout=30) -- original reason: Secondary citation of a London Free Press encampment count (103 encampments Dec 2023) that could not be directly retrieved -- context, not primary [topics: london]",no,,,0,explore.py,unknown,,,,,
RES-1072,https://atlohsa.com/blogs/news/atlohsa-to-establish-indigenous-hub,ADJACENT,"Live-checked: genuine ~2,280-char press-release-style announcement of the org's own hub -- real content but secondary/announcement, not a primary evaluation or dataset [topics: london]",no,corpus/atlohsa-com-atlohsa-to-establish-indigenous-hub.md,,0,explore.py,unknown,,,,,
RES-1073,https://canadacommons.ca/artifacts/2053021/office-of-the-auditor-general-of-ontario-value-for-money-audit/2806113/,IMMATERIAL-LOGGED,"MATERIAL attempt failed: FAILED: HTTP 403 — fetch blocked or errored (raw response kept in vault for review) -- original reason: Province-wide audit covering all 47 service managers including London -- jurisdiction ca/on not ca/on/london, no London-specific findings singled out [topics: london]",no,,,0,explore.py,unknown,,,,,
RES-1074,https://homelesshub.ca/blog/2025/steps-towards-indigenous-led-coordinated-access-in-london-ontario/,ADJACENT,"Advocacy-blog summary of Atlohsa's ARCH report and 30%-funding proposal -- secondary synthesis, not primary research [topics: london]",no,corpus/homelesshub-ca-steps-towards-indigenous-led-coordinated-access-in-london-ontario.md,,0,explore.py,unknown,,,,,
RES-1075,https://homelessnesslearninghub.ca/library/resources/everyone-counts-2024-results/,Other (homelessnesslearninghub.ca),"Federal PiT data with London-specific figures (335 unsheltered + 523 sheltered + 167 transitional = 1,025 total) -- unlike the Ottawa-handled national P1/P2 highlights, this has city-level numbers",yes,RES-1075,CL-9011166;CL-9011167,2,t0003-flagship-wave1,unknown,,,,,
RES-1076,https://www.cirnac.gc.ca/eng/1746650535845/1746650586986,ADJACENT,"Live-checked: genuine large (72-page) federal reconciliation report; ARCH London is one of 8 national projects named, a brief recognition rather than London-specific primary data [topics: london]",no,corpus/cirnac-gc-ca-1746650586986.md,,0,explore.py,unknown,,,,,
RES-1077,https://www.lcfvitalsigns.ca/data-hub-entry/city-of-london-homelessness-dashboard,ADJACENT,"Live-checked: short (~1,900-char) aggregator blurb confirming the City dashboard's Sep 24, 2024 release date and linking to it -- reference-only, not independent data [topics: london]",no,corpus/lcfvitalsigns-ca-city-of-london-homelessness-dashboard.md,,0,explore.py,unknown,,,,,
RES-1078,https://london.ca/government/council-civic-administration/open-data,IMMATERIAL-LOGGED,"Live-checked: real page text (~8,400 chars) but content is entirely licensing/terms-of-use and a link to the actual open-data portal -- exactly the 'portal linking to one, not the data itself' case the rubric excludes [topics: london]",no,,,0,explore.py,unknown,,,,,
RES-1079,https://london.ca/living-london/community-services/homeless-prevention-housing/coordinated-informed-response,IMMATERIAL-LOGGED,MATERIAL attempt failed: FAILED at fetch -- original reason: Official municipal program page describing the multi-agency encampment response team and prohibited-areas map -- real operational primary content [topics: london],no,,,0,explore.py,unknown,,,,,
RES-1080,https://london.ca/living-london/community-services/homeless-prevention-housing/housing-stability-action-plan-2019,Other (london.ca),Predecessor statutory housing/homelessness plan -- primary planning document,yes,RES-1080,,,t0003-flagship-wave1,unknown,,,,,
RES-1081,https://london.ca/living-london/community-services/homeless-prevention-housing/housing-stability-action-plan-2026,Other (london.ca),"Current statutory plan document page; checked against A-GOV #5 (middlesex.ca council-endorsement announcement) -- different URL/document, not a literal duplicate, so triaged separately",yes,RES-1081,CL-9011168;CL-9011169;CL-9011170;CL-9011171;CL-9011172,5,t0003-flagship-wave1,unknown,,,,,
RES-1082,https://londoncares.ca/wp-content/uploads/2025/10/2024-25-Financial-Statements.pdf,ADJACENT,"Org financials -- useful accountability context, not primary homelessness-outcome data [topics: london]",no,corpus/londoncares-ca-2024-25-financial-statements-pdf.md,,0,explore.py,unknown,,,,,
RES-1083,https://onpha.on.ca/report/atlohsa-oahs-partnership-london/,ADJACENT,"Live-checked: short (~3,700-char) trade-association report on a member partnership (17 affordable units) -- secondary reporting on a housing project, not primary org/city data [topics: london]",no,corpus/onpha-on-ca-atlohsa-oahs-partnership-london.md,,0,explore.py,unknown,,,,,
RES-1084,https://www.lhsc.on.ca/news/london-health-sciences-centre-and-london-cares-partner-to-provide-housing-and-support-for,ADJACENT,"Live-checked: genuine press-release-style announcement (~3,900 chars) -- news/announcement of a partnership, not itself an evaluation or dataset [topics: london]",no,corpus/lhsc-on-ca-london-health-sciences-centre-and-london-cares-partner-to-provide-hou.md,,0,explore.py,unknown,,,,,
RES-1085,https://pub-london.escribemeetings.com/filestream.ashx?DocumentId=115685,Other (pub-london.escribemeetings.com),"Checked against master draft's own eScribe DocumentIds (109431, 115679, 113803) -- distinct DocumentId, not a duplicate; detailed quarterly brief with By-Name List data, same MATERIAL tier as the other eScribe quarterly reports",yes,RES-1085,CL-9011173;CL-9011174;CL-9011175;CL-9011176;CL-9011177;CL-9011178;CL-9011179;CL-9011180;CL-9011181;CL-9011182;CL-9011183;CL-9011184;CL-9011185;CL-9011186;CL-9011187,15,t0003-flagship-wave1,unknown,,,,,
RES-1086,https://www.teresaarmstrong.com/urgent_funding,ADJACENT,"Political petition citing City report figures (400+ in shelters, 59% mental health, Indigenous 2.6%/30%) -- secondary political use of primary data, not itself primary [topics: london]",no,corpus/teresaarmstrong-com-urgent-funding.md,,0,explore.py,unknown,,,,,
RES-1087,https://www.thetrillium.ca/municipalities-newsletter/finance-minister-to-meet-with-municipalities-in-wake-of-dire-new-homelessness-data-9354202,IMMATERIAL-LOGGED,"MATERIAL attempt failed: FAILED: HTTP 403 — fetch blocked or errored (raw response kept in vault for review) -- original reason: FOI-obtained MMAH document reporting a provincial estimate of 234,000 homeless in Ontario; London one of 47 service managers not individually named -- jurisdiction ca/on not ca/on/london [topics: london]",no,,,0,explore.py,unknown,,,,,
RES-1088,https://www.toronto.ca/legdocs/mmis/2021/au/bgrd/backgroundfile-174107.pdf,IMMATERIAL-LOGGED,"S1 fan-out (T-0065, deepseek/deepseek-r1) cited this as the 2021 AG follow-up status report on the 2019 Opening Doors to Stable Housing recommendations -- live-fetched 2026-07-08, returns HTTP 404. Fabricated/hallucinated citation, not usable. [topics: tchc, rgi, vacancy-management, s1-fanout-verification]",no,,,0,explore.py,unknown,,,,,
RES-1089,https://www.toronto.ca/wp-content/uploads/2023/07/98ad-2023-Housing-Data-Book-Final-for-Web.pdf,IMMATERIAL-LOGGED,"S1 fan-out (T-0065, deepseek/deepseek-r1) cited this as the 2023 Housing Data Book with 2022 RGI vacancy rate (2.0%) and vacancy-loss ($25.4M) figures -- live-fetched 2026-07-08, returns HTTP 404. Fabricated/hallucinated citation, not usable. [topics: tchc, rgi, vacancy-management, s1-fanout-verification]",no,,,0,explore.py,unknown,,,,,
RES-1090,https://www.torontohousing.ca/sites/default/files/2023-06/TCH_Vacancy_Management_Update_June2023.pdf,IMMATERIAL-LOGGED,"S1 fan-out (T-0065, gpt-oss-120b via Cerebras) cited this as a June 2023 TCHC Vacancy Management quarterly update -- live-fetched 2026-07-08, returns HTTP 404. The model's own exposed reasoning trace for this call admits guessing ('I recall the URL... (maybe)... risk of inaccurate URLs') -- fabricated citation, not usable. [topics: tchc, rgi, vacancy-management, s1-fanout-verification]",no,,,0,explore.py,unknown,,,,,
RES-1091,https://www.toronto.ca/legdocs/mmis/2022/cc/bgrd/backgroundfile-2312926.pdf,IMMATERIAL-LOGGED,"S1 fan-out (T-0065, gpt-oss-120b via Cerebras) cited this as a November 2022 City Implementation Status Report on the 2019 AG recommendations -- live-fetched 2026-07-08, returns HTTP 404. Fabricated citation (see model's own admitted-guessing reasoning trace on the companion Vacancy Management Update URL, same response). [topics: tchc, rgi, vacancy-management, s1-fanout-verification]",no,,,0,explore.py,unknown,,,,,
RES-1092,https://open.toronto.ca/dataset/vacancy-loss-dashboard/,IMMATERIAL-LOGGED,"S1 fan-out (T-0065, gpt-oss-120b via Cerebras) cited this as an Open Data Toronto 'Vacancy-Loss Dashboard' corroborating a $24.9M FY2022-23 figure -- live-fetched 2026-07-08, page loads but is an empty/retired dataset template with no populated fields, does not contain or corroborate the claimed figure. [topics: tchc, rgi, vacancy-management, s1-fanout-verification]",no,,,0,explore.py,unknown,,,,,
RES-1093,https://www.thestar.com/news/gta/2025/11/03/garda-canada-security-staff-file-labour-complaint.html,IMMATERIAL-LOGGED,"S1 fan-out (T-0065, shelter-security-contracting.md pass) cited this as a Nov 2025 Toronto Star article on a Garda Canada labour complaint -- WebFetch could not reach thestar.com to verify (tool-level block, not a confirmed 404), and the surrounding fan-out answer also produced several sibling URLs with literal XXXXX placeholders, a strong fabrication signal -- not usable without independent confirmation, none found. [topics: shelter-security, s1-fanout-verification]",no,,,0,explore.py,unknown,,,,,
RES-1094,https://www.toronto.ca/news/auditor-general-shelter-safety-response-2026/,IMMATERIAL-LOGGED,"S1 fan-out (T-0065, shelter-security-contracting.md pass) cited this as a 2026 City response to the AG's shelter-safety-team oversight finding -- live-fetched 2026-07-08, HTTP 404. Fabricated citation. [topics: shelter-security, s1-fanout-verification]",no,,,0,explore.py,unknown,,,,,
RES-1095,https://www.toronto.ca/omf/2025-audit-security-teams.pdf,IMMATERIAL-LOGGED,"S1 fan-out (T-0065, shelter-security-contracting.md pass) cited this as a 2025 audit of shelter safety teams -- live-fetched 2026-07-08, HTTP 404. Fabricated citation. [topics: shelter-security, s1-fanout-verification]",no,,,0,explore.py,unknown,,,,,
RES-1096,https://www.toronto.ca/omf/2026-procurement/WestEgg-Renewal-2026.pdf,IMMATERIAL-LOGGED,"S1 fan-out (T-0065, shelter-security-contracting.md pass) cited this as a 2026 West Egg Group contract renewal -- live-fetched 2026-07-08, HTTP 404. Fabricated citation. [topics: shelter-security, s1-fanout-verification]",no,,,0,explore.py,unknown,,,,,
RES-1097,https://www.toronto.ca/city-government/council/committee-minutes/2026/02/committee-on-housing-20260213/,IMMATERIAL-LOGGED,"S1 fan-out (T-0065, shelter-security-contracting.md pass) cited this as a Feb 2026 Committee on Housing minutes page discussing shelter security -- live-fetched 2026-07-08, HTTP 404. Fabricated citation. [topics: shelter-security, s1-fanout-verification]",no,,,0,explore.py,unknown,,,,,
RES-1098,https://www.toronto.ca/city-government/accountability-operations-customer-service/access-city-information-reports/contract-search/apply,IMMATERIAL-LOGGED,"S1 fan-out (T-0065, shelter-security-contracting.md pass) cited this as the City's contract-search portal -- live-fetched 2026-07-08, HTTP 404 (real portal likely exists at a different path; this exact URL is fabricated/wrong). [topics: shelter-security, s1-fanout-verification]",no,,,0,explore.py,unknown,,,,,
RES-1099,https://www.toronto.ca/community-people/housing-shelter/homelessness/central-intake-telephone-line/,IMMATERIAL-LOGGED,"S1 fan-out (T-0065, warming-centre-and-central-intake-capacity.md pass) cited this as the City's current Central Intake info page with call-volume data -- live-fetched 2026-07-08, HTTP 404. Fabricated citation. [topics: warming-centres, central-intake, s1-fanout-verification]",no,,,0,explore.py,unknown,,,,,
RES-1100,https://www.toronto.ca/legdocs/mmis/2026/ex/bgrd/backgroundfile-244104.pdf,IMMATERIAL-LOGGED,"S1 fan-out (T-0065, warming-centre-and-central-intake-capacity.md pass) cited this as a 2026 Executive Committee background file with newer warming-centre/Central Intake figures -- live-fetched 2026-07-08, HTTP 404. Fabricated citation. [topics: warming-centres, central-intake, s1-fanout-verification]",no,,,0,explore.py,unknown,,,,,
RES-1101,https://www.auditor-general.gc.ca/eng/office-bureau/auditor-general-reports/2023-2025-warming-centres.pdf,IMMATERIAL-LOGGED,"S1 fan-out (T-0065, warming-centre-and-central-intake-capacity.md pass) cited this as a federal Auditor General warming-centres report -- domain does not resolve (DNS failure, auditor-general.gc.ca is not the real federal AG domain, which is oag-bvg.gc.ca) -- fabricated citation, and also a category error (warming centres are a City of Toronto program, not a federal audit subject). [topics: warming-centres, central-intake, s1-fanout-verification]",no,,,0,explore.py,unknown,,,,,
RES-1102,https://open.toronto.ca/dataset/central-intake-call-volume/,IMMATERIAL-LOGGED,"S1 fan-out (T-0065, warming-centre-and-central-intake-capacity.md pass) cited this as an Open Data Toronto dataset with current Central Intake call-volume figures -- live-fetched 2026-07-08, page loads but is an empty/retired dataset template with no populated fields, same fabrication pattern as RES-1092 on the TCHC page. [topics: warming-centres, central-intake, s1-fanout-verification]",no,,,0,explore.py,unknown,,,,,
RES-1103,https://www.toronto.ca/council/agenda-item-44-22-winter-shelter-proposal/,IMMATERIAL-LOGGED,"S1 fan-out (T-0065, warming-centre-and-central-intake-capacity.md pass) cited this as a Council agenda item on a winter shelter proposal -- live-fetched 2026-07-08, HTTP 404. Fabricated citation. [topics: warming-centres, central-intake, s1-fanout-verification]",no,,,0,explore.py,unknown,,,,,
RES-1104,https://arbodownsview.ca/latest-updates/build-canada-homes-initiative/,Build Canada Homes,"Arbo Downsview project page, Build Canada Homes Direct Build initiative announcement (540 units)",yes,RES-1104,CL-90669,1,t0003-flagship-wave1,unknown,,,,,
RES-1105,https://www.clc-sic.ca/real-estate/arbo-downsview,Build Canada Homes,"Canada Lands Company, Arbo Downsview real estate page, corroborating Build Canada Homes' 540-unit Direct Build project",yes,RES-1105,,,t0003-flagship-wave1,unknown,,,,,
RES-1106,https://ccrweb.ca/sites/ccrweb.ca/files/2026-01/CCR_C-12%20Brief_SECU.pdf,Canadian Council for Refugees,"CCR submission to House of Commons SECU committee on Bill C-12's asylum eligibility provisions, November 2025 -- advocacy brief opposing the bill, not a government source",yes,RES-1106,CL-90673,1,t0003-flagship-wave1,unknown,,,,,
RES-1107,https://storeys.com/toronto-council-citywide-sixplex-reform/,Storeys,"Storeys, June 2025 Toronto Council sixplex vote -- diluted from city-wide to Toronto-East York + partial Scarborough, HAF funding risk",yes,RES-1107,CL-90674,1,t0003-flagship-wave1,unknown,,,,,
RES-1108,https://ontarioconstructionnews.com/toronto-allows-sixplexes-in-downtown-and-scarborough-neighbourhoods,Ontario Construction News,"Ontario Construction News, July 2025, Toronto Council sixplex vote -- corroborates vote count, geographic scope, HAF funding risk",yes,RES-1108,CL-9011188;CL-9011189;CL-9011190;CL-9011191;CL-9011192,5,t0003-flagship-wave1,unknown,,,,,
RES-1109,https://www.toronto.ca/legdocs/mmis/2020/ec/bgrd/backgroundfile-158769.pdf,City of Toronto,"City of Toronto, Rent Bank and EPIC Programs Update, 2020 -- EPIC household-outcomes table 2017-2020, funding history",yes,RES-1109,CL-90675,1,t0003-flagship-wave1,unknown,,,,,
RES-1110,https://ontariolandlord.ca/guides/bill-60-implementation-status-2026,OntarioLandlord.ca,"OntarioLandlord.ca, Bill 60 implementation status as of June 2026 -- key RTA amendments not yet proclaimed",yes,RES-1110,CL-90676,1,t0003-flagship-wave1,unknown,,,,,
RES-1111,https://theaccesspoint.ca/frequently-asked-questions/,The Access Point,"The Access Point, FAQ page, current live wait-time guideline for supportive housing (5-7 years most common)",yes,RES-1111,CL-90677,1,t0003-flagship-wave1,unknown,,,,,
RES-1112,https://www.ncbi.nlm.nih.gov/books/NBK574250/,NIHR/NCBI Bookshelf,"NIHR-funded realist evaluation, economic evaluation chapter -- cost-effectiveness of hospital discharge/intermediate care configurations for homeless patients, England",yes,RES-1112,CL-90679,1,t0003-flagship-wave1,unknown,,,,,
RES-1113,https://futureofgood.co/former-centre-for-social-innovation-building-to-be-converted-into-shelter-for-indigenous-people/,Other (futureofgood.co),"Future of Good, reporting on the 720 Bathurst St. purchase and Indigenous shelter conversion",no,,CL-90680,1,t0030-registry-backfill-2026-07-08,unknown,,,,,
RES-1114,https://www.thinkhouse.org.uk/site/assets/files/2632/hoc0422.pdf,UK Parliament House of Commons Library,"House of Commons Library Research Briefing, April 2022, rough sleeping causes/statistics -- Everyone In follow-up, autumn 2021 count context",yes,RES-1114,CL-90682,1,t0003-flagship-wave1,unknown,,,,,
RES-1115,https://www.oecd.org/content/dam/oecd/en/publications/reports/2024/12/oecd-toolkit-to-combat-homelessness_ac743295/0fec780e-en.pdf,Other (oecd.org),OECD Toolkit to Combat Homelessness,no,,,0,search-fan-out-2026-07-08,unknown,,,,,
RES-1116,https://webfs.oecd.org/els-com/Affordable_Housing_Database/HL%20Workshop/session1-Canada.pdf,Other (ebfs.oecd.org),Youth Homelessness Prevention,no,,,0,search-fan-out-2026-07-08,unknown,,,,,
RES-1117,https://www.oecd.org/content/dam/oecd/en/publications/reports/2025/01/oecd-monitoring-framework-to-measure-homelessness_7b704e9d/3e98455b-en.pdf,Other (oecd.org),oecd monitoring framework to measure homelessness,no,,,0,search-fan-out-2026-07-08,unknown,,,,,
RES-1118,https://www.oecd.org/content/dam/oecd/en/about/projects/cfe/innovation-capacity-in-cities/IC-Toronto.pdf,Other (oecd.org),"City Innovation Snapshot TORONTO, Canada",no,,,0,search-fan-out-2026-07-08,unknown,,,,,
RES-1119,https://www.oecd.org/content/dam/oecd/en/publications/reports/2010/03/oecd-territorial-reviews-toronto-canada-2009_g1ghbfab/9789264079410-en.pdf,Other (oecd.org),"OECD Territorial Reviews Toronto, Canada 2009",no,,,0,search-fan-out-2026-07-08,unknown,,,,,
RES-1120,https://www.oecd.org/content/dam/oecd/en/publications/reports/2021/05/improving-the-well-being-of-canadians_7d54007f/6ab6b718-en.pdf,Other (oecd.org),Improving the well-being of Canadians,no,,,0,search-fan-out-2026-07-08,unknown,,,,,
RES-1121,https://www.oecd.org/content/dam/oecd/en/publications/reports/2015/07/integrating-social-services-for-vulnerable-groups_g1g53418/9789264233775-en.pdf,Other (oecd.org),Integrating Social Services for Vulnerable Groups,no,,,0,search-fan-out-2026-07-08,unknown,,,,,
RES-1122,https://www.oecd.org/content/dam/oecd/en/publications/reports/2021/05/brick-by-brick_eb010639/b453b043-en.pdf,Other (oecd.org),Brick by Brick - BUILDING BETTER HOUSING POLICIES,no,,,0,search-fan-out-2026-07-08,unknown,,,,,
RES-1123,https://www.oecd.org/content/dam/oecd/en/publications/reports/2022/06/assisting-care-leavers_3e597bea/1939a9ec-en.pdf,Other (oecd.org),Assisting Care Leavers - TIME FOR ACTION,no,,,0,search-fan-out-2026-07-08,unknown,,,,,
RES-1124,https://www.oecd.org/content/dam/oecd/en/publications/reports/2017/01/canadian-regional-development-policy_9c64174e/99622d65-en.pdf,Other (oecd.org),Canadian regional development policy (EN),no,,,0,search-fan-out-2026-07-08,unknown,,,,,
RES-1125,https://www.canada.ca/content/dam/esdc-edsc/documents/programs/homelessness/publications-bulletins/advisory-committee-report/advisory-committee-homelessness-report-en.pdf,Government of Canada,Advisory Committee on Homelessness,no,,,0,search-fan-out-2026-07-08,unknown,,,,,
RES-1126,https://open-science.canada.ca/server/api/core/bitstreams/3c3c74c2-435a-4658-8187-c249f4766e1c/content,Government of Canada,"Ku- gaa- gii pimitizi- win, the COVID- 19 cohort study of ...",no,,,0,search-fan-out-2026-07-08,unknown,,,,,
RES-1127,https://www.canada.ca/content/dam/esdc-edsc/documents/corporate/reports/evaluations/reaching-home-homelessness-strategy/rh-evaluation-report-en.pdf,Government of Canada,Evaluation of Reaching Home: Canada's Homelessness ...,no,,,0,search-fan-out-2026-07-08,unknown,,,,,
RES-1128,https://www.canada.ca/content/dam/canada/employment-social-development/corporate/reports/evaluations/homelessness-partnering-strategy/homelessness-partnering-strategy-EN.pdf,Government of Canada,Evaluation of the Homelessness Partnering Strategy,no,,,0,search-fan-out-2026-07-08,unknown,,,,,
RES-1129,https://www.canada.ca/content/dam/esdc-edsc/documents/programs/homelessness/publications-bulletins/national-shelter-study/2255-National_Shelter_Study-EN.pdf,Government of Canada,EMERGENCY SHELTER USE IN CANADA,no,,,0,search-fan-out-2026-07-08,unknown,,,,,
RES-1130,https://open-science.canada.ca/server/api/core/bitstreams/443cd56a-24f1-4fbe-9f61-83e0a0b53a5e/content,Government of Canada,COVID-19 Vaccine Coverage and Sociodemographic - TSpace,no,,,0,search-fan-out-2026-07-08,unknown,,,,,
RES-1131,https://www.canada.ca/content/dam/phac-aspc/migration/phac-aspc/aids-sida/publication/assets/pdf/stbbi-ditss-housing-logement-eng.pdf,Government of Canada,unstable housing and homelessness,no,,,0,search-fan-out-2026-07-08,unknown,,,,,
RES-1132,https://www.canada.ca/content/dam/canada/employment-social-development/programs/homelessness/publications-bulletins/report-addiction/HPD-Report-AddictionsReport-20210121-VF.pdf,Government of Canada,"Addiction, Substance Use and Homelessness",no,,,0,search-fan-out-2026-07-08,unknown,,,,,
RES-1133,https://www.canada.ca/content/dam/phac-aspc/documents/services/reports-publications/health-promotion-chronic-disease-prevention-canada-research-policy-practice/vol-41-no-1-2021/hpcdp-41-1-01-eng.pdf,Government of Canada,a scoping review with gender and equity analysis,no,,,0,search-fan-out-2026-07-08,unknown,,,,,
RES-1134,https://www.canada.ca/content/dam/phac-aspc/documents/services/reports-publications/canada-communicable-disease-report-ccdr/monthly-issue/2024-50/issue-1-2-january-february-2024/ccdrv50i12a07-eng.pdf,Government of Canada,Wastewater surveillance for COVID-19 in shelters,no,,,0,search-fan-out-2026-07-08,unknown,,,,,
RES-1135,https://www.cbc.ca/news/canada/toronto/ontario-homelessness-increase-9.7043750,News media,"Nearly 85000 people homeless in Ontario, up 8% in one year",no,,,0,search-fan-out-2026-07-08,unknown,,,,,
RES-1136,https://www.cbc.ca/player/play/video/9.7099123,News media,Toronto looking to micro shelters to help solve homelessness ...,no,,,0,search-fan-out-2026-07-08,unknown,,,,,
RES-1137,https://www.cbc.ca/news/canada/toronto/city-council-exploring-micro-shelters-homelessness-advocates-at-meeting-1.7581200,News media,City councillors exploring micro-shelters as homelessness ...,no,,,0,search-fan-out-2026-07-08,unknown,,,,,
RES-1138,https://www.cbc.ca/shortdocs/features/a-resource-guide-for-canadian-homeless-youth,News media,A Resource Guide for Canadian Homeless Youth,no,,,0,search-fan-out-2026-07-08,unknown,,,,,
RES-1139,https://www.cbc.ca/player/play/video/9.7045867,News media,Are there fewer homeless encampments in Toronto?,no,,,0,search-fan-out-2026-07-08,unknown,,,,,
RES-1140,https://www.cbc.ca/news/canada/toronto/toronto-winter-plan-homelessness-unhoused-9.6971998,News media,"Toronto releases winter plan for unhoused people, but ...",no,,,0,search-fan-out-2026-07-08,unknown,,,,,
RES-1141,https://www.cbc.ca/news/canada/toronto/toronto-housing-advocates-demand-accessibility-safety-in-plea-to-city-1.7641479,News media,"Toronto shelters 'dehumanizing,' say advocacy groups ...",no,,,0,search-fan-out-2026-07-08,unknown,,,,,
RES-1142,https://www.charityintelligence.ca/charity-details/878-street-health,Other (charityintelligence.ca),Street Health,no,,,0,search-fan-out-2026-07-08,unknown,,,,,
RES-1143,https://www.charityintelligence.ca/charity-details/78-covenant-house-toronto?tmpl=component,Other (charityintelligence.ca),Covenant House Toronto,no,,,0,search-fan-out-2026-07-08,unknown,,,,,
RES-1144,https://www.charityintelligence.ca/charity-details/141-youth-without-shelter,Other (charityintelligence.ca),Youth Without Shelter,no,,,0,search-fan-out-2026-07-08,unknown,,,,,
RES-1145,https://www.charityintelligence.ca/?option=com_charities&view=sectorsearch&s=Social%20Services%20-%20Homeless%20(Shelter),Other (charityintelligence.ca),Charity Intelligence Canada,no,,,0,search-fan-out-2026-07-08,unknown,,,,,
RES-1146,https://www.charityintelligence.ca/images/toppicks/sectors/top_picks_2012_4_homeless.pdf,Other (charityintelligence.ca),EVANGEL HALL MISSION Sector: Homeless,no,,,0,search-fan-out-2026-07-08,unknown,,,,,
RES-1147,https://www.ontario.ca/files/2023-11/mof-ontario-toronto-new-deal-working-group-2023-11-27.pdf,Government of Ontario,Toronto New Deal Working Group,no,,,0,search-fan-out-2026-07-08,unknown,,,,,
RES-1148,https://files.ontario.ca/mmah-housing-affordability-task-force-report-en-2022-02-07-v2.pdf,Government of Ontario,Report of the Ontario Housing Affordability Task Force,no,,,0,search-fan-out-2026-07-08,unknown,,,,,
RES-1149,https://www.ontario.ca/files/2024-08/moh-hart-hubs-call-for-proposal-guideline-and-application-document-en-2024-08-29.pdf,Government of Ontario,Ministry of Health Homelessness and Addiction Recovery ...,no,,,0,search-fan-out-2026-07-08,unknown,,,,,
RES-1150,https://www.ontario.ca/files/2025-01/moh-hart-hubs-reference-document-en-2025-01-14.pdf,Government of Ontario,Homelessness and Addiction Recovery Treatment Hubs ( ...,no,,,0,search-fan-out-2026-07-08,unknown,,,,,
RES-1151,https://ero.ontario.ca/public/public_uploads/2025-08/ONPHA%20Letter%20of%20Support%20-%20Jamesville%20-%20MZO.pdf,Government of Ontario,"Central Ontario (Priority Projects) 12th floor, 777 Bay Street ...",no,,,0,search-fan-out-2026-07-08,unknown,,,,,
RES-1152,https://www.ontario.ca/files/2024-08/moh-consumption-treatment-service-review-unity-health-en-2024-08-19.pdf,Government of Ontario,South Riverdale Community Health Centre Consumption ...,no,,,0,search-fan-out-2026-07-08,unknown,,,,,
RES-1153,https://www.ontario.ca/files/2025-09/mandate-letter-2014-mcss.pdf,Government of Ontario,Édifice de l'Assemblée législative,no,,,0,search-fan-out-2026-07-08,unknown,,,,,
RES-1154,https://files.ontario.ca/moh-guidelines-tuberculosis-program-guideline-en-2023.pdf,Government of Ontario,"Tuberculosis Program Guideline, 2023",no,,,0,search-fan-out-2026-07-08,unknown,,,,,
RES-1155,https://ero.ontario.ca/public/public_uploads/2023-08/CHF%20Canada%E2%80%99s%20submission%20on%20the%20proposed%20policies%20for%20a%20new%20provincial%20planning%20policy%20instrument%2C%20ERO%20019%206813.pdf,Government of Ontario,CHF-Canadas-submission-on-the-proposed-policies-for-a- ...,no,,,0,search-fan-out-2026-07-08,unknown,,,,,
RES-1156,https://www.ontario.ca/files/2024-09/moh-case-and-contact-management-mpox-en-2024-09-26.pdf,Government of Ontario,moh-case-and-contact-management-mpox- ...,no,,,0,search-fan-out-2026-07-08,unknown,,,,,
RES-1157,https://www.toronto.ca/wp-content/uploads/2019/04/9819-Challenging-Perspectives-on-Homelessness-2.pdf,City of Toronto,Challenging Perspectives on Homelessness,no,,,0,search-fan-out-2026-07-08,unknown,,,,,
RES-1158,https://www.toronto.ca/wp-content/uploads/2021/11/9759-Executive-SummaryAODAfinal.pdf,City of Toronto,Homelessness Solutions,no,,,0,search-fan-out-2026-07-08,unknown,,,,,
RES-1159,https://www.toronto.ca/wp-content/uploads/2025/03/8f6b-Black-Mandated-Shelter-Operator-Expression-of-Interest-Guidelines.pdf,City of Toronto,Black Mandated Shelter Operator Expression of Interest,no,,,0,search-fan-out-2026-07-08,unknown,,,,,
RES-1160,https://www.toronto.ca/wp-content/uploads/2022/08/8f21-IPAC-Manual-with-COVID-Appendices-2022-06-21-FINALAODA.pdf,City of Toronto,ipac manual for shelter settings,no,,,0,search-fan-out-2026-07-08,unknown,,,,,
RES-1161,https://homelesshub.ca/wp-content/uploads/2023/12/homelessnessreport2001.pdf,Other (homelesshub.ca),The Toronto,no,,,0,search-fan-out-2026-07-08,unknown,,,,,
RES-1162,https://www.wellesleyinstitute.com/wp-content/uploads/2011/11/Keeping-the-Homeless-Housed-final-report.pdf,Other (ellesleyinstitute.com),Keeping the Homeless Housed - Toronto,no,,,0,search-fan-out-2026-07-08,unknown,,,,,
RES-1163,https://yorkspace.library.yorku.ca/server/api/core/bitstreams/bcebe31f-4f57-42fd-bd75-587da8af29b6/content,Other (yorkspace.library.yorku.ca),Food security in Toronto's shelters for the homeless - YorkSpace,no,,,0,search-fan-out-2026-07-08,unknown,,,,,
RES-1164,https://carleton.ca/3ci/wp-content/uploads/CPRN_S2H_feb2009.pdf,Other (carleton.ca),"Homelessness, Program Responses, and an Assessment ...",no,,,0,search-fan-out-2026-07-08,unknown,,,,,
RES-1165,https://covenanthousetoronto.ca/wp-content/uploads/2025/12/Toronto-Youth-Summit-Summary-Report_11Dec2025.pdf,Other (covenanthousetoronto.ca),A Call to End Youth Homelessness in Toronto:,no,,,0,search-fan-out-2026-07-08,unknown,,,,,
RES-1166,http://neighbourhoodchange.ca/documents/2014/04/paradis-et-al-2014-nowhere-else-to-go-inadequate-housing-risk-of-homelessness-among-families-in-torontos-aging-rental-buildings-rp231.pdf,Other (neighbourhoodchange.ca),Nowhere Else to Go: Inadequate Housing & Risk of ...,no,,,0,search-fan-out-2026-07-08,unknown,,,,,
RES-1167,https://yws.on.ca/wp-content/uploads/Munk_Capstone_Final-Report_Newcomer-Youth-Homelessness-2017.pdf,Other (yws.on.ca),Newcomer Youth Homelessness - Toronto,no,,,0,search-fan-out-2026-07-08,unknown,,,,,
RES-1168,https://journalofinternaldisplacement.org/index.php/JID/article/download/19/17,Other (journalofinternaldisplacement.org),A STUDY OF HOMELESSNESS IN THE CITY OF TORONTO,no,,,0,search-fan-out-2026-07-08,unknown,,,,,
RES-1169,http://amho.ca/wp-content/uploads/2023/10/Best-Practice-Guide-English.pdf,Other (amho.ca),Supportive Housing Best Practice Guide,no,,,0,search-fan-out-2026-07-08,unknown,,,,,
RES-1170,https://www.cmhc-schl.gc.ca/media-newsroom/news-releases/2026/canada-announces-groundbreaking-217-homes-toronto,Government of Canada,Canada announces the groundbreaking of 217 homes in ...,no,,,0,search-fan-out-2026-07-08,unknown,,,,,
RES-1171,https://www.cmhc-schl.gc.ca/media-newsroom/news-releases/2026/canada-announces-groundbreaking-271-homes-toronto,Government of Canada,Canada announces the groundbreaking of 271 homes in ...,no,,,0,search-fan-out-2026-07-08,unknown,,,,,
RES-1172,https://www.cmhc-schl.gc.ca/media-newsroom/news-releases/2026/building-341-new-homes-toronto,Government of Canada,Building 341 new homes in Toronto,no,,,0,search-fan-out-2026-07-08,unknown,,,,,
RES-1173,https://www.cmhc-schl.gc.ca/media-newsroom/news-releases/2023/federal-government-supports-40-rapid-housing-units-in-toronto,Government of Canada,Federal government supports 40 rapid housing units in ...,no,,,0,search-fan-out-2026-07-08,unknown,,,,,
RES-1174,https://www.cmhc-schl.gc.ca/media-newsroom/news-releases/2025/canada-announces-612-homes-toronto,Government of Canada,Canada announces 612 homes in Toronto,no,,,0,search-fan-out-2026-07-08,unknown,,,,,
RES-1175,https://www.cmhc-schl.gc.ca/media-newsroom/news-releases/2023/canada-supports-over-40-rapid-housing-units-toronto,Government of Canada,Canada supports over 40 rapid housing units in Toronto,no,,,0,search-fan-out-2026-07-08,unknown,,,,,
RES-1176,https://www.cmhc-schl.gc.ca/observer/stories/063-mapping-solutions-youth-homelessness-charting-brighter-future,Government of Canada,"Mapping Solutions to Youth Homelessness, Charting a ...",no,,,0,search-fan-out-2026-07-08,unknown,,,,,
RES-1177,https://www.cmhc-schl.gc.ca/media-newsroom/news-releases/2023/federal-government-supports-over-60-rapid-housing-units-toronto,Government of Canada,Federal government supports over 60 rapid housing units ...,no,,,0,search-fan-out-2026-07-08,unknown,,,,,
RES-1178,https://www.cmhc-schl.gc.ca/media-newsroom/news-releases/2025/canada-helps-tackle-housing-crisis-seniors-toronto,Government of Canada,Federal government celebrates opening of affordable and ...,no,,,0,search-fan-out-2026-07-08,unknown,,,,,
RES-1179,https://www.wellesleyinstitute.com/wp-content/uploads/2011/11/TheBlueprintfinal.pdf,Other (ellesleyinstitute.com),Blueprint To End Homelessness In Toronto,no,,,0,search-fan-out-2026-07-08,unknown,,,,,
RES-1180,https://covenanthousetoronto.ca/wp-content/uploads/2026/01/Covenant-House-Toronto-2025-Impact-Report_FINAL.pdf,Other (covenanthousetoronto.ca),Covernant House Impact Report 2025,no,,,0,search-fan-out-2026-07-08,unknown,,,,,
RES-1181,https://torontoshelternetwork.squarespace.com/s/025-030-TSN-Annual-Report-2024-25-LowRes-r4-spreads.pdf,Other (torontoshelternetwork.squarespace.com),Annual Report - 2024-2025,no,,,0,search-fan-out-2026-07-08,unknown,,,,,
RES-1182,https://homelesshub.ca/wp-content/uploads/2024/03/Final-CHR-2022-23-Summary-Toronto.pdf,Other (homelesshub.ca),COMMUNITY HOMELESSNESS REPORT SUMMARY,no,,,0,search-fan-out-2026-07-08,unknown,,,,,
RES-1183,https://www.fredvictor.org/wp-content/uploads/2025/06/FV_AR-2024-2025_WEB-5.pdf,Other (fredvictor.org),Helping people rebuild their lives,no,,,0,search-fan-out-2026-07-08,unknown,,,,,
RES-1184,https://maytree.com/wp-content/uploads/Designed-to-fail.pdf,Other (maytree.com),Designed to fail: How Ontario's income security policies create ...,no,,,0,search-fan-out-2026-07-08,unknown,,,,,
RES-1185,"https://en.wikipedia.org/wiki/Seaton_House#:~:text=Seaton%20House%20is%20the%20largest,Shelter%2C%20Support%20and%20Housing%20Administration.",Other (en.wikipedia.org),Seaton House - Wikipedia,no,,,0,search-fan-out-2026-07-08,unknown,,,,,
RES-1186,https://www.wellesleyinstitute.com/wp-content/uploads/2011/11/Blueprint_TheFrameworkfinal.pdf,Other (ellesleyinstitute.com),framework,no,,,0,search-fan-out-2026-07-08,unknown,,,,,
RES-1187,https://www.ola.org/en/legislative-business/bills/parliament-43/session-1/bill-204,Government of Ontario,"Bill 204, Homelessness Task Force Act, 2024",no,,,0,search-fan-out-2026-07-08,unknown,,,,,
RES-1188,https://www.ola.org/en/legislative-business/bills/parliament-44/session-1/bill-28/debates,Government of Ontario,"Bill 28, Homelessness Ends with Housing Act, 2025",no,,,0,search-fan-out-2026-07-08,unknown,,,,,
RES-1189,https://www.ola.org/en/legislative-business/bills/parliament-43/session-1/bill-154,Government of Ontario,"Bill 154, New Deal for Toronto Act, 2023",no,,,0,search-fan-out-2026-07-08,unknown,,,,,
RES-1190,https://www.ola.org/en/legislative-business/house-documents/parliament-44/session-1/2025-05-07/hansard,Government of Ontario,Hansard Transcript 2025-May-07,no,,,0,search-fan-out-2026-07-08,unknown,,,,,
RES-1191,https://www.ola.org/en/legislative-business/house-documents/parliament-44/session-1/2026-05-28/hansard,Government of Ontario,Hansard Transcript 2026-May-28,no,,,0,search-fan-out-2026-07-08,unknown,,,,,
RES-1192,https://www.ola.org/en/legislative-business/house-documents/parliament-44/session-1/2025-06-03/hansard,Government of Ontario,Hansard Transcript 2025-Jun-03 vol. A,no,,,0,search-fan-out-2026-07-08,unknown,,,,,
RES-1193,https://www.ola.org/en/legislative-business/house-documents/parliament-44/session-1/2025-05-26/hansard-1,Government of Ontario,Hansard Transcript 2025-May-26 vol. B,no,,,0,search-fan-out-2026-07-08,unknown,,,,,
RES-1194,https://www.ola.org/en/legislative-business/house-documents/parliament-44/session-1/2025-05-08/hansard,Government of Ontario,Hansard Transcript 2025-May-08,no,,,0,search-fan-out-2026-07-08,unknown,,,,,
RES-1195,https://www.ola.org/en/legislative-business/votes-search/parliament-44/session-1/bill-28-homelessness-ends-housing-act-2025-vote-second-reading,Government of Ontario,"Bill 28, Homelessness Ends with Housing Act, 2025",no,,,0,search-fan-out-2026-07-08,unknown,,,,,
RES-1196,https://www.toronto.ca/community-people/housing-shelter/homeless-help/,City of Toronto,Homeless Help,no,,,0,search-fan-out-2026-07-08,unknown,,,,,
RES-1197,https://torontohhs.org/,Other (torontohhs.org),Toronto - Housing and Homeless Supports,no,,,0,search-fan-out-2026-07-08,unknown,,,,,
RES-1198,https://www.toronto.ca/community-people/housing-shelter/homeless-help/streets-to-homes-street-outreach-support-program/,City of Toronto,Streets to Homes Street Outreach & Support Program,no,,,0,search-fan-out-2026-07-08,unknown,,,,,
RES-1199,https://www.unitedwaygt.org/our-work/housing-and-homelessness/,Other (unitedwaygt.org),Housing and Homelessness,no,,,0,search-fan-out-2026-07-08,unknown,,,,,
RES-1200,https://right2housingto.ca/ending-homelessness-and-preventing-evictions-in-toronto-rights-review/,Other (right2housingto.ca),Ending Homelessness and Preventing Evictions in Toronto,no,,,0,search-fan-out-2026-07-08,unknown,,,,,
RES-1201,https://www.reddit.com/r/askTO/comments/1n3cr0e/help_about_to_be_homeless/,Other (reddit.com),Help… about to be homeless : r/askTO,no,,,0,search-fan-out-2026-07-08,unknown,,,,,
RES-1202,https://www.reddit.com/r/askTO/comments/1l8c93t/gonna_be_homeless_for_the_first_time_in_10_years/,Other (reddit.com),(no title),no,,,0,search-fan-out-2026-07-08,unknown,,,,,
RES-1203,"https://www.toronto.ca/city-government/data-research-maps/research-reports/housing-and-homelessness-research-and-reports/strategic-plan-to-address-homelessness/#:~:text=The%20Strategic%20Plan%20will%20take,and%20responsive%20to%20evolving%20needs.",City of Toronto,Strategic Plan to Address Homelessness - City of Toronto,no,,,0,search-fan-out-2026-07-08,unknown,,,,,
RES-1204,https://torontoservicedirectory.ca/results/?searchLocation=Toronto&topicPath=29&latitude=43.6488428&longitude=-79.4004318,Other (torontoservicedirectory.ca),Homeless Shelters | Toronto,no,,,0,search-fan-out-2026-07-08,unknown,,,,,
RES-1205,https://homelesshub.ca/wp-content/uploads/2024/04/Calling-Home-Exploring-Homelessness-in-Toronto.pdf,Other (homelesshub.ca),CALLING HOME | Exploring Homelessness in Toronto,no,,,0,search-fan-out-2026-07-08,unknown,,,,,
RES-1206,https://unityhealth.to/wp-content/uploads/2021/06/c-heal-shelter-intake-dropin.pdf,Other (unityhealth.to),"Shelter intake, drop-in and 24-hour respites",no,,,0,search-fan-out-2026-07-08,unknown,,,,,
RES-1207,https://right2housingto.ca/wp-content/uploads/2021/04/Shelter-Rights-Review-R2HTO-April-2021.pdf,Other (right2housingto.ca),Shelter Rights Review,no,,,0,search-fan-out-2026-07-08,unknown,,,,,
RES-1208,https://www.mentalhealthcommission.ca/wp-content/uploads/drupal/Housing_At_Home_Research_Demonstration_Project_Toronto_ENG_0_1.pdf,Other (mentalhealthcommission.ca),At Home/Chez Soi,no,,,0,search-fan-out-2026-07-08,unknown,,,,,
RES-1209,https://torontojunction.ca/wp-content/uploads/2024/07/Community-Safety-Wellbeing-Toolkit.pdf,Other (torontojunction.ca),Key Service Providers,no,,,0,search-fan-out-2026-07-08,unknown,,,,,
RES-1210,https://bot.com/attachment/get/1852/2974,Other (bot.com),HOMELESSNESS,no,,,0,search-fan-out-2026-07-08,unknown,,,,,
RES-1211,https://toronto.ca/news/city-of-toronto-releases-updated-encampment-strategy-and-measures-to-support-people-experiencing-homelessness/,City of Toronto,https://toronto.ca/news/city-of-toronto-releases-u...,no,,,0,search-fan-out-2026-07-08,unknown,,,,,
RES-1212,https://covenanthousetoronto.ca/2025/12/15/the-2025-toronto-youth-summit-summary-report-2/,Other (covenanthousetoronto.ca),New Report Issues Urgent Call for Youth-Specific Solutions ...,no,,,0,search-fan-out-2026-07-08,unknown,,,,,
RES-1213,https://right2housingto.ca/reports/shelter-rights-review-recommendations/,Other (right2housingto.ca),How to uphold the right to housing in Toronto's Shelter ...,no,,,0,search-fan-out-2026-07-08,unknown,,,,,
RES-1214,https://homelesshub.ca/resource/toronto-2024-2025-reaching-home-community-homelessness-report/,Other (homelesshub.ca),Toronto 2024-2025 Reaching Home Community ...,no,,,0,search-fan-out-2026-07-08,unknown,,,,,
RES-1215,https://taeh.ca/ending-homelessness,Other (taeh.ca),Toronto Alliance To End Homelessness,no,,,0,search-fan-out-2026-07-08,unknown,,,,,
RES-1216,https://globalnews.ca/news/11578365/toronto-youth-homelessness-report/,Other (globalnews.ca),New report urges action on Toronto's youth homelessness ' ...,no,,,0,search-fan-out-2026-07-08,unknown,,,,,
RES-1217,https://www.youtube.com/watch?v=Klu4WfMDko8,Other (youtube.com),Consideration of impacts on homeless community needed for ...,no,,,0,search-fan-out-2026-07-08,unknown,,,,,
RES-1218,https://www.socialplanningtoronto.org/talking_about_homelessness,Other (socialplanningtoronto.org),Talking About Homelessness,no,,,0,search-fan-out-2026-07-08,unknown,,,,,
RES-1219,https://housingrightscanada.com/wp-content/uploads/2022/08/CERAsSubmissionontheCityofTorontosHousingTO2020-2030ActionPlan.pdf,Other (housingrightscanada.com),CERA's Submission on the City of Toronto's HousingTO ...,no,,,0,search-fan-out-2026-07-08,unknown,,,,,
RES-1220,https://streethealth.ca/about-us/report-surveys-resources/,Other (streethealth.ca),"Reports, Surveys, and Other Resources",no,,,0,search-fan-out-2026-07-08,unknown,,,,,
RES-1221,https://homelesshub.ca/wp-content/uploads/2024/04/Toronto_encampments_case_study-EN_1.pdf,Other (homelesshub.ca),Case Study: Toronto---A human rights analysis of ...,no,,,0,search-fan-out-2026-07-08,unknown,,,,,
RES-1222,https://www.wellesleyinstitute.com/wp-content/uploads/2022/02/Needs-Assessment-Report-final.pdf,Other (ellesleyinstitute.com),Toronto Supportive Housing Growth Plan: Needs ...,no,,,0,search-fan-out-2026-07-08,unknown,,,,,
RES-1223,https://www.mentalhealthcommission.ca/wp-content/uploads/drupal/At%252520Home%252520Report%252520Toronto%252520ENG_0.pdf,Other (mentalhealthcommission.ca),Toronto Final Report: At Home/Chez Soi project,no,,,0,search-fan-out-2026-07-08,unknown,,,,,
RES-1224,https://www.unitedwaygt.org/wp-content/uploads/2021/06/Homelessness-Solutions-Lab-Final-Report-Sept-17.pdf,Other (unitedwaygt.org),Homelessness-Solutions-Lab-Final-Report- ...,no,,,0,search-fan-out-2026-07-08,unknown,,,,,
RES-1225,https://www.reddit.com/r/toronto/comments/1s8b82n/toronto_board_of_health_extends_pilot_program/,Other (reddit.com),(no title),no,,,0,search-fan-out-2026-07-08,unknown,,,,,
RES-1226,https://www.socialplanningtoronto.org/read_our_may_2026_newsletter,Other (socialplanningtoronto.org),Read Our May 2026 Newsletter,no,,,0,search-fan-out-2026-07-08,unknown,,,,,
RES-1227,https://www.facebook.com/CanadianCentreforHousingRights/photos/toronto-is-facing-a-deepening-housing-and-homelessness-crisis-and-the-2026-city-/1212470304344214/,Other (facebook.com),Canadian - Toronto is facing a deepening housing and ...,no,,,0,search-fan-out-2026-07-08,unknown,,,,,
RES-1228,https://www.youtube.com/watch?v=jSDcUBD_4Rw,Other (youtube.com),(no title),no,,,0,search-fan-out-2026-07-08,unknown,,,,,
RES-1229,https://yws.on.ca/who-we-are/youth-homelessness/,Other (yws.on.ca),Youth Homelessness - Toronto,no,,,0,search-fan-out-2026-07-08,unknown,,,,,
RES-1230,https://www.youtube.com/watch?v=a9qoC6f3IT8,Other (youtube.com),City of Toronto update on 2024/2025 Winter Services Plan for ...,no,,,0,search-fan-out-2026-07-08,unknown,,,,,
RES-1231,https://www.fredvictor.org/facts-about-homelessness-in-toronto/,Other (fredvictor.org),Homelessness in Toronto - Facts and Statistics,no,,,0,search-fan-out-2026-07-08,unknown,,,,,
RES-1232,https://www.amo.on.ca/policy/health-emergency-and-social-services/homelessness-crisis-ontario-continues-worsen,Other (amo.on.ca),Homelessness Crisis in Ontario Continues to Worsen,no,,,0,search-fan-out-2026-07-08,unknown,,,,,
RES-1233,https://www.orhma.com/mbr/01/News/Torontos%20-2024-Street-Needs-Assessment-Tackling-Homelessness.aspx,Other (orhma.com),Toronto's 2024 Street Needs Assessment: Tackling ...,no,,,0,search-fan-out-2026-07-08,unknown,,,,,
RES-1234,https://www.facebook.com/CityNewsTO/posts/number-of-homeless-people-in-toronto-more-than-doubled-between-2021-and-2024-rep/1114104537307161/,Other (facebook.com),Number of homeless people in Toronto more than doubled ...,no,,,0,search-fan-out-2026-07-08,unknown,,,,,
RES-1235,https://www.socialplanningtoronto.org/july_2025_newsletter,Other (socialplanningtoronto.org),July 2025 Newsletter,no,,,0,search-fan-out-2026-07-08,unknown,,,,,
RES-30000,,Secondary synthesis (assembly-kb briefing),"Secondary-source briefing (assembly-kb FLAGSHIP_2slgbtq_inclusion.md), identity-stripped per D-0004 (real-name attribution removed, replaced with The Unknown Soldier; original preserved only in source repo). Source repo: regenerative-toronto-assembly-kb (local sibling clone), commit 4c0ce3085c6f48b029bc6c7af61773cec73db7e1, path research/FLAGSHIP_2slgbtq_inclusion.md. [topics: Recently added (2026 expansion)]",no,corpus/seeds/assembly-kb/FLAGSHIP_2slgbtq_inclusion.md,,0,t0071-assembly-kb-briefings,unknown,,,,,
RES-30001,,Secondary synthesis (assembly-kb briefing),"Secondary-source briefing (assembly-kb FLAGSHIP_AI_life_beyond_work.md), identity-stripped per D-0004 (real-name attribution removed, replaced with The Unknown Soldier; original preserved only in source repo). Source repo: regenerative-toronto-assembly-kb (local sibling clone), commit 4c0ce3085c6f48b029bc6c7af61773cec73db7e1, path research/FLAGSHIP_AI_life_beyond_work.md. [topics: AI]",no,corpus/seeds/assembly-kb/FLAGSHIP_AI_life_beyond_work.md,,0,t0071-assembly-kb-briefings,unknown,,,,,
RES-30002,,Secondary synthesis (assembly-kb briefing),"Secondary-source briefing (assembly-kb FLAGSHIP_AI_public_good.md), identity-stripped per D-0004 (real-name attribution removed, replaced with The Unknown Soldier; original preserved only in source repo). Source repo: regenerative-toronto-assembly-kb (local sibling clone), commit 4c0ce3085c6f48b029bc6c7af61773cec73db7e1, path research/FLAGSHIP_AI_public_good.md. [topics: AI]",no,corpus/seeds/assembly-kb/FLAGSHIP_AI_public_good.md,,0,t0071-assembly-kb-briefings,unknown,,,,,
RES-30003,,Secondary synthesis (assembly-kb briefing),"Secondary-source briefing (assembly-kb FLAGSHIP_AI_toronto_opportunity.md), identity-stripped per D-0004 (real-name attribution removed, replaced with The Unknown Soldier; original preserved only in source repo). Source repo: regenerative-toronto-assembly-kb (local sibling clone), commit 4c0ce3085c6f48b029bc6c7af61773cec73db7e1, path research/FLAGSHIP_AI_toronto_opportunity.md. [topics: AI]",no,corpus/seeds/assembly-kb/FLAGSHIP_AI_toronto_opportunity.md,,0,t0071-assembly-kb-briefings,unknown,,,,,
RES-30004,,Secondary synthesis (assembly-kb briefing),"Secondary-source briefing (assembly-kb FLAGSHIP_AI_work_income.md), identity-stripped per D-0004 (real-name attribution removed, replaced with The Unknown Soldier; original preserved only in source repo). Source repo: regenerative-toronto-assembly-kb (local sibling clone), commit 4c0ce3085c6f48b029bc6c7af61773cec73db7e1, path research/FLAGSHIP_AI_work_income.md. [topics: AI]",no,corpus/seeds/assembly-kb/FLAGSHIP_AI_work_income.md,,0,t0071-assembly-kb-briefings,unknown,,,,,
RES-30005,,Secondary synthesis (assembly-kb briefing),"Secondary-source briefing (assembly-kb FLAGSHIP_aging_well.md), identity-stripped per D-0004 (real-name attribution removed, replaced with The Unknown Soldier; original preserved only in source repo). Source repo: regenerative-toronto-assembly-kb (local sibling clone), commit 4c0ce3085c6f48b029bc6c7af61773cec73db7e1, path research/FLAGSHIP_aging_well.md. [topics: Recently added (2026 expansion)]",no,corpus/seeds/assembly-kb/FLAGSHIP_aging_well.md,,0,t0071-assembly-kb-briefings,unknown,,,,,
RES-30006,,Secondary synthesis (assembly-kb briefing),"Secondary-source briefing (assembly-kb FLAGSHIP_anti_black_racism.md), identity-stripped per D-0004 (real-name attribution removed, replaced with The Unknown Soldier; original preserved only in source repo). Source repo: regenerative-toronto-assembly-kb (local sibling clone), commit 4c0ce3085c6f48b029bc6c7af61773cec73db7e1, path research/FLAGSHIP_anti_black_racism.md. [topics: Recently added (2026 expansion)]",no,corpus/seeds/assembly-kb/FLAGSHIP_anti_black_racism.md,,0,t0071-assembly-kb-briefings,unknown,,,,,
RES-30007,,Secondary synthesis (assembly-kb briefing),"Secondary-source briefing (assembly-kb FLAGSHIP_arts_culture_creative_economy.md), identity-stripped per D-0004 (real-name attribution removed, replaced with The Unknown Soldier; original preserved only in source repo). Source repo: regenerative-toronto-assembly-kb (local sibling clone), commit 4c0ce3085c6f48b029bc6c7af61773cec73db7e1, path research/FLAGSHIP_arts_culture_creative_economy.md. [topics: Recently added (2026 expansion)]",no,corpus/seeds/assembly-kb/FLAGSHIP_arts_culture_creative_economy.md,,0,t0071-assembly-kb-briefings,unknown,,,,,
RES-30008,,Secondary synthesis (assembly-kb briefing),"Secondary-source briefing (assembly-kb FLAGSHIP_basic_income_ubs.md), identity-stripped per D-0004 (real-name attribution removed, replaced with The Unknown Soldier; original preserved only in source repo). Source repo: regenerative-toronto-assembly-kb (local sibling clone), commit 4c0ce3085c6f48b029bc6c7af61773cec73db7e1, path research/FLAGSHIP_basic_income_ubs.md. [topics: Economy & Income]",no,corpus/seeds/assembly-kb/FLAGSHIP_basic_income_ubs.md,,0,t0071-assembly-kb-briefings,unknown,,,,,
RES-30009,,Secondary synthesis (assembly-kb briefing),"Secondary-source briefing (assembly-kb FLAGSHIP_beautiful_city.md), identity-stripped per D-0004 (real-name attribution removed, replaced with The Unknown Soldier; original preserved only in source repo). Source repo: regenerative-toronto-assembly-kb (local sibling clone), commit 4c0ce3085c6f48b029bc6c7af61773cec73db7e1, path research/FLAGSHIP_beautiful_city.md. [topics: Connection & Wellbeing]",no,corpus/seeds/assembly-kb/FLAGSHIP_beautiful_city.md,,0,t0071-assembly-kb-briefings,unknown,,,,,
RES-30010,,Secondary synthesis (assembly-kb briefing),"Secondary-source briefing (assembly-kb FLAGSHIP_building_retrofits.md), identity-stripped per D-0004 (real-name attribution removed, replaced with The Unknown Soldier; original preserved only in source repo). Source repo: regenerative-toronto-assembly-kb (local sibling clone), commit 4c0ce3085c6f48b029bc6c7af61773cec73db7e1, path research/FLAGSHIP_building_retrofits.md. [topics: Climate & Energy / Food]",no,corpus/seeds/assembly-kb/FLAGSHIP_building_retrofits.md,,0,t0071-assembly-kb-briefings,unknown,,,,,
RES-30011,,Secondary synthesis (assembly-kb briefing),"Secondary-source briefing (assembly-kb FLAGSHIP_car_free_zones.md), identity-stripped per D-0004 (real-name attribution removed, replaced with The Unknown Soldier; original preserved only in source repo). Source repo: regenerative-toronto-assembly-kb (local sibling clone), commit 4c0ce3085c6f48b029bc6c7af61773cec73db7e1, path research/FLAGSHIP_car_free_zones.md. [topics: Transit & Mobility]",no,corpus/seeds/assembly-kb/FLAGSHIP_car_free_zones.md,,0,t0071-assembly-kb-briefings,unknown,,,,,
RES-30012,,Secondary synthesis (assembly-kb briefing),"Secondary-source briefing (assembly-kb FLAGSHIP_childcare_early_years.md), identity-stripped per D-0004 (real-name attribution removed, replaced with The Unknown Soldier; original preserved only in source repo). Source repo: regenerative-toronto-assembly-kb (local sibling clone), commit 4c0ce3085c6f48b029bc6c7af61773cec73db7e1, path research/FLAGSHIP_childcare_early_years.md. [topics: Health & Care]",no,corpus/seeds/assembly-kb/FLAGSHIP_childcare_early_years.md,,0,t0071-assembly-kb-briefings,unknown,,,,,
RES-30013,,Secondary synthesis (assembly-kb briefing),"Secondary-source briefing (assembly-kb FLAGSHIP_citizens_assemblies.md), identity-stripped per D-0004 (real-name attribution removed, replaced with The Unknown Soldier; original preserved only in source repo). Source repo: regenerative-toronto-assembly-kb (local sibling clone), commit 4c0ce3085c6f48b029bc6c7af61773cec73db7e1, path research/FLAGSHIP_citizens_assemblies.md. [topics: Democracy & Participation]",no,corpus/seeds/assembly-kb/FLAGSHIP_citizens_assemblies.md,,0,t0071-assembly-kb-briefings,unknown,,,,,
RES-30014,,Secondary synthesis (assembly-kb briefing),"Secondary-source briefing (assembly-kb FLAGSHIP_city_hall_democratic_reform.md), identity-stripped per D-0004 (real-name attribution removed, replaced with The Unknown Soldier; original preserved only in source repo). Source repo: regenerative-toronto-assembly-kb (local sibling clone), commit 4c0ce3085c6f48b029bc6c7af61773cec73db7e1, path research/FLAGSHIP_city_hall_democratic_reform.md. [topics: Recently added (2026 expansion)]",no,corpus/seeds/assembly-kb/FLAGSHIP_city_hall_democratic_reform.md,,0,t0071-assembly-kb-briefings,unknown,,,,,
RES-30015,,Secondary synthesis (assembly-kb briefing),"Secondary-source briefing (assembly-kb FLAGSHIP_city_workforce_unions.md), identity-stripped per D-0004 (real-name attribution removed, replaced with The Unknown Soldier; original preserved only in source repo). Source repo: regenerative-toronto-assembly-kb (local sibling clone), commit 4c0ce3085c6f48b029bc6c7af61773cec73db7e1, path research/FLAGSHIP_city_workforce_unions.md. [topics: Governance & Delivery]",no,corpus/seeds/assembly-kb/FLAGSHIP_city_workforce_unions.md,,0,t0071-assembly-kb-briefings,unknown,,,,,
RES-30016,,Secondary synthesis (assembly-kb briefing),"Secondary-source briefing (assembly-kb FLAGSHIP_clean_beautiful_streets.md), identity-stripped per D-0004 (real-name attribution removed, replaced with The Unknown Soldier; original preserved only in source repo). Source repo: regenerative-toronto-assembly-kb (local sibling clone), commit 4c0ce3085c6f48b029bc6c7af61773cec73db7e1, path research/FLAGSHIP_clean_beautiful_streets.md. [topics: Connection & Wellbeing]",no,corpus/seeds/assembly-kb/FLAGSHIP_clean_beautiful_streets.md,,0,t0071-assembly-kb-briefings,unknown,,,,,
RES-30017,,Secondary synthesis (assembly-kb briefing),"Secondary-source briefing (assembly-kb FLAGSHIP_climate_resilience.md), identity-stripped per D-0004 (real-name attribution removed, replaced with The Unknown Soldier; original preserved only in source repo). Source repo: regenerative-toronto-assembly-kb (local sibling clone), commit 4c0ce3085c6f48b029bc6c7af61773cec73db7e1, path research/FLAGSHIP_climate_resilience.md. [topics: Safety & Resilience]",no,corpus/seeds/assembly-kb/FLAGSHIP_climate_resilience.md,,0,t0071-assembly-kb-briefings,unknown,,,,,
RES-30018,,Secondary synthesis (assembly-kb briefing),"Secondary-source briefing (assembly-kb FLAGSHIP_community_energy.md), identity-stripped per D-0004 (real-name attribution removed, replaced with The Unknown Soldier; original preserved only in source repo). Source repo: regenerative-toronto-assembly-kb (local sibling clone), commit 4c0ce3085c6f48b029bc6c7af61773cec73db7e1, path research/FLAGSHIP_community_energy.md. [topics: Climate & Energy / Food]",no,corpus/seeds/assembly-kb/FLAGSHIP_community_energy.md,,0,t0071-assembly-kb-briefings,unknown,,,,,
RES-30019,,Secondary synthesis (assembly-kb briefing),"Secondary-source briefing (assembly-kb FLAGSHIP_community_land_trusts.md), identity-stripped per D-0004 (real-name attribution removed, replaced with The Unknown Soldier; original preserved only in source repo). Source repo: regenerative-toronto-assembly-kb (local sibling clone), commit 4c0ce3085c6f48b029bc6c7af61773cec73db7e1, path research/FLAGSHIP_community_land_trusts.md. [topics: Housing & Land]",no,corpus/seeds/assembly-kb/FLAGSHIP_community_land_trusts.md,,0,t0071-assembly-kb-briefings,unknown,,,,,
RES-30020,,Secondary synthesis (assembly-kb briefing),"Secondary-source briefing (assembly-kb FLAGSHIP_community_safety.md), identity-stripped per D-0004 (real-name attribution removed, replaced with The Unknown Soldier; original preserved only in source repo). Source repo: regenerative-toronto-assembly-kb (local sibling clone), commit 4c0ce3085c6f48b029bc6c7af61773cec73db7e1, path research/FLAGSHIP_community_safety.md. [topics: Safety & Resilience]",no,corpus/seeds/assembly-kb/FLAGSHIP_community_safety.md,,0,t0071-assembly-kb-briefings,unknown,,,,,
RES-30021,,Secondary synthesis (assembly-kb briefing),"Secondary-source briefing (assembly-kb FLAGSHIP_congestion_pricing.md), identity-stripped per D-0004 (real-name attribution removed, replaced with The Unknown Soldier; original preserved only in source repo). Source repo: regenerative-toronto-assembly-kb (local sibling clone), commit 4c0ce3085c6f48b029bc6c7af61773cec73db7e1, path research/FLAGSHIP_congestion_pricing.md. [topics: Transit & Mobility]",no,corpus/seeds/assembly-kb/FLAGSHIP_congestion_pricing.md,,0,t0071-assembly-kb-briefings,unknown,,,,,
RES-30022,,Secondary synthesis (assembly-kb briefing),"Secondary-source briefing (assembly-kb FLAGSHIP_connection_community.md), identity-stripped per D-0004 (real-name attribution removed, replaced with The Unknown Soldier; original preserved only in source repo). Source repo: regenerative-toronto-assembly-kb (local sibling clone), commit 4c0ce3085c6f48b029bc6c7af61773cec73db7e1, path research/FLAGSHIP_connection_community.md. [topics: Connection & Wellbeing]",no,corpus/seeds/assembly-kb/FLAGSHIP_connection_community.md,,0,t0071-assembly-kb-briefings,unknown,,,,,
RES-30023,,Secondary synthesis (assembly-kb briefing),"Secondary-source briefing (assembly-kb FLAGSHIP_coop_shared_equity_housing.md), identity-stripped per D-0004 (real-name attribution removed, replaced with The Unknown Soldier; original preserved only in source repo). Source repo: regenerative-toronto-assembly-kb (local sibling clone), commit 4c0ce3085c6f48b029bc6c7af61773cec73db7e1, path research/FLAGSHIP_coop_shared_equity_housing.md. [topics: Recently added (2026 expansion)]",no,corpus/seeds/assembly-kb/FLAGSHIP_coop_shared_equity_housing.md,,0,t0071-assembly-kb-briefings,unknown,,,,,
RES-30024,,Secondary synthesis (assembly-kb briefing),"Secondary-source briefing (assembly-kb FLAGSHIP_cycling_bikeshare.md), identity-stripped per D-0004 (real-name attribution removed, replaced with The Unknown Soldier; original preserved only in source repo). Source repo: regenerative-toronto-assembly-kb (local sibling clone), commit 4c0ce3085c6f48b029bc6c7af61773cec73db7e1, path research/FLAGSHIP_cycling_bikeshare.md. [topics: Transit & Mobility]",no,corpus/seeds/assembly-kb/FLAGSHIP_cycling_bikeshare.md,,0,t0071-assembly-kb-briefings,unknown,,,,,
RES-30025,,Secondary synthesis (assembly-kb briefing),"Secondary-source briefing (assembly-kb FLAGSHIP_dark_talent_work.md), identity-stripped per D-0004 (real-name attribution removed, replaced with The Unknown Soldier; original preserved only in source repo). Source repo: regenerative-toronto-assembly-kb (local sibling clone), commit 4c0ce3085c6f48b029bc6c7af61773cec73db7e1, path research/FLAGSHIP_dark_talent_work.md. [topics: Learning, Talent & Opportunity]",no,corpus/seeds/assembly-kb/FLAGSHIP_dark_talent_work.md,,0,t0071-assembly-kb-briefings,unknown,,,,,
RES-30026,,Secondary synthesis (assembly-kb briefing),"Secondary-source briefing (assembly-kb FLAGSHIP_data_information_governance.md), identity-stripped per D-0004 (real-name attribution removed, replaced with The Unknown Soldier; original preserved only in source repo). Source repo: regenerative-toronto-assembly-kb (local sibling clone), commit 4c0ce3085c6f48b029bc6c7af61773cec73db7e1, path research/FLAGSHIP_data_information_governance.md. [topics: Governance & Delivery]",no,corpus/seeds/assembly-kb/FLAGSHIP_data_information_governance.md,,0,t0071-assembly-kb-briefings,unknown,,,,,
RES-30027,,Secondary synthesis (assembly-kb briefing),"Secondary-source briefing (assembly-kb FLAGSHIP_deep_poverty_income.md), identity-stripped per D-0004 (real-name attribution removed, replaced with The Unknown Soldier; original preserved only in source repo). Source repo: regenerative-toronto-assembly-kb (local sibling clone), commit 4c0ce3085c6f48b029bc6c7af61773cec73db7e1, path research/FLAGSHIP_deep_poverty_income.md. [topics: Economy & Income]",no,corpus/seeds/assembly-kb/FLAGSHIP_deep_poverty_income.md,,0,t0071-assembly-kb-briefings,unknown,,,,,
RES-30028,,Secondary synthesis (assembly-kb briefing),"Secondary-source briefing (assembly-kb FLAGSHIP_digital_equity_connectivity.md), identity-stripped per D-0004 (real-name attribution removed, replaced with The Unknown Soldier; original preserved only in source repo). Source repo: regenerative-toronto-assembly-kb (local sibling clone), commit 4c0ce3085c6f48b029bc6c7af61773cec73db7e1, path research/FLAGSHIP_digital_equity_connectivity.md. [topics: Recently added (2026 expansion)]",no,corpus/seeds/assembly-kb/FLAGSHIP_digital_equity_connectivity.md,,0,t0071-assembly-kb-briefings,unknown,,,,,
RES-30029,,Secondary synthesis (assembly-kb briefing),"Secondary-source briefing (assembly-kb FLAGSHIP_disability_accessibility.md), identity-stripped per D-0004 (real-name attribution removed, replaced with The Unknown Soldier; original preserved only in source repo). Source repo: regenerative-toronto-assembly-kb (local sibling clone), commit 4c0ce3085c6f48b029bc6c7af61773cec73db7e1, path research/FLAGSHIP_disability_accessibility.md. [topics: People & Belonging]",no,corpus/seeds/assembly-kb/FLAGSHIP_disability_accessibility.md,,0,t0071-assembly-kb-briefings,unknown,,,,,
RES-30030,,Secondary synthesis (assembly-kb briefing),"Secondary-source briefing (assembly-kb FLAGSHIP_doug_ford_ontario_government.md), identity-stripped per D-0004 (real-name attribution removed, replaced with The Unknown Soldier; original preserved only in source repo). Source repo: regenerative-toronto-assembly-kb (local sibling clone), commit 4c0ce3085c6f48b029bc6c7af61773cec73db7e1, path research/FLAGSHIP_doug_ford_ontario_government.md. [topics: Recently added (2026 expansion)]",no,corpus/seeds/assembly-kb/FLAGSHIP_doug_ford_ontario_government.md,,0,t0071-assembly-kb-briefings,unknown,,,,,
RES-30031,,Secondary synthesis (assembly-kb briefing),"Secondary-source briefing (assembly-kb FLAGSHIP_drug_harm_reduction.md), identity-stripped per D-0004 (real-name attribution removed, replaced with The Unknown Soldier; original preserved only in source repo). Source repo: regenerative-toronto-assembly-kb (local sibling clone), commit 4c0ce3085c6f48b029bc6c7af61773cec73db7e1, path research/FLAGSHIP_drug_harm_reduction.md. [topics: Social / Humanitarian]",no,corpus/seeds/assembly-kb/FLAGSHIP_drug_harm_reduction.md,,0,t0071-assembly-kb-briefings,unknown,,,,,
RES-30032,,Secondary synthesis (assembly-kb briefing),"Secondary-source briefing (assembly-kb FLAGSHIP_education_reimagined.md), identity-stripped per D-0004 (real-name attribution removed, replaced with The Unknown Soldier; original preserved only in source repo). Source repo: regenerative-toronto-assembly-kb (local sibling clone), commit 4c0ce3085c6f48b029bc6c7af61773cec73db7e1, path research/FLAGSHIP_education_reimagined.md. [topics: Learning, Talent & Opportunity]",no,corpus/seeds/assembly-kb/FLAGSHIP_education_reimagined.md,,0,t0071-assembly-kb-briefings,unknown,,,,,
RES-30033,,Secondary synthesis (assembly-kb briefing),"Secondary-source briefing (assembly-kb FLAGSHIP_egaming_strategy.md), identity-stripped per D-0004 (real-name attribution removed, replaced with The Unknown Soldier; original preserved only in source repo). Source repo: regenerative-toronto-assembly-kb (local sibling clone), commit 4c0ce3085c6f48b029bc6c7af61773cec73db7e1, path research/FLAGSHIP_egaming_strategy.md. [topics: Connection & Wellbeing]",no,corpus/seeds/assembly-kb/FLAGSHIP_egaming_strategy.md,,0,t0071-assembly-kb-briefings,unknown,,,,,
RES-30034,,Secondary synthesis (assembly-kb briefing),"Secondary-source briefing (assembly-kb FLAGSHIP_family_doctors_primary_care.md), identity-stripped per D-0004 (real-name attribution removed, replaced with The Unknown Soldier; original preserved only in source repo). Source repo: regenerative-toronto-assembly-kb (local sibling clone), commit 4c0ce3085c6f48b029bc6c7af61773cec73db7e1, path research/FLAGSHIP_family_doctors_primary_care.md. [topics: Health & Care]",no,corpus/seeds/assembly-kb/FLAGSHIP_family_doctors_primary_care.md,,0,t0071-assembly-kb-briefings,unknown,,,,,
RES-30035,,Secondary synthesis (assembly-kb briefing),"Secondary-source briefing (assembly-kb FLAGSHIP_fare_free_transit.md), identity-stripped per D-0004 (real-name attribution removed, replaced with The Unknown Soldier; original preserved only in source repo). Source repo: regenerative-toronto-assembly-kb (local sibling clone), commit 4c0ce3085c6f48b029bc6c7af61773cec73db7e1, path research/FLAGSHIP_fare_free_transit.md. [topics: Transit & Mobility]",no,corpus/seeds/assembly-kb/FLAGSHIP_fare_free_transit.md,,0,t0071-assembly-kb-briefings,unknown,,,,,
RES-30036,,Secondary synthesis (assembly-kb briefing),"Secondary-source briefing (assembly-kb FLAGSHIP_food_security_access.md), identity-stripped per D-0004 (real-name attribution removed, replaced with The Unknown Soldier; original preserved only in source repo). Source repo: regenerative-toronto-assembly-kb (local sibling clone), commit 4c0ce3085c6f48b029bc6c7af61773cec73db7e1, path research/FLAGSHIP_food_security_access.md. [topics: Recently added (2026 expansion)]",no,corpus/seeds/assembly-kb/FLAGSHIP_food_security_access.md,,0,t0071-assembly-kb-briefings,unknown,,,,,
RES-30037,,Secondary synthesis (assembly-kb briefing),"Secondary-source briefing (assembly-kb FLAGSHIP_food_systems.md), identity-stripped per D-0004 (real-name attribution removed, replaced with The Unknown Soldier; original preserved only in source repo). Source repo: regenerative-toronto-assembly-kb (local sibling clone), commit 4c0ce3085c6f48b029bc6c7af61773cec73db7e1, path research/FLAGSHIP_food_systems.md. [topics: Climate & Energy / Food]",no,corpus/seeds/assembly-kb/FLAGSHIP_food_systems.md,,0,t0071-assembly-kb-briefings,unknown,,,,,
RES-30038,,Secondary synthesis (assembly-kb briefing),"Secondary-source briefing (assembly-kb FLAGSHIP_free_gift_economy_city.md), identity-stripped per D-0004 (real-name attribution removed, replaced with The Unknown Soldier; original preserved only in source repo). Source repo: regenerative-toronto-assembly-kb (local sibling clone), commit 4c0ce3085c6f48b029bc6c7af61773cec73db7e1, path research/FLAGSHIP_free_gift_economy_city.md. [topics: Connection & Wellbeing]",no,corpus/seeds/assembly-kb/FLAGSHIP_free_gift_economy_city.md,,0,t0071-assembly-kb-briefings,unknown,,,,,
RES-30039,,Secondary synthesis (assembly-kb briefing),"Secondary-source briefing (assembly-kb FLAGSHIP_gender_equity_womens_safety.md), identity-stripped per D-0004 (real-name attribution removed, replaced with The Unknown Soldier; original preserved only in source repo). Source repo: regenerative-toronto-assembly-kb (local sibling clone), commit 4c0ce3085c6f48b029bc6c7af61773cec73db7e1, path research/FLAGSHIP_gender_equity_womens_safety.md. [topics: Recently added (2026 expansion)]",no,corpus/seeds/assembly-kb/FLAGSHIP_gender_equity_womens_safety.md,,0,t0071-assembly-kb-briefings,unknown,,,,,
RES-30040,,Secondary synthesis (assembly-kb briefing),"Secondary-source briefing (assembly-kb FLAGSHIP_geopolitical_resilience.md), identity-stripped per D-0004 (real-name attribution removed, replaced with The Unknown Soldier; original preserved only in source repo). Source repo: regenerative-toronto-assembly-kb (local sibling clone), commit 4c0ce3085c6f48b029bc6c7af61773cec73db7e1, path research/FLAGSHIP_geopolitical_resilience.md. [topics: Safety & Resilience]",no,corpus/seeds/assembly-kb/FLAGSHIP_geopolitical_resilience.md,,0,t0071-assembly-kb-briefings,unknown,,,,,
RES-30041,,Secondary synthesis (assembly-kb briefing),"Secondary-source briefing (assembly-kb FLAGSHIP_getting_toronto_moving.md), identity-stripped per D-0004 (real-name attribution removed, replaced with The Unknown Soldier; original preserved only in source repo). Source repo: regenerative-toronto-assembly-kb (local sibling clone), commit 4c0ce3085c6f48b029bc6c7af61773cec73db7e1, path research/FLAGSHIP_getting_toronto_moving.md. [topics: Transit & Mobility]",no,corpus/seeds/assembly-kb/FLAGSHIP_getting_toronto_moving.md,,0,t0071-assembly-kb-briefings,unknown,,,,,
RES-30042,,Secondary synthesis (assembly-kb briefing),"Secondary-source briefing (assembly-kb FLAGSHIP_gig_economy_precarious_work.md), identity-stripped per D-0004 (real-name attribution removed, replaced with The Unknown Soldier; original preserved only in source repo). Source repo: regenerative-toronto-assembly-kb (local sibling clone), commit 4c0ce3085c6f48b029bc6c7af61773cec73db7e1, path research/FLAGSHIP_gig_economy_precarious_work.md. [topics: Recently added (2026 expansion)]",no,corpus/seeds/assembly-kb/FLAGSHIP_gig_economy_precarious_work.md,,0,t0071-assembly-kb-briefings,unknown,,,,,
RES-30043,,Secondary synthesis (assembly-kb briefing),"Secondary-source briefing (assembly-kb FLAGSHIP_government_corruption_transparency.md), identity-stripped per D-0004 (real-name attribution removed, replaced with The Unknown Soldier; original preserved only in source repo). Source repo: regenerative-toronto-assembly-kb (local sibling clone), commit 4c0ce3085c6f48b029bc6c7af61773cec73db7e1, path research/FLAGSHIP_government_corruption_transparency.md. [topics: Recently added (2026 expansion)]",no,corpus/seeds/assembly-kb/FLAGSHIP_government_corruption_transparency.md,,0,t0071-assembly-kb-briefings,unknown,,,,,
RES-30044,,Secondary synthesis (assembly-kb briefing),"Secondary-source briefing (assembly-kb FLAGSHIP_government_that_works.md), identity-stripped per D-0004 (real-name attribution removed, replaced with The Unknown Soldier; original preserved only in source repo). Source repo: regenerative-toronto-assembly-kb (local sibling clone), commit 4c0ce3085c6f48b029bc6c7af61773cec73db7e1, path research/FLAGSHIP_government_that_works.md. [topics: Governance & Delivery]",no,corpus/seeds/assembly-kb/FLAGSHIP_government_that_works.md,,0,t0071-assembly-kb-briefings,unknown,,,,,
RES-30045,,Secondary synthesis (assembly-kb briefing),"Secondary-source briefing (assembly-kb FLAGSHIP_healthiest_population.md), identity-stripped per D-0004 (real-name attribution removed, replaced with The Unknown Soldier; original preserved only in source repo). Source repo: regenerative-toronto-assembly-kb (local sibling clone), commit 4c0ce3085c6f48b029bc6c7af61773cec73db7e1, path research/FLAGSHIP_healthiest_population.md. [topics: Health & Care]",no,corpus/seeds/assembly-kb/FLAGSHIP_healthiest_population.md,,0,t0071-assembly-kb-briefings,unknown,,,,,
RES-30046,,Secondary synthesis (assembly-kb briefing),"Secondary-source briefing (assembly-kb FLAGSHIP_homelessness_housing_first.md), identity-stripped per D-0004 (real-name attribution removed, replaced with The Unknown Soldier; original preserved only in source repo). Source repo: regenerative-toronto-assembly-kb (local sibling clone), commit 4c0ce3085c6f48b029bc6c7af61773cec73db7e1, path research/FLAGSHIP_homelessness_housing_first.md. [topics: Social / Humanitarian]",no,corpus/seeds/assembly-kb/FLAGSHIP_homelessness_housing_first.md,,0,t0071-assembly-kb-briefings,unknown,,,,,
RES-30047,,Secondary synthesis (assembly-kb briefing),"Secondary-source briefing (assembly-kb FLAGSHIP_housing_supply_and_rents.md), identity-stripped per D-0004 (real-name attribution removed, replaced with The Unknown Soldier; original preserved only in source repo). Source repo: regenerative-toronto-assembly-kb (local sibling clone), commit 4c0ce3085c6f48b029bc6c7af61773cec73db7e1, path research/FLAGSHIP_housing_supply_and_rents.md. [topics: Housing & Land]",no,corpus/seeds/assembly-kb/FLAGSHIP_housing_supply_and_rents.md,,0,t0071-assembly-kb-briefings,unknown,,,,,
RES-30048,,Secondary synthesis (assembly-kb briefing),"Secondary-source briefing (assembly-kb FLAGSHIP_humane_city_animal_services.md), identity-stripped per D-0004 (real-name attribution removed, replaced with The Unknown Soldier; original preserved only in source repo). Source repo: regenerative-toronto-assembly-kb (local sibling clone), commit 4c0ce3085c6f48b029bc6c7af61773cec73db7e1, path research/FLAGSHIP_humane_city_animal_services.md. [topics: Recently added (2026 expansion)]",no,corpus/seeds/assembly-kb/FLAGSHIP_humane_city_animal_services.md,,0,t0071-assembly-kb-briefings,unknown,,,,,
RES-30049,,Secondary synthesis (assembly-kb briefing),"Secondary-source briefing (assembly-kb FLAGSHIP_immigration_diaspora_economy.md), identity-stripped per D-0004 (real-name attribution removed, replaced with The Unknown Soldier; original preserved only in source repo). Source repo: regenerative-toronto-assembly-kb (local sibling clone), commit 4c0ce3085c6f48b029bc6c7af61773cec73db7e1, path research/FLAGSHIP_immigration_diaspora_economy.md. [topics: People & Belonging]",no,corpus/seeds/assembly-kb/FLAGSHIP_immigration_diaspora_economy.md,,0,t0071-assembly-kb-briefings,unknown,,,,,
RES-30050,,Secondary synthesis (assembly-kb briefing),"Secondary-source briefing (assembly-kb FLAGSHIP_immigration_integrity.md), identity-stripped per D-0004 (real-name attribution removed, replaced with The Unknown Soldier; original preserved only in source repo). Source repo: regenerative-toronto-assembly-kb (local sibling clone), commit 4c0ce3085c6f48b029bc6c7af61773cec73db7e1, path research/FLAGSHIP_immigration_integrity.md. [topics: People & Belonging]",no,corpus/seeds/assembly-kb/FLAGSHIP_immigration_integrity.md,,0,t0071-assembly-kb-briefings,unknown,,,,,
RES-30051,,Secondary synthesis (assembly-kb briefing),"Secondary-source briefing (assembly-kb FLAGSHIP_immigration_mutual_learning.md), identity-stripped per D-0004 (real-name attribution removed, replaced with The Unknown Soldier; original preserved only in source repo). Source repo: regenerative-toronto-assembly-kb (local sibling clone), commit 4c0ce3085c6f48b029bc6c7af61773cec73db7e1, path research/FLAGSHIP_immigration_mutual_learning.md. [topics: People & Belonging]",no,corpus/seeds/assembly-kb/FLAGSHIP_immigration_mutual_learning.md,,0,t0071-assembly-kb-briefings,unknown,,,,,
RES-30052,,Secondary synthesis (assembly-kb briefing),"Secondary-source briefing (assembly-kb FLAGSHIP_indigenous_suite_overview.md), identity-stripped per D-0004 (real-name attribution removed, replaced with The Unknown Soldier; original preserved only in source repo). Source repo: regenerative-toronto-assembly-kb (local sibling clone), commit 4c0ce3085c6f48b029bc6c7af61773cec73db7e1, path research/FLAGSHIP_indigenous_suite_overview.md. [topics: Indigenous (self-determined — Indigenous-led)]",no,corpus/seeds/assembly-kb/FLAGSHIP_indigenous_suite_overview.md,,0,t0071-assembly-kb-briefings,unknown,,,,,
RES-30053,,Secondary synthesis (assembly-kb briefing),"Secondary-source briefing (assembly-kb FLAGSHIP_innovating_city_government.md), identity-stripped per D-0004 (real-name attribution removed, replaced with The Unknown Soldier; original preserved only in source repo). Source repo: regenerative-toronto-assembly-kb (local sibling clone), commit 4c0ce3085c6f48b029bc6c7af61773cec73db7e1, path research/FLAGSHIP_innovating_city_government.md. [topics: Governance & Delivery]",no,corpus/seeds/assembly-kb/FLAGSHIP_innovating_city_government.md,,0,t0071-assembly-kb-briefings,unknown,,,,,
RES-30054,,Secondary synthesis (assembly-kb briefing),"Secondary-source briefing (assembly-kb FLAGSHIP_intergenerational_connection.md), identity-stripped per D-0004 (real-name attribution removed, replaced with The Unknown Soldier; original preserved only in source repo). Source repo: regenerative-toronto-assembly-kb (local sibling clone), commit 4c0ce3085c6f48b029bc6c7af61773cec73db7e1, path research/FLAGSHIP_intergenerational_connection.md. [topics: Connection & Wellbeing]",no,corpus/seeds/assembly-kb/FLAGSHIP_intergenerational_connection.md,,0,t0071-assembly-kb-briefings,unknown,,,,,
RES-30055,,Secondary synthesis (assembly-kb briefing),"Secondary-source briefing (assembly-kb FLAGSHIP_joyful_city.md), identity-stripped per D-0004 (real-name attribution removed, replaced with The Unknown Soldier; original preserved only in source repo). Source repo: regenerative-toronto-assembly-kb (local sibling clone), commit 4c0ce3085c6f48b029bc6c7af61773cec73db7e1, path research/FLAGSHIP_joyful_city.md. [topics: People & Belonging]",no,corpus/seeds/assembly-kb/FLAGSHIP_joyful_city.md,,0,t0071-assembly-kb-briefings,unknown,,,,,
RES-30056,,Secondary synthesis (assembly-kb briefing),"Secondary-source briefing (assembly-kb FLAGSHIP_land_use_zoning.md), identity-stripped per D-0004 (real-name attribution removed, replaced with The Unknown Soldier; original preserved only in source repo). Source repo: regenerative-toronto-assembly-kb (local sibling clone), commit 4c0ce3085c6f48b029bc6c7af61773cec73db7e1, path research/FLAGSHIP_land_use_zoning.md. [topics: Recently added (2026 expansion)]",no,corpus/seeds/assembly-kb/FLAGSHIP_land_use_zoning.md,,0,t0071-assembly-kb-briefings,unknown,,,,,
RES-30057,,Secondary synthesis (assembly-kb briefing),"Secondary-source briefing (assembly-kb FLAGSHIP_libraries_civic_commons.md), identity-stripped per D-0004 (real-name attribution removed, replaced with The Unknown Soldier; original preserved only in source repo). Source repo: regenerative-toronto-assembly-kb (local sibling clone), commit 4c0ce3085c6f48b029bc6c7af61773cec73db7e1, path research/FLAGSHIP_libraries_civic_commons.md. [topics: Recently added (2026 expansion)]",no,corpus/seeds/assembly-kb/FLAGSHIP_libraries_civic_commons.md,,0,t0071-assembly-kb-briefings,unknown,,,,,
RES-30058,,Secondary synthesis (assembly-kb briefing),"Secondary-source briefing (assembly-kb FLAGSHIP_local_economy_main_streets.md), identity-stripped per D-0004 (real-name attribution removed, replaced with The Unknown Soldier; original preserved only in source repo). Source repo: regenerative-toronto-assembly-kb (local sibling clone), commit 4c0ce3085c6f48b029bc6c7af61773cec73db7e1, path research/FLAGSHIP_local_economy_main_streets.md. [topics: Recently added (2026 expansion)]",no,corpus/seeds/assembly-kb/FLAGSHIP_local_economy_main_streets.md,,0,t0071-assembly-kb-briefings,unknown,,,,,
RES-30059,,Secondary synthesis (assembly-kb briefing),"Secondary-source briefing (assembly-kb FLAGSHIP_mental_health_crisis_response.md), identity-stripped per D-0004 (real-name attribution removed, replaced with The Unknown Soldier; original preserved only in source repo). Source repo: regenerative-toronto-assembly-kb (local sibling clone), commit 4c0ce3085c6f48b029bc6c7af61773cec73db7e1, path research/FLAGSHIP_mental_health_crisis_response.md. [topics: Social / Humanitarian]",no,corpus/seeds/assembly-kb/FLAGSHIP_mental_health_crisis_response.md,,0,t0071-assembly-kb-briefings,unknown,,,,,
RES-30060,,Secondary synthesis (assembly-kb briefing),"Secondary-source briefing (assembly-kb FLAGSHIP_mental_wellbeing.md), identity-stripped per D-0004 (real-name attribution removed, replaced with The Unknown Soldier; original preserved only in source repo). Source repo: regenerative-toronto-assembly-kb (local sibling clone), commit 4c0ce3085c6f48b029bc6c7af61773cec73db7e1, path research/FLAGSHIP_mental_wellbeing.md. [topics: Connection & Wellbeing]",no,corpus/seeds/assembly-kb/FLAGSHIP_mental_wellbeing.md,,0,t0071-assembly-kb-briefings,unknown,,,,,
RES-30061,,Secondary synthesis (assembly-kb briefing),"Secondary-source briefing (assembly-kb FLAGSHIP_most_educated_population.md), identity-stripped per D-0004 (real-name attribution removed, replaced with The Unknown Soldier; original preserved only in source repo). Source repo: regenerative-toronto-assembly-kb (local sibling clone), commit 4c0ce3085c6f48b029bc6c7af61773cec73db7e1, path research/FLAGSHIP_most_educated_population.md. [topics: Learning, Talent & Opportunity]",no,corpus/seeds/assembly-kb/FLAGSHIP_most_educated_population.md,,0,t0071-assembly-kb-briefings,unknown,,,,,
RES-30062,,Secondary synthesis (assembly-kb briefing),"Secondary-source briefing (assembly-kb FLAGSHIP_municipal_autonomy.md), identity-stripped per D-0004 (real-name attribution removed, replaced with The Unknown Soldier; original preserved only in source repo). Source repo: regenerative-toronto-assembly-kb (local sibling clone), commit 4c0ce3085c6f48b029bc6c7af61773cec73db7e1, path research/FLAGSHIP_municipal_autonomy.md. [topics: Governance & Delivery]",no,corpus/seeds/assembly-kb/FLAGSHIP_municipal_autonomy.md,,0,t0071-assembly-kb-briefings,unknown,,,,,
RES-30063,,Secondary synthesis (assembly-kb briefing),"Secondary-source briefing (assembly-kb FLAGSHIP_municipal_money.md), identity-stripped per D-0004 (real-name attribution removed, replaced with The Unknown Soldier; original preserved only in source repo). Source repo: regenerative-toronto-assembly-kb (local sibling clone), commit 4c0ce3085c6f48b029bc6c7af61773cec73db7e1, path research/FLAGSHIP_municipal_money.md. [topics: Governance & Delivery]",no,corpus/seeds/assembly-kb/FLAGSHIP_municipal_money.md,,0,t0071-assembly-kb-briefings,unknown,,,,,
RES-30064,,Secondary synthesis (assembly-kb briefing),"Secondary-source briefing (assembly-kb FLAGSHIP_nature_biodiversity_ravines.md), identity-stripped per D-0004 (real-name attribution removed, replaced with The Unknown Soldier; original preserved only in source repo). Source repo: regenerative-toronto-assembly-kb (local sibling clone), commit 4c0ce3085c6f48b029bc6c7af61773cec73db7e1, path research/FLAGSHIP_nature_biodiversity_ravines.md. [topics: Environment & Nature]",no,corpus/seeds/assembly-kb/FLAGSHIP_nature_biodiversity_ravines.md,,0,t0071-assembly-kb-briefings,unknown,,,,,
RES-30065,,Secondary synthesis (assembly-kb briefing),"Secondary-source briefing (assembly-kb FLAGSHIP_newcomer_success.md), identity-stripped per D-0004 (real-name attribution removed, replaced with The Unknown Soldier; original preserved only in source repo). Source repo: regenerative-toronto-assembly-kb (local sibling clone), commit 4c0ce3085c6f48b029bc6c7af61773cec73db7e1, path research/FLAGSHIP_newcomer_success.md. [topics: Recently added (2026 expansion)]",no,corpus/seeds/assembly-kb/FLAGSHIP_newcomer_success.md,,0,t0071-assembly-kb-briefings,unknown,,,,,
RES-30066,,Secondary synthesis (assembly-kb briefing),"Secondary-source briefing (assembly-kb FLAGSHIP_parks_public_space.md), identity-stripped per D-0004 (real-name attribution removed, replaced with The Unknown Soldier; original preserved only in source repo). Source repo: regenerative-toronto-assembly-kb (local sibling clone), commit 4c0ce3085c6f48b029bc6c7af61773cec73db7e1, path research/FLAGSHIP_parks_public_space.md. [topics: Recently added (2026 expansion)]",no,corpus/seeds/assembly-kb/FLAGSHIP_parks_public_space.md,,0,t0071-assembly-kb-briefings,unknown,,,,,
RES-30067,,Secondary synthesis (assembly-kb briefing),"Secondary-source briefing (assembly-kb FLAGSHIP_participatory_budgeting.md), identity-stripped per D-0004 (real-name attribution removed, replaced with The Unknown Soldier; original preserved only in source repo). Source repo: regenerative-toronto-assembly-kb (local sibling clone), commit 4c0ce3085c6f48b029bc6c7af61773cec73db7e1, path research/FLAGSHIP_participatory_budgeting.md. [topics: Democracy & Participation]",no,corpus/seeds/assembly-kb/FLAGSHIP_participatory_budgeting.md,,0,t0071-assembly-kb-briefings,unknown,,,,,
RES-30068,,Secondary synthesis (assembly-kb briefing),"Secondary-source briefing (assembly-kb FLAGSHIP_police_accountability_PUBLIC.md), identity-stripped per D-0004 (real-name attribution removed, replaced with The Unknown Soldier; original preserved only in source repo). Source repo: regenerative-toronto-assembly-kb (local sibling clone), commit 4c0ce3085c6f48b029bc6c7af61773cec73db7e1, path research/FLAGSHIP_police_accountability_PUBLIC.md. [topics: Safety & Resilience]",no,corpus/seeds/assembly-kb/FLAGSHIP_police_accountability_PUBLIC.md,,0,t0071-assembly-kb-briefings,unknown,,,,,
RES-30069,,Secondary synthesis (assembly-kb briefing),"Secondary-source briefing (assembly-kb FLAGSHIP_public_health_emergency_resilience.md), identity-stripped per D-0004 (real-name attribution removed, replaced with The Unknown Soldier; original preserved only in source repo). Source repo: regenerative-toronto-assembly-kb (local sibling clone), commit 4c0ce3085c6f48b029bc6c7af61773cec73db7e1, path research/FLAGSHIP_public_health_emergency_resilience.md. [topics: Recently added (2026 expansion)]",no,corpus/seeds/assembly-kb/FLAGSHIP_public_health_emergency_resilience.md,,0,t0071-assembly-kb-briefings,unknown,,,,,
RES-30070,,Secondary synthesis (assembly-kb briefing),"Secondary-source briefing (assembly-kb FLAGSHIP_purok_hyperlocal_organizing.md), identity-stripped per D-0004 (real-name attribution removed, replaced with The Unknown Soldier; original preserved only in source repo). Source repo: regenerative-toronto-assembly-kb (local sibling clone), commit 4c0ce3085c6f48b029bc6c7af61773cec73db7e1, path research/FLAGSHIP_purok_hyperlocal_organizing.md. [topics: Democracy & Participation]",no,corpus/seeds/assembly-kb/FLAGSHIP_purok_hyperlocal_organizing.md,,0,t0071-assembly-kb-briefings,unknown,,,,,
RES-30071,,Secondary synthesis (assembly-kb briefing),"Secondary-source briefing (assembly-kb FLAGSHIP_real_estate_financialization.md), identity-stripped per D-0004 (real-name attribution removed, replaced with The Unknown Soldier; original preserved only in source repo). Source repo: regenerative-toronto-assembly-kb (local sibling clone), commit 4c0ce3085c6f48b029bc6c7af61773cec73db7e1, path research/FLAGSHIP_real_estate_financialization.md. [topics: Recently added (2026 expansion)]",no,corpus/seeds/assembly-kb/FLAGSHIP_real_estate_financialization.md,,0,t0071-assembly-kb-briefings,unknown,,,,,
RES-30072,,Secondary synthesis (assembly-kb briefing),"Secondary-source briefing (assembly-kb FLAGSHIP_regional_governance_GTA.md), identity-stripped per D-0004 (real-name attribution removed, replaced with The Unknown Soldier; original preserved only in source repo). Source repo: regenerative-toronto-assembly-kb (local sibling clone), commit 4c0ce3085c6f48b029bc6c7af61773cec73db7e1, path research/FLAGSHIP_regional_governance_GTA.md. [topics: Recently added (2026 expansion)]",no,corpus/seeds/assembly-kb/FLAGSHIP_regional_governance_GTA.md,,0,t0071-assembly-kb-briefings,unknown,,,,,
RES-30073,,Secondary synthesis (assembly-kb briefing),"Secondary-source briefing (assembly-kb FLAGSHIP_social_services_reform.md), identity-stripped per D-0004 (real-name attribution removed, replaced with The Unknown Soldier; original preserved only in source repo). Source repo: regenerative-toronto-assembly-kb (local sibling clone), commit 4c0ce3085c6f48b029bc6c7af61773cec73db7e1, path research/FLAGSHIP_social_services_reform.md. [topics: Social / Humanitarian]",no,corpus/seeds/assembly-kb/FLAGSHIP_social_services_reform.md,,0,t0071-assembly-kb-briefings,unknown,,,,,
RES-30074,,Secondary synthesis (assembly-kb briefing),"Secondary-source briefing (assembly-kb FLAGSHIP_sports_recreation.md), identity-stripped per D-0004 (real-name attribution removed, replaced with The Unknown Soldier; original preserved only in source repo). Source repo: regenerative-toronto-assembly-kb (local sibling clone), commit 4c0ce3085c6f48b029bc6c7af61773cec73db7e1, path research/FLAGSHIP_sports_recreation.md. [topics: Health & Care]",no,corpus/seeds/assembly-kb/FLAGSHIP_sports_recreation.md,,0,t0071-assembly-kb-briefings,unknown,,,,,
RES-30075,,Secondary synthesis (assembly-kb briefing),"Secondary-source briefing (assembly-kb FLAGSHIP_supercharging_groups.md), identity-stripped per D-0004 (real-name attribution removed, replaced with The Unknown Soldier; original preserved only in source repo). Source repo: regenerative-toronto-assembly-kb (local sibling clone), commit 4c0ce3085c6f48b029bc6c7af61773cec73db7e1, path research/FLAGSHIP_supercharging_groups.md. [topics: Connection & Wellbeing]",no,corpus/seeds/assembly-kb/FLAGSHIP_supercharging_groups.md,,0,t0071-assembly-kb-briefings,unknown,,,,,
RES-30076,,Secondary synthesis (assembly-kb briefing),"Secondary-source briefing (assembly-kb FLAGSHIP_tenant_protections.md), identity-stripped per D-0004 (real-name attribution removed, replaced with The Unknown Soldier; original preserved only in source repo). Source repo: regenerative-toronto-assembly-kb (local sibling clone), commit 4c0ce3085c6f48b029bc6c7af61773cec73db7e1, path research/FLAGSHIP_tenant_protections.md. [topics: Housing & Land]",no,corpus/seeds/assembly-kb/FLAGSHIP_tenant_protections.md,,0,t0071-assembly-kb-briefings,unknown,,,,,
RES-30077,,Secondary synthesis (assembly-kb briefing),"Secondary-source briefing (assembly-kb FLAGSHIP_vacant_home_tax.md), identity-stripped per D-0004 (real-name attribution removed, replaced with The Unknown Soldier; original preserved only in source repo). Source repo: regenerative-toronto-assembly-kb (local sibling clone), commit 4c0ce3085c6f48b029bc6c7af61773cec73db7e1, path research/FLAGSHIP_vacant_home_tax.md. [topics: Housing & Land]",no,corpus/seeds/assembly-kb/FLAGSHIP_vacant_home_tax.md,,0,t0071-assembly-kb-briefings,unknown,,,,,
RES-30078,,Secondary synthesis (assembly-kb briefing),"Secondary-source briefing (assembly-kb FLAGSHIP_waste_circular_economy.md), identity-stripped per D-0004 (real-name attribution removed, replaced with The Unknown Soldier; original preserved only in source repo). Source repo: regenerative-toronto-assembly-kb (local sibling clone), commit 4c0ce3085c6f48b029bc6c7af61773cec73db7e1, path research/FLAGSHIP_waste_circular_economy.md. [topics: Environment & Nature]",no,corpus/seeds/assembly-kb/FLAGSHIP_waste_circular_economy.md,,0,t0071-assembly-kb-briefings,unknown,,,,,
RES-30079,,Secondary synthesis (assembly-kb briefing),"Secondary-source briefing (assembly-kb FLAGSHIP_water_great_lakes.md), identity-stripped per D-0004 (real-name attribution removed, replaced with The Unknown Soldier; original preserved only in source repo). Source repo: regenerative-toronto-assembly-kb (local sibling clone), commit 4c0ce3085c6f48b029bc6c7af61773cec73db7e1, path research/FLAGSHIP_water_great_lakes.md. [topics: Environment & Nature]",no,corpus/seeds/assembly-kb/FLAGSHIP_water_great_lakes.md,,0,t0071-assembly-kb-briefings,unknown,,,,,
RES-30080,,Secondary synthesis (assembly-kb briefing),"Secondary-source briefing (assembly-kb FLAGSHIP_water_wastewater_infrastructure.md), identity-stripped per D-0004 (real-name attribution removed, replaced with The Unknown Soldier; original preserved only in source repo). Source repo: regenerative-toronto-assembly-kb (local sibling clone), commit 4c0ce3085c6f48b029bc6c7af61773cec73db7e1, path research/FLAGSHIP_water_wastewater_infrastructure.md. [topics: Recently added (2026 expansion)]",no,corpus/seeds/assembly-kb/FLAGSHIP_water_wastewater_infrastructure.md,,0,t0071-assembly-kb-briefings,unknown,,,,,
RES-30081,,Secondary synthesis (assembly-kb briefing),"Secondary-source briefing (assembly-kb FLAGSHIP_web3_dao_innovation.md), identity-stripped per D-0004 (real-name attribution removed, replaced with The Unknown Soldier; original preserved only in source repo). Source repo: regenerative-toronto-assembly-kb (local sibling clone), commit 4c0ce3085c6f48b029bc6c7af61773cec73db7e1, path research/FLAGSHIP_web3_dao_innovation.md. [topics: Recently added (2026 expansion)]",no,corpus/seeds/assembly-kb/FLAGSHIP_web3_dao_innovation.md,,0,t0071-assembly-kb-briefings,unknown,,,,,
RES-30082,,Secondary synthesis (assembly-kb briefing),"Secondary-source briefing (assembly-kb FLAGSHIP_worker_cooperatives.md), identity-stripped per D-0004 (real-name attribution removed, replaced with The Unknown Soldier; original preserved only in source repo). Source repo: regenerative-toronto-assembly-kb (local sibling clone), commit 4c0ce3085c6f48b029bc6c7af61773cec73db7e1, path research/FLAGSHIP_worker_cooperatives.md. [topics: Economy & Income]",no,corpus/seeds/assembly-kb/FLAGSHIP_worker_cooperatives.md,,0,t0071-assembly-kb-briefings,unknown,,,,,
RES-30083,,Secondary synthesis (assembly-kb briefing),"Secondary-source briefing (assembly-kb FLAGSHIP_youth_opportunity_belonging.md), identity-stripped per D-0004 (real-name attribution removed, replaced with The Unknown Soldier; original preserved only in source repo). Source repo: regenerative-toronto-assembly-kb (local sibling clone), commit 4c0ce3085c6f48b029bc6c7af61773cec73db7e1, path research/FLAGSHIP_youth_opportunity_belonging.md. [topics: People & Belonging]",no,corpus/seeds/assembly-kb/FLAGSHIP_youth_opportunity_belonging.md,,0,t0071-assembly-kb-briefings,unknown,,,,,
RES-1010000,https://pmc.ncbi.nlm.nih.gov/articles/PMC6824475/,Academic/peer-reviewed,"[T-0069 Phase 2 pilot / #142] Fowler et al., community-based system-dynamics evaluation of homeless-services fragmentation (US Midwestern Continuum of Care) -- supports RES-30073 FLAGSHIP_social_services_reform.md inline citation on governance structures inhibiting outcomes.",yes,RES-1010000,,,t0069-phase2-pilot-citations,full,,,,,
RES-1010001,https://pmc.ncbi.nlm.nih.gov/articles/PMC7313544/,Academic/peer-reviewed,"[T-0069 Phase 2 pilot / #142] Ponka et al. systematic review, effectiveness of case-management interventions for homeless/vulnerably-housed populations (mostly US, some EU/Australia) -- supports RES-30073 FLAGSHIP_social_services_reform.md inline citation on intensive/continuous/low-caseload case management.",yes,RES-1010001,,,t0069-phase2-pilot-citations,full,,,,,
RES-1010002,https://pmc.ncbi.nlm.nih.gov/articles/PMC5438434/,Academic/peer-reviewed,"[T-0069 Phase 2 pilot / #142] Barker & Maguire, ""Experts by Experience: Peer Support and its Use with the Homeless"" (mostly US studies, 1 Canada, 1 Netherlands) -- supports RES-30073 FLAGSHIP_social_services_reform.md inline citation on peer-support outcome evidence.",yes,RES-1010002,,,t0069-phase2-pilot-citations,full,,,,,
RES-1010003,https://www.eugene-or.gov/DocumentCenter/View/56717/CAHOOTS-Program-Analysis,Other (eugene-or.gov),"[T-0069 Phase 2 pilot / #142] Eugene Police Department Crime Analysis Unit, official CAHOOTS Program Analysis -- primary source for RES-30059 FLAGSHIP_mental_health_crisis_response.md's ~0.6% police-backup-rate claim (24,000 calls / ~150 backups, 2019).",yes,RES-1010003,,,t0069-phase2-pilot-citations,tables-missing,,,,,
RES-1010004,https://pmc.ncbi.nlm.nih.gov/articles/PMC9176742/,Academic/peer-reviewed,"[T-0069 Phase 2 pilot / #142] Dee & Pyne, Science Advances 2022, ""A community response approach to mental health and substance abuse crises reduced crime"" -- the peer-reviewed Denver STAR study named in RES-30059 FLAGSHIP_mental_health_crisis_response.md (crime reduction, ~4x cost reduction vs police response).",partial,RES-1010004,,,t0069-phase2-pilot-citations,partial,,,,,
RES-1010005,https://www.toronto.ca/community-people/public-safety-alerts/community-safety-wellbeing-programs/toronto-community-crisis-service/,City of Toronto,[T-0069 Phase 2 pilot / #142] City of Toronto official Toronto Community Crisis Service (TCCS) program page -- primary source for RES-30059 FLAGSHIP_mental_health_crisis_response.md's TCCS coverage/response-volume/satisfaction claims.,yes,RES-1010005,,,t0069-phase2-pilot-citations,full,,,,,
RES-1010006,https://www.npr.org/2024/02/24/1230188789/portugal-drug-overdose-opioid-treatment,News media,"[T-0069 Phase 2 pilot / #142] NPR, ""Portugal's overdose death rates are a tiny fraction of U.S. fatalities"" -- the exact NPR source named in-text but unlinked in RES-30031 FLAGSHIP_drug_harm_reduction.md's ~93% Portugal overdose-decline claim. NOTE: primary EMCDDA/EUDA site (euda.europa.eu, and legacy emcdda.europa.eu) returns HTTP 403 on every path tested incl. root/data endpoints, with no Wayback snapshot available -- genuinely inaccessible to the ingest pipeline as of 2026-07-09, not a research shortcut. NPR is the actual named source in the briefing text.",yes,RES-1010006,,,t0069-phase2-pilot-citations,full,,,,,
RES-1010007,https://www.bccsu.ca/wp-content/uploads/2016/10/insight_into_insite.pdf,Other (bccsu.ca),"[T-0069 Phase 2 pilot / #142] BC Centre on Substance Use, ""Insight into Insite"" official report -- primary source for RES-30031 FLAGSHIP_drug_harm_reduction.md's zero-overdose-deaths-inside-SCS claim.",yes,RES-1010007,,,t0069-phase2-pilot-citations,full,,,,,
RES-1010008,https://news.ontario.ca/en/backgrounder/1005354/the-safer-streets-stronger-communities-act,Government of Ontario,"[T-0069 Phase 2 pilot / #142] Government of Ontario official backgrounder, The Safer Streets, Stronger Communities Act -- primary source for RES-30031 FLAGSHIP_drug_harm_reduction.md's Ontario SCS-closure / HART-hub-replacement claim.",yes,RES-1010008,,,t0069-phase2-pilot-citations,full,,,,,
RES-1010009,https://www.publichealthontario.ca/en/data-and-analysis/substance-use/interactive-opioid-tool,Government of Ontario,[T-0069 Phase 2 pilot / #142] Public Health Ontario official Interactive Opioid Tool -- primary data source for RES-30031 FLAGSHIP_drug_harm_reduction.md's Toronto/Ontario overdose-mortality figures.,yes,RES-1010009,,,t0069-phase2-pilot-citations,full,,,,,
RES-1010010,https://pmc.ncbi.nlm.nih.gov/articles/PMC6684858/,Academic/peer-reviewed,"[T-0069 Phase 2 pilot / #142] Irvine et al., peer-reviewed modelling study of BC harm-reduction interventions averting overdose deaths (BCCDC) -- the actual academic study behind RES-30031 FLAGSHIP_drug_harm_reduction.md's ~3,000-deaths-prevented BC claim (cited in the briefing only via a secondary Cato/BC-research reference).",yes,RES-1010010,,,t0069-phase2-pilot-citations,full,,,,,
RES-1010011,https://pmc.ncbi.nlm.nih.gov/articles/PMC12652267/,Academic/peer-reviewed,"[T-0069 Phase 2 pilot / #142] Canada.ca HPCDP journal, systematic review of supervised consumption sites and population-level overdose mortality (2016-2024) -- the exact ""systematic review 2016-2024"" cited in RES-30031 FLAGSHIP_drug_harm_reduction.md's AGAINST section on mixed population-level SCS evidence.",yes,RES-1010011,,,t0069-phase2-pilot-citations,full,,,,,
