org_id,name,category,subcategory,area,website,verification_status,last_verified
ORG-00001,Homes First Society,base-of-pyramid,shelter/homelessness,,https://homesfirst.on.ca/,verified-live,2026-07-30
ORG-00004,Dixon Hall Neighbourhood Services,base-of-pyramid,shelter/homelessness,,https://dixonhall.org/,verified-live,2026-07-30
ORG-00005,YWCA Toronto,base-of-pyramid,shelter/homelessness (women),,https://www.ywcatoronto.org/,verified-live,2026-07-30
ORG-00006,COSTI Immigrant Services,newcomer/immigrant-serving,settlement,,https://www.costi.org/,verified-live,2026-07-30
ORG-00007,Good Shepherd Centres,base-of-pyramid,shelter/homelessness,,https://goodshepherdcentres.ca/,verified-live,2026-07-30
ORG-00008,Good Shepherd Ministries,base-of-pyramid,shelter/homelessness,,https://goodshepherd.ca/,verified-live,2026-07-30
ORG-00013,Na-Me-Res (Native Men's Residence),base-of-pyramid,shelter/homelessness (Indigenous),,https://www.nameres.org/,verified-live,2026-07-30
ORG-00015,Street Haven at the Crossroads,base-of-pyramid,shelter/homelessness (women),,https://streethaven.org/,verified-live,2026-07-30
ORG-00016,The Salvation Army (Toronto — Harbour Light / Homestead / The Gateway),base-of-pyramid,shelter/homelessness,,https://thegateway.ca/,verified-live,2026-07-30
ORG-00017,The Scott Mission,base-of-pyramid,shelter/homelessness + food security,,https://scottmission.com/,verified-live,2026-07-30
ORG-00018,Yonge Street Mission,base-of-pyramid,shelter/homelessness + youth,,https://www.ysm.ca/,verified-live,2026-07-30
ORG-00019,Daily Bread Food Bank,base-of-pyramid,food security,,https://www.dailybread.ca/,verified-live,2026-07-30
ORG-00020,North York Harvest Food Bank,base-of-pyramid,food security,,https://northyorkharvest.com/,verified-live,2026-07-30
ORG-00021,The Stop Community Food Centre,base-of-pyramid,food security,,https://www.thestop.org/,verified-live,2026-07-30
ORG-00022,FoodShare Toronto,base-of-pyramid,food security,,https://foodshare.net/,verified-live,2026-07-30
ORG-00023,Fort York Food Bank,base-of-pyramid,food security,,https://fyfb.com/,verified-live,2026-07-30
ORG-00024,Federation of Metro Tenants' Associations (FMTA),civil-society-advocacy,tenant advocacy,,https://www.torontotenants.org/,verified-live,2026-07-30
ORG-00025,Advocacy Centre for Tenants Ontario (ACTO),civil-society-advocacy,tenant legal advocacy,,https://www.acto.ca/,verified-live,2026-07-30
ORG-00026,Centre for Equality Rights in Accommodation (CERA),civil-society-advocacy,housing rights,,https://housingrightscanada.com/,verified-live,2026-07-30
ORG-00027,Canadian Centre for Housing Rights (CCHR),civil-society-advocacy,housing rights,,https://www.housingrightscanada.com/,verified-live,2026-07-30
ORG-00028,TRIEC (Toronto Region Immigrant Employment Council),newcomer/immigrant-serving,settlement / employment,,https://triec.ca/,verified-live,2026-07-30
ORG-00029,OCASI (Ontario Council of Agencies Serving Immigrants),newcomer/immigrant-serving,settlement — provincial umbrella,,https://ocasi.org/,verified-live,2026-07-30
ORG-00030,ACCES Employment,newcomer/immigrant-serving,settlement / employment,,https://accesemployment.ca/,verified-live,2026-07-30
ORG-00031,JVS Toronto,newcomer/immigrant-serving,settlement / employment,,https://www.jvstoronto.org/,verified-live,2026-07-30
ORG-00032,Polycultural Immigrant & Community Services,newcomer/immigrant-serving,settlement,,https://www.polycultural.org/,verified-live,2026-07-30
ORG-00033,CultureLink Settlement Services,newcomer/immigrant-serving,settlement,,https://www.culturelink.ca/,verified-live,2026-07-30
ORG-00034,FCJ Refugee Centre,newcomer/immigrant-serving,settlement (refugee),,https://www.fcjrefugeecentre.org/,verified-live,2026-07-30
ORG-00035,Christie Refugee Welcome Centre,newcomer/immigrant-serving,settlement (refugee),,https://christiestreetrc.com/,verified-live,2026-07-30
ORG-00036,Romero House,newcomer/immigrant-serving,settlement (refugee),,https://romerohouse.org/,verified-live,2026-07-30
ORG-00037,Matthew House Toronto,newcomer/immigrant-serving,settlement (refugee),,https://www.matthewhouse.ca/,verified-live,2026-07-30
ORG-00038,Afghan Women's Organization (AWO),newcomer/immigrant-serving,settlement (ethnocultural),,https://afghanwomen.org/,verified-live,2026-07-30
ORG-00039,World Education Services (WES),newcomer/immigrant-serving,credential recognition,,https://www.wes.org/ca/,verified-live,2026-07-30
ORG-00040,Canadian Information Centre for International Credentials (CICIC),newcomer/immigrant-serving,credential recognition,,https://cicic.ca/,verified-live,2026-07-30
ORG-00041,Native Canadian Centre of Toronto (NCCT),ethnocultural-diaspora,Indigenous community centre,,https://www.ncct.on.ca/,verified-live,2026-07-30
ORG-00042,Chinese Family Services of Ontario,ethnocultural-diaspora,Chinese community services,,https://chinesefamilyso.com/,verified-live,2026-07-30
ORG-00043,Eritrean Canadian Community Centre of Metropolitan Toronto (ECCC),ethnocultural-diaspora,Eritrean community,,https://eccctoronto.ca/,verified-live,2026-07-30
ORG-00044,Ethiopian Association in the GTA (EAGTA SR),ethnocultural-diaspora,Ethiopian community,,https://ethioassociation.ca/,verified-live,2026-07-30
ORG-00045,Hispanic Development Council (HDC),ethnocultural-diaspora,Hispanic/Latino community,,https://www.hispanic-council.ca/,verified-live,2026-07-30
ORG-00046,JIAS Toronto (Jewish Immigrant Aid Services),ethnocultural-diaspora,Jewish community / settlement,,https://jiastoronto.org/,verified-live,2026-07-30
ORG-00047,Kababayan Multicultural Centre,ethnocultural-diaspora,Filipino community,,https://www.kababayan.org/,verified-live,2026-07-30
ORG-00048,KCWA Family and Social Services,ethnocultural-diaspora,Korean community,,https://www.kcwa.net/,verified-live,2026-07-30
ORG-00049,Midaynta Community Services,ethnocultural-diaspora,Somali community,,https://midaynta.com/,verified-live,2026-07-30
ORG-00050,Tropicana Community Services Organization,ethnocultural-diaspora,Caribbean/Black community,,https://mytropicana.ca/,verified-live,2026-07-30
ORG-00051,Ukrainian Canadian Social Services Toronto (UCSST),ethnocultural-diaspora,Ukrainian community,,https://ucsst.ca/,verified-live,2026-07-30
ORG-00052,"Vietnamese Association, Toronto (VAT)",ethnocultural-diaspora,Vietnamese community,,https://www.vatoronto.ca/,verified-live,2026-07-30
ORG-00053,Centre for Spanish Speaking Peoples (CSSP),ethnocultural-diaspora,Spanish-speaking community,,https://spanishservices.org/,verified-live,2026-07-30
ORG-00054,Centre francophone du Grand Toronto (CFGT),ethnocultural-diaspora,Francophone community,,https://www.centrefranco.org/,verified-live,2026-07-30
ORG-00055,Bangladeshi-Canadian Community Services,ethnocultural-diaspora,Bangladeshi community,,https://bangladeshi.ca/,verified-live,2026-07-30
ORG-00056,Punjabi Community Health Services (PCHS),ethnocultural-diaspora,Punjabi/South Asian community,,https://pchs4u.com/,verified-live,2026-07-30
ORG-00057,The Arab Community Centre of Toronto (ACCT),ethnocultural-diaspora,Arab community,,https://acctonline.ca/,verified-live,2026-07-30
ORG-00058,Council Fire Native Cultural Centre,ethnocultural-diaspora,Indigenous community centre,,https://www.councilfire.ca/,verified-live,2026-07-30
ORG-00059,Native Women's Resource Centre of Toronto (NWRCT),ethnocultural-diaspora,Indigenous women,,https://nwrct.ca/,verified-live,2026-07-30
ORG-00060,Anishnawbe Health Toronto (AHT),ethnocultural-diaspora,Indigenous health,,https://aht.ca/,verified-live,2026-07-30
ORG-00061,Miziwe Biik,ethnocultural-diaspora,Indigenous employment/training,,https://www.miziwebiik.com/,verified-live,2026-07-30
ORG-00062,ISKCON Toronto (Hare Krishna Temple),faith-spiritual,Hindu/Vaishnava,,https://torontokrishna.com/,verified-live,2026-07-30
ORG-00063,Sikh Spiritual Centre Toronto (Gurdwara),faith-spiritual,Sikh gurdwara,,https://ssctoronto.org/,verified-live,2026-07-30
ORG-00064,Sikh Sewa Society of Toronto,faith-spiritual,Sikh service organization,,http://www.sikhsewasocietytoronto.ca/,verified-live,2026-07-30
ORG-00066,Toronto Zen Centre,faith-spiritual,Buddhist/Zen,,https://torontozen.org/,verified-live,2026-07-30
ORG-00067,All Saints Church-Community Centre,faith-spiritual,Christian (Anglican) + community services,,https://allsaintstoronto.com/,verified-live,2026-07-30
ORG-00068,Out of the Cold Foundation,faith-spiritual,interfaith host-congregation network,,https://outofthecold.org/,verified-live,2026-07-30
ORG-00071,Unifor,labour,private-sector/general union,,https://www.unifor.org/,verified-live,2026-07-30
ORG-00072,Ontario Federation of Labour (OFL),labour,labour council / federation,,https://ofl.ca/,verified-live,2026-07-30
ORG-00073,Toronto & York Region Labour Council,labour,regional labour council,,https://labourcouncil.ca/,verified-live,2026-07-30
ORG-00074,University of Toronto,post-secondary,university,,https://www.utoronto.ca/,verified-live,2026-07-30
ORG-00075,University of Toronto Students' Union (UTSU),post-secondary,student union,,https://www.utsu.ca/,verified-live,2026-07-30
ORG-00076,Toronto Metropolitan University (TMU),post-secondary,university,,https://www.torontomu.ca/,verified-live,2026-07-30
ORG-00077,Toronto Metropolitan Students' Union (TMSU),post-secondary,student union,,https://yourtmsu.ca/,verified-live,2026-07-30
ORG-00078,York University,post-secondary,university,,https://www.yorku.ca/,verified-live,2026-07-30
ORG-00079,York Federation of Students (YFS),post-secondary,student union,,https://www.yfs.ca/,verified-live,2026-07-30
ORG-00080,OCAD University,post-secondary,university (art & design),,https://www.ocadu.ca/,verified-live,2026-07-30
ORG-00082,Seneca Polytechnic,post-secondary,college,,https://www.senecapolytechnic.ca/,verified-live,2026-07-30
ORG-00083,Humber College,post-secondary,college,,https://humber.ca/,verified-live,2026-07-30
ORG-00084,Centennial College,post-secondary,college,,https://www.centennialcollege.ca/,verified-live,2026-07-30
ORG-00085,Maytree,research-policy,poverty/policy think tank,,https://maytree.com/,verified-live,2026-07-30
ORG-00086,Wellesley Institute,research-policy,urban health policy research,,https://www.wellesleyinstitute.com/,verified-live,2026-07-30
ORG-00087,Canadian Observatory on Homelessness (COH),research-policy,homelessness research,,https://homelesshub.ca/,verified-live,2026-07-30
ORG-00088,John Howard Society of Toronto,research-policy,criminal-justice reform + reintegration services,,https://johnhoward.on.ca/toronto/,verified-live,2026-07-30
ORG-00089,Dream Team,research-policy,psychiatric-survivor housing advocacy,,https://www.thedreamteam.ca/,verified-live,2026-07-30
ORG-00091,Toronto Region Board of Trade,fraternal-chambers,chamber of commerce,,https://www.bot.com/,verified-live,2026-07-30
ORG-00097,"Royal Canadian Legion, Ontario Command",fraternal-chambers,veterans' service organization,,https://on.legion.ca/,verified-live,2026-07-30
ORG-00098,Kiwanis Club of Toronto,fraternal-chambers,service club,,https://torontokiwanis.ca/,verified-live,2026-07-30
ORG-00099,MaRS Discovery District,business-incubator,innovation hub,,https://www.marsdd.com/,verified-live,2026-07-30
ORG-00100,Civic Tech Toronto,deliberation-civic-tech,civic-tech community,,https://civictech.ca/,verified-live,2026-07-30
ORG-00101,CSI (Centre for Social Innovation),business-incubator,social-innovation coworking/incubator,,https://socialinnovation.org/,verified-live,2026-07-30
ORG-00102,DMZ (Toronto Metropolitan University),business-incubator,startup incubator,,https://dmz.torontomu.ca/,verified-live,2026-07-30
ORG-00103,MASS LBP,deliberation-civic-tech,civic lottery / deliberative democracy,,https://www.masslbp.com/,verified-live,2026-07-30
ORG-00104,Toastmasters District 60,facilitation-civic-engagement,"public-speaking/facilitation clubs (~100 clubs, ~2000 members)",,https://www.toastmasters60.com/,verified-live,2026-07-30
ORG-00105,International Association of Facilitators (IAF) — global HQ,facilitation-civic-engagement,professional facilitation body (HQ in Toronto),,https://www.iaf-world.org/,verified-live,2026-07-30
ORG-00106,ICA Associates (Institute of Cultural Affairs),facilitation-civic-engagement,facilitator training,,https://ica-associates.ca/,verified-live,2026-07-30
ORG-00108,Alternative Dispute Resolution Institute of Ontario (ADRIO),facilitation-civic-engagement,mediation/ADR professional body,,https://adr-ontario.ca/,verified-live,2026-07-30
ORG-00109,Ontario Association for Family Mediation (OAFM),facilitation-civic-engagement,family mediation professional body,,https://oafm.on.ca/,verified-live,2026-07-30
ORG-00110,Centre for Addiction and Mental Health (CAMH),health,psychiatric teaching hospital,,https://www.camh.ca/,verified-live,2026-07-30
ORG-00111,University Health Network (UHN),health,"hospital network (Toronto General, Toronto Western, Princess Margaret, Toronto Rehab)",,https://www.uhn.ca/,verified-live,2026-07-30
ORG-00113,The Hospital for Sick Children (SickKids),health,paediatric hospital,,https://www.sickkids.ca/,verified-live,2026-07-30
ORG-00114,Toronto Public Library (TPL),civil-society-advocacy,public library system,,https://www.tpl.ca/,verified-live,2026-07-30
ORG-00115,United Way Greater Toronto,civil-society-advocacy,community foundation / funder,,https://www.unitedwaygt.org/,verified-live,2026-07-30
ORG-00116,Toronto Foundation,civil-society-advocacy,community foundation,,https://torontofoundation.ca/,verified-live,2026-07-30
ORG-00118,Toronto Drop-In Network (TDIN),civil-society-advocacy,drop-in services network,,https://tdin.ca/,verified-live,2026-07-30
ORG-00119,WoodGreen Community Services,civil-society-advocacy,multi-service community agency,,https://www.woodgreen.org/,verified-live,2026-07-30
ORG-00120,The Neighbourhood Group Community Services (TNG),civil-society-advocacy,multi-service community agency,,https://tngcommunityto.org/,verified-live,2026-07-30
ORG-00121,West Neighbourhood House,civil-society-advocacy,settlement house / community services,,https://www.westnh.org/,verified-live,2026-07-30
ORG-00122,Parkdale Activity-Recreation Centre (PARC),civil-society-advocacy,drop-in / mental health community services,,https://parc.on.ca/,verified-live,2026-07-30
ORG-00123,The 519,civil-society-advocacy,LGBTQ2S+ community services,,https://www.the519.org/,verified-live,2026-07-30
ORG-00624,Progress Toronto,civic-advocacy,municipal progressive/civic advocacy organization,Toronto,https://www.progresstoronto.ca/,verified-live,2026-07-30
ORG-00625,More Neighbours Toronto,civic-advocacy,housing/YIMBY advocacy — 200+ active volunteers,Toronto,https://www.moreneighbours.ca/,verified-live,2026-07-30
ORG-00626,TTCriders,civic-advocacy,transit rider advocacy (est. 2010),Toronto,https://www.ttcriders.ca/,verified-live,2026-07-30
ORG-00627,Walk Toronto,civic-advocacy,pedestrian advocacy — all-volunteer steering committee (est. 2013),Toronto,https://www.walktoronto.ca/,verified-live,2026-07-30
ORG-00628,Cycle Toronto,civic-advocacy,cycling advocacy charity (est. 2008),Toronto,https://www.cycleto.ca/,verified-live,2026-07-30
ORG-00629,Toronto ACORN,tenant-housing-advocacy,tenant union — 6 Toronto neighbourhood chapters (part of ACORN Canada),Toronto,https://acorncanada.org/locations/toronto-acorn/,verified-live,2026-07-30
ORG-00630,Environmental Defence Canada,environment-climate,environmental advocacy org (est. 1984) — Toronto HQ,Toronto,https://environmentaldefence.ca/,verified-live,2026-07-30
ORG-00631,Toronto Environmental Alliance (TEA),environment-climate,environmental advocacy/watchdog — 60000+ supporters (est. 1988),Toronto,https://www.torontoenvironment.org/,verified-live,2026-07-30
ORG-00632,David Suzuki Foundation — Toronto office,environment-climate,national environmental foundation (Toronto office),Toronto,https://davidsuzuki.org/,verified-live,2026-07-30
ORG-00633,Community Climate Council,environment-climate,youth-founded climate literacy/advocacy org — Peel Region,Peel,https://www.communityclimatecouncil.org/,verified-live,2026-07-30
ORG-00634,Halton Environmental Network (HEN),environment-climate,environmental education/advocacy nonprofit (est. 2004) — Halton Region,Halton,https://www.haltonenvironet.ca/,verified-live,2026-07-30
ORG-00635,York Region Environmental Alliance (YREA),environment-climate,environmental advocacy charity (est. 2002) — York Region,York,https://yrea.org/,verified-live,2026-07-30
ORG-00636,Durham Climate Roundtable (Brilliant Energy Institute),environment-climate,multi-stakeholder regional climate leadership body hosted at Ontario Tech — Durham Region,Durham,https://durhamclimateroundtable.com/,verified-live,2026-07-30
ORG-00637,Social Planning Toronto,social-planning-council,social planning/policy research & advocacy council (est. 1957),Toronto,https://www.socialplanningtoronto.org/,verified-live,2026-07-30
ORG-00638,Social Planning Council of Peel (SPCP),social-planning-council,regional social planning council,Peel,https://www.spcpeel.com/,verified-live,2026-07-30
ORG-00639,Social Planning Council of York Region,social-planning-council,regional social planning council,York,https://socialplanningcouncilyr.ca/,verified-live,2026-07-30
ORG-00640,Community Development Council Durham (CDCD),social-planning-council,regional social planning organization — 50+ years (Durham Region equivalent),Durham,https://www.cdcd.org/,verified-live,2026-07-30
ORG-00641,Community Development Halton (CDH),social-planning-council,regional social planning organization — Halton Region equivalent,Halton,https://www.cdhalton.ca/,verified-live,2026-07-30
ORG-00642,Volunteer MBC,volunteer-infrastructure,volunteer centre serving Mississauga/Brampton/Caledon — 15+ years,Peel,https://volunteermbc.org/,verified-live,2026-07-30
ORG-00643,Volunteer Connect York Region,volunteer-infrastructure,volunteer centre connecting 400+ nonprofit members — Markham/Richmond Hill/Vaughan,York,https://volunteerconnect.ca/,verified-live,2026-07-30
ORG-00644,Ontario Nonprofit Network (ONN),civil-society-advocacy,provincial nonprofit sector policy/advocacy network — 58000+ nonprofits represented,Ontario,https://theonn.ca/,verified-live,2026-07-30
ORG-00645,Toronto Nonprofit Network (TNN),civil-society-advocacy,city-wide nonprofit sector network — 100+ member orgs (est. 2019),Toronto,https://www.torontononprofits.org/,verified-live,2026-07-30
ORG-00646,Ontario Trillium Foundation (OTF),philanthropy-social-finance,provincial granting foundation — $136M+/yr in grants,Ontario,https://otf.ca/,verified-live,2026-07-30
ORG-00647,Federation of North Toronto Residents' Associations (FoNTRA),neighbourhood-association-federation,umbrella of 30+ North Toronto residents' associations (est. 2001),Toronto,https://fontra.com/,verified-live,2026-07-30
ORG-00648,Toronto Youth Cabinet (TYC),youth-social-impact,official youth advisory body to City of Toronto (est. 1998),Toronto,https://www.thetyc.ca/,verified-live,2026-07-30
ORG-00649,GTA Disability Coalition,disability-accessibility-advocacy,cross-disability advocacy coalition — GTA-wide (est. 2018),GTA-wide,https://gtadc.ca/,verified-live,2026-07-30
ORG-00650,Peel Newcomer Strategy Group (PNSG),newcomer-settlement-advocacy,local immigration partnership / settlement coordination & policy research — Peel Region (est. 2008),Peel,https://peelnewcomer.org/,verified-live,2026-07-30
ORG-00651,Durham Immigration Partnership,newcomer-settlement-advocacy,local immigration partnership — Durham Region,Durham,https://www.durhamimmigration.ca/,verified-live,2026-07-30
ORG-00652,Peel Poverty Action Group (PPAG),poverty-food-justice-advocacy,grassroots poverty/homelessness policy advocacy coalition — Peel Region (est. 2012),Peel,https://ppag.media/,verified-live,2026-07-30
ORG-00654,Daily Bread Food Bank — Research & Advocacy (Who's Hungry Report),poverty-food-justice-advocacy,annual poverty/food-insecurity research & policy-advocacy program (not the operator's frontline service arm),Toronto,https://www.dailybread.ca/research-and-advocacy/,verified-live,2026-07-30
ORG-00655,The Bike Brigade,mutual-aid-network,established volunteer cyclist mutual-aid delivery network — 2000+ signed up since 2020,Toronto,https://www.bikebrigade.ca/,verified-live,2026-07-30
ORG-00656,Art Starts,arts-for-change,community arts-for-social-change charity — underserved Toronto neighbourhoods,Toronto,https://artstartsto.com/,verified-live,2026-07-30
ORG-00124,UFCW Locals 175 & 633,labour,"union — Ontario-wide retail/food/service/healthcare workers, ~70,000 members",Ontario,https://ufcw175.com/,verified-live,2026-07-30
ORG-00125,SEIU Healthcare,labour,"union — Ontario frontline healthcare workers (PSWs, home care, hospitals, retirement homes), ~60,000 members",Ontario,https://seiuhealthcare.ca/,verified-live,2026-07-30
ORG-00126,LiUNA Local 183,labour,union local — GTA construction labourers; largest construction local union in North America,GTA-wide,https://liunalocal183.ca/,verified-live,2026-07-30
ORG-00127,CUPE Local 79,labour,"union local — City of Toronto inside workers (housing, hospitals, city services)",Toronto,https://cupelocal79.org/,verified-live,2026-07-30
ORG-00128,ACTRA Toronto,labour,"union — performers in film/TV/radio/new media, largest ACTRA branch",Toronto,https://actratoronto.com/,verified-live,2026-07-30
ORG-00129,ATU Local 113 (We Move Toronto),labour,union local — TTC transit operators & maintenance workers,Toronto,https://wemovetoronto.ca/,verified-live,2026-07-30
ORG-00130,CUPE Local 4400 (Toronto Education Workers),labour,"union local — TDSB education workers (EAs, office/clerical, caretaking, food services)",Toronto,https://cupe4400.org/,verified-live,2026-07-30
ORG-00131,IBEW Local 353,labour,"union local — electrical workers (ICI/line/communications), central Ontario incl. Toronto",Ontario,https://ibew353.org/,verified-live,2026-07-30
ORG-00132,Elementary Teachers of Toronto (ETT),labour,"union local — TDSB elementary teachers (K-8), largest ETFO local in Canada",Toronto,https://ett.ca/,verified-live,2026-07-30
ORG-00133,Carpenters' Union Local 27,labour,union local — Toronto-area carpenters/construction,GTA-wide,https://www.ubc27.ca/,verified-live,2026-07-30
ORG-00134,CUPE Local 416 (Toronto Civic Employees Union),labour,union local — City of Toronto outside workers & paramedics,Toronto,https://local416.ca/,verified-live,2026-07-30
ORG-00135,Toronto Professional Fire Fighters' Association (IAFF Local 3888),labour,union — Toronto full-time fire fighters,Toronto,https://www.torontofirefighters.org,verified-live,2026-07-30
ORG-00136,UNITE HERE Local 75,labour,"union local — Toronto/south-central Ontario hospitality workers (hotels, food service, gaming)",GTA-wide,https://www.uniteherelocal75.org/,verified-live,2026-07-30
ORG-00137,CUPE Local 3902,labour,"union local — University of Toronto contract academic workers (TAs, sessional lecturers, postdocs)",Toronto,https://www.cupe3902.org/,verified-live,2026-07-30
ORG-00138,"OSSTF Toronto (District 12, Toronto Teachers' Bargaining Unit)",labour,"union — TDSB secondary school teachers, District 12",Toronto,https://www.osstftoronto.ca/,verified-live,2026-07-30
ORG-00139,Elementary Teachers' Federation of Ontario (ETFO),labour,"provincial elementary-teacher federation, ~84,000 members (teachers, occasional teachers, ECEs, support staff)",Ontario,https://www.etfo.ca/,verified-live,2026-07-30
ORG-00140,Ontario Nurses' Association (ONA),labour,"provincial nurses' union, Canada's largest nurses' union",Ontario,https://www.ona.org/,verified-live,2026-07-30
ORG-00141,Ontario Secondary School Teachers' Federation (OSSTF/FEESO),labour,"provincial secondary-teacher federation, HQ Toronto",Ontario,https://www.osstf.on.ca/,verified-live,2026-07-30
ORG-00142,Peel Regional Labour Council,labour,"regional labour council, voice of labour in Peel Region",Peel,https://peellabour.ca/,verified-live,2026-07-30
ORG-00143,Ontario English Catholic Teachers' Association (OECTA),labour,provincial Catholic-teacher federation,Ontario,https://www.catholicteachers.ca/,verified-live,2026-07-30
ORG-00144,Unifor Local 222,labour,"large private-sector local, GM Oshawa + 29 workplace units across auto/food/transit sectors",Durham,https://local222.ca/,verified-live,2026-07-30
ORG-00145,Oakville & District Labour Council,labour,"district labour council, public and private sector union members in Halton",Halton,https://oakvillelabour.ca/,verified-live,2026-07-30
ORG-00146,Unifor Local 1285,labour,"large private-sector local (Stellantis assembly/parts distribution + logistics, 25 units), Brampton, since 1961",Peel,https://www.unifor.org/about-unifor/locals/local-1285,verified-live,2026-07-30
ORG-00147,Unifor Local 112,labour,aerospace sector local (Bombardier/De Havilland and other employers),Toronto,https://www.unifor112.ca/,verified-live,2026-07-30
ORG-00148,Durham Region Labour Council,labour,"regional labour council, voice of working people in Durham since 1942",Durham,https://durhamlabour.ca/,verified-live,2026-07-30
ORG-00149,CUPE Local 905,labour,"municipal, library and long-term-care sector local across York Region & Simcoe County",York,https://cupe905.com/,verified-live,2026-07-30
ORG-00150,CUPE Local 1764,labour,"Region of Durham municipal local (incl. Non-Profit Housing sub-unit), chartered 1974",Durham,https://cupe1764.ca/,verified-live,2026-07-30
ORG-00151,Workers' Action Centre,labour,"Toronto worker centre for low-wage/precarious workers, free multilingual advocacy (not a union local)",Toronto,https://workersactioncentre.org/,verified-live,2026-07-30
ORG-00152,Archdiocese of Toronto,faith-spiritual,"Catholic archdiocese spanning Toronto to Georgian Bay — 200+ parishes; charitable arms ShareLife, Catholic Charities (CCAT), Office for Refugees (ORAT)",GTA-wide,https://www.archtoronto.org/,verified-live,2026-07-30
ORG-00153,ShareLife (Catholic Charities of the Archdiocese of Toronto),faith-spiritual,Catholic charitable appeal — annual fundraising arm of Archdiocese of Toronto funding Catholic social-service agencies across the GTA (50th anniversary in 2026),GTA-wide,https://sharelife.org/,verified-live,2026-07-30
ORG-00154,Anglican Diocese of Toronto,faith-spiritual,"Anglican diocese serving GTA and south-central Ontario; charitable arm FaithWorks has raised $40M+ since inception, marking 30th anniversary in 2026",GTA-wide,https://www.toronto.anglican.ca/,verified-live,2026-07-30
ORG-00155,Shining Waters Regional Council (United Church of Canada),faith-spiritual,"United Church of Canada regional council (1 of 16 nationally) spanning Georgian Bay to Lake Ontario; programs in anti-racism, ecological justice, disability justice, Indigenous right relations",GTA-wide,https://shiningwatersregionalcouncil.ca/,verified-live,2026-07-30
ORG-00156,The Salvation Army — Ontario Division,faith-spiritual,"Provincial division of The Salvation Army; social services incl. emergency shelter/housing, food assistance, addiction recovery, disaster relief, thrift stores",Ontario,https://salvationarmy.ca/ontario/,verified-live,2026-07-30
ORG-00157,Toronto Area Interfaith Council (TAIC),faith-spiritual,Interfaith council of GTA faith-community representatives; promotes interfaith harmony and collaborative poverty-reduction work; founded 2004,GTA-wide,https://interfaithtoronto.com/,verified-live,2026-07-30
ORG-00158,Islamic Foundation of Toronto,faith-spiritual,"Large Scarborough mosque/community hub since 1969; social-action programs incl. $10M+ Zakat distributed, 400,000+ meals distributed, refugee sponsorship, tax clinic",Toronto,https://islamicfoundation.ca/,verified-live,2026-07-30
ORG-00160,Muslim Association of Canada (MAC),faith-spiritual,"National Muslim umbrella org headquartered in Mississauga; 14 chapters, 22 centres/masajid, 28 schools nationally; strong GTA presence with multiple schools and centres",GTA-wide,https://www.macnet.ca/,verified-live,2026-07-30
ORG-00161,"Jaffari Community Centre (Islamic Shia Ithna-Asheri Jamaat of Toronto, ISIJ)",faith-spiritual,"Largest Shia Islamic centre in North America (165,000 sq ft, Thornhill); administers three additional GTA-area mosques (Barrie, Brampton, Hamilton); food bank, funeral, health/wellness services",York,https://jaffari.org/jcc/,verified-live,2026-07-30
ORG-00162,BAPS Shri Swaminarayan Mandir Toronto,faith-spiritual,"Largest mandir of its kind in Canada (Etobicoke), includes Heritage Museum; open to all faiths and backgrounds year-round",Toronto,https://www.baps.org/Global-Network/North-America/Toronto.aspx,verified-live,2026-07-30
ORG-00163,Hindu Sabha Temple Brampton,faith-spiritual,"Largest Hindu temple in North America (34,000 sq ft), established 1975; food bank and women's empowerment programs",Peel,https://hindusabhatemple.com/,verified-live,2026-07-30
ORG-00164,Toronto Board of Rabbis,faith-spiritual,"Multi-denominational rabbinic council (Orthodox, Conservative, Reform, Reconstructionist) — Ontario's oldest such body; hospital chaplaincy, crisis response, food drives",Toronto,https://www.torontoboardofrabbis.org/,verified-live,2026-07-30
ORG-00165,Tzu Chi Foundation Canada (Buddhist Compassion Relief Tzu Chi Foundation),faith-spiritual,"Buddhist humanitarian relief organization with Toronto branch office; UN ECOSOC special consultative NGO status; charity, medical (incl. TCM clinics), education and environmental programs",Toronto,https://tzuchi.ca/,verified-live,2026-07-30
ORG-00166,Mennonite Central Committee Ontario,faith-spiritual,"Anabaptist/Mennonite relief, development and peace agency for Ontario; programs on poverty/homelessness, criminal justice, Indigenous reconciliation, newcomer support",Ontario,https://mcc.org/about/canada/ontario,verified-live,2026-07-30
ORG-00168,Lions Clubs International Multiple District A (Ontario & Québec),fraternal-chambers,"Lions multiple district — Ontario & Québec, encompasses GTA",Ontario,https://www.mdalions.org/,verified-live,2026-07-30
ORG-00169,Kiwanis Eastern Canada and the Caribbean District,fraternal-chambers,"Kiwanis district — Eastern Canada & Caribbean, incl. Toronto/GTA clubs",GTA-wide,https://www.kiwanisecc.org/,verified-live,2026-07-30
ORG-00170,Optimist International Central Ontario District (CENON),fraternal-chambers,"Optimist district — 48 Optimist Clubs + 7 Junior Optimist Clubs, Central Ontario",Ontario,https://cenon.org/,verified-live,2026-07-30
ORG-00171,Rameses Shriners,fraternal-chambers,"Shriners chapter — 31 clubs across Central Ontario, Toronto-based",GTA-wide,https://www.ramesesshriners.ca/,verified-live,2026-07-30
ORG-00172,Grand Lodge of A.F. & A.M. of Canada in the Province of Ontario,fraternal-chambers,Masonic grand lodge — 550+ lodges across Ontario,Ontario,https://ontariomasons.ca/,verified-live,2026-07-30
ORG-00173,Scottish Rite Valley of Toronto (Ancient & Accepted Scottish Rite of Canada),fraternal-chambers,Scottish Rite Masonic valley — Greater Toronto Area + Oshawa Scottish Rite Club,GTA-wide,https://www.valleyoftoronto.com,verified-live,2026-07-30
ORG-00174,"Grand Lodge of Ontario, Independent Order of Odd Fellows",fraternal-chambers,Odd Fellows grand lodge — lodges across Ontario incl. GTA,Ontario,https://grandlodgeofontario.ioof.net/,verified-live,2026-07-30
ORG-00175,Zonta District 4,fraternal-chambers,"Zonta service district — 30 clubs/620 members, Western Ontario (Toronto) to Western NY/PA (cross-border)",GTA-wide,https://zontadistrict4.org/,verified-live,2026-07-30
ORG-00176,YMCA of Greater Toronto,youth-community,"YMCA association — health/fitness & community centres, child care, camps, employment & immigrant services across GTA (12 Health & Fitness centres: Brampton, Central, Cooper Koo Family, Markham, Mississauga, North York, Oshawa, Scarborough, Stavro Family, West End, Vaughan, McDonald Family)",GTA-wide,https://www.ymcagta.org/,verified-live,2026-07-30
ORG-00177,Girl Guides of Canada — Ontario Council,youth-community,"Provincial council for girl-focused scouting (Sparks through Rangers, ages 5-17) — HQ in Toronto, oversees Guiding across Ontario and Nunavut",Ontario,https://www.girlguides.ca/web/ON/ON/Who_We_Are/Ontario_Council_Contacts/Ontario_Council.aspx,verified-live,2026-07-30
ORG-00178,Junior Achievement Central Ontario,youth-community,"Youth work-readiness, financial-literacy & entrepreneurship education org — in-school/after-school programs, grades 3-12, across Toronto, York, Peel, Halton, Durham and Simcoe",GTA-wide,https://www.jacentralontario.org/,verified-live,2026-07-30
ORG-00179,4-H Ontario,youth-community,"Provincial 4-H council coordinating local youth clubs (leadership, life skills, agriculture) — includes York, Peel, Durham East, Durham West and Halton associations",Ontario,https://4-hontario.ca/find-an-association/,verified-live,2026-07-30
ORG-00180,BGC Durham,youth-community,"BGC Canada member club — aquatics, sports, camps and youth services across 13 locations in Durham Region, operating since 1963",Durham,https://www.bgcdurham.com/about-us/,verified-live,2026-07-30
ORG-00181,BGC East Scarborough,youth-community,"BGC Canada member club — after-school, camps, child care and family programs across ~15 locations in East Scarborough, operating since 1956",Toronto,https://esbgc.ca/,verified-live,2026-07-30
ORG-00182,Big Brothers Big Sisters of Toronto,youth-community,"Youth mentoring agency — one-to-one and group mentoring programs (incl. Ignite, Thrive Black Youth Mentoring), 100+ years serving Toronto",Toronto,https://bbbstoronto.com/,verified-live,2026-07-30
ORG-00183,Big Brothers Big Sisters of Peel York,youth-community,"Youth mentoring agency — one-to-one, virtual, PRISM (2SLGBTQIA+ youth) and BYSSI (Black youth) mentoring programs across Peel and York Regions, ~50 years",GTA-wide,https://peelyork.bigbrothersbigsisters.ca/,verified-live,2026-07-30
ORG-00184,"Big Brothers Big Sisters of Grand Erie, Halton and Hamilton",youth-community,"Youth mentoring agency — one-to-one mentoring serving 12 communities including Burlington, Georgetown and Oakville (Halton), plus Hamilton and Grand Erie/Brant",Halton,https://haltonhamilton.bigbrothersbigsisters.ca/,verified-live,2026-07-30
ORG-00185,BGC Dovercourt,youth-community,"BGC Canada member club — after-school, camp, daycare and pool programs across 2 clubhouses (Dovercourt + Junction Triangle), Toronto",Toronto,https://bgcdovercourt.com/,verified-live,2026-07-30
ORG-00186,YMCA of Oakville,youth-community,"Single-branch YMCA — child care, fitness/aquatics, youth leadership, employment support and camps in Oakville, operating since 1956",Halton,https://ymcaofoakville.org/,verified-live,2026-07-30
ORG-00187,Big Brothers Big Sisters of North Durham,youth-community,"Youth mentoring agency — one-to-one, in-school and group mentoring serving Uxbridge, Port Perry and Brock (North Durham)",Durham,https://northdurham.bigbrothersbigsisters.ca/,verified-live,2026-07-30
ORG-00188,United Way Halton & Hamilton,civil-society-advocacy,United Way — Halton & Hamilton regions,Halton,https://uwhh.ca/,verified-live,2026-07-30
ORG-00189,United Way Durham Region,civil-society-advocacy,"United Way — Durham Region (Ajax, Brock, Scugog, Clarington, Oshawa, Pickering, Uxbridge, Whitby)",Durham,https://unitedwaydr.com/,verified-live,2026-07-30
ORG-00190,Oakville Community Foundation,civil-society-advocacy,community foundation — Oakville / Halton,Halton,https://www.theocf.org/,verified-live,2026-07-30
ORG-00191,Burlington Foundation,civil-society-advocacy,"community foundation — Burlington / Halton, founded 1999",Halton,https://burlingtonfoundation.org/,verified-live,2026-07-30
ORG-00192,Community Foundation of Mississauga (Mississauga Foundation),civil-society-advocacy,"community foundation — Mississauga / Peel, 25 years operating",Peel,https://mississaugafoundation.ca/,verified-live,2026-07-30
ORG-00193,Brampton and Caledon Community Foundation,civil-society-advocacy,community foundation — Brampton & Caledon / Peel,Peel,https://bramptoncaledoncf.ca/,verified-live,2026-07-30
ORG-00194,Durham Community Foundation,civil-society-advocacy,"community foundation — Durham Region, 30 years operating",Durham,https://durhamcommunityfoundation.ca/,verified-live,2026-07-30
ORG-00195,Community Foundation of Halton North,civil-society-advocacy,"community foundation — Milton & Halton Hills / Halton, granting since 2015",Halton,https://cfhn.ca/,verified-live,2026-07-30
ORG-00196,Whitchurch-Stouffville Legacy Fund,civil-society-advocacy,"community foundation — Whitchurch-Stouffville / York Region, small-grants fund",York,https://wslegacyfund.com/,verified-live,2026-07-30
ORG-00197,Meridian Credit Union,credit-union-coop,"credit union — Ontario's largest, 360,000+ members, 85 branches + 15 Business Banking Centres",Ontario,https://www.meridiancu.ca,verified-live,2026-07-30
ORG-00198,Alterna Savings and Credit Union,credit-union-coop,"credit union — long-established (est. 1908), second-largest in Ontario per public reporting (~217,000 members; not confirmed on fetched homepage)",Ontario,https://www.alterna.ca,verified-live,2026-07-30
ORG-00199,FirstOntario Credit Union,credit-union-coop,"credit union — 126,000+ members; serves Hamilton/Halton/Niagara/southwest Ontario (Halton is within the formal GTA; does not list Toronto proper as a service area)",Halton,https://www.firstontario.com,verified-live,2026-07-30
ORG-00200,DUCA Credit Union,credit-union-coop,"credit union — 93,000+ members, 19 branches across GTA and Southern Ontario, first B-Corp certified credit union",GTA-wide,https://www.duca.com,verified-live,2026-07-30
ORG-00201,Co-operative Housing Federation of Toronto (CHFT),credit-union-coop,"co-op housing federation — 186 member non-profit housing co-ops, 80,000+ residents, Durham/Toronto/York",GTA-wide,https://co-ophousingtoronto.coop,verified-live,2026-07-30
ORG-00202,BCU Financial (Buduchnist Credit Union),credit-union-coop,"credit union — Ukrainian community; largest ethnic credit union in Ontario; 20,000+ members, 9 locations incl. Mississauga, Oakville, Hamilton, Ottawa",GTA-wide,https://bcufinancial.com,verified-live,2026-07-30
ORG-00203,IC Savings,credit-union-coop,"credit union — Portuguese-Canadian community; 18,000+ members, 8 branches in Toronto and Vaughan",GTA-wide,https://www.icsavings.ca,verified-live,2026-07-30
ORG-00204,Ukrainian Credit Union Limited,credit-union-coop,"credit union — Ukrainian community, founded 1944; 16 branches/service points across Ontario",Ontario,http://www.ukrainiancu.com,verified-live,2026-07-30
ORG-00205,Ontario Co-operative Association (On Co-op),credit-union-coop,"co-operative sector association — 96 member organizations representing ~85% of Ontario co-ops per public reporting (figures not confirmed on fetched page); HQ Guelph, province-wide",Ontario,https://www.ontario.coop,verified-live,2026-07-30
ORG-00206,Gay Lea Foods Co-operative Ltd.,credit-union-coop,"dairy farmer co-operative — 1,300+ member farms across Ontario and Manitoba per public reporting (not confirmed on fetched page); HQ Etobicoke, est. 1958",Ontario,https://www.gaylea.com,verified-live,2026-07-30
ORG-00207,Northern Birch Credit Union,credit-union-coop,"credit union — Estonian and Latvian community credit unions merged 2020; 3 branches (North York, Toronto, Hamilton)",GTA-wide,https://www.northernbirchcu.com,verified-live,2026-07-30
ORG-00208,Parama Credit Union,credit-union-coop,"credit union — Lithuanian community, founded 1952; 2 branches (Kingsway/Royal York, Roncesvalles/Lithuanian House)",Toronto,https://parama.ca,verified-live,2026-07-30
ORG-00209,Moya Financial Credit Union,credit-union-coop,"credit union — Slovenian community, formed 2016 via merger; multiple locations across Ontario",GTA-wide,https://moyafinancial.ca,verified-live,2026-07-30
ORG-00210,Korean (Toronto) Credit Union,credit-union-coop,"credit union — Korean community, founded 1976; HQ Thornhill plus Koreatown (Bloor St W) branch",GTA-wide,https://koreancu.com/,verified-live,2026-07-30
ORG-00214,Ontario Medical Association (OMA),professional-association,"physicians' association — ~43,000 members (incl. 31,500 practising physicians)",Ontario,https://www.oma.org/about-the-oma/,verified-live,2026-07-30
ORG-00215,Ontario Pharmacists Association (OPA),professional-association,"pharmacists' professional association — 20,000+ pharmacy professionals",Ontario,https://www.opatoday.com/about-us/,verified-live,2026-07-30
ORG-00216,Ontario College of Family Physicians (OCFP),professional-association,"family physicians' association — 18,000+ members (physicians, residents, students); Toronto HQ",Ontario,https://ontariofamilyphysicians.ca/,verified-live,2026-07-30
ORG-00217,Ontario Bar Association (OBA),professional-association,"lawyers' voluntary professional association — 16,000+ members (lawyers, judges, academics, students)",Ontario,https://oba.org/home/,verified-live,2026-07-30
ORG-00218,Ontario Dental Association (ODA),professional-association,"dentists' professional association — 11,000+ members",Ontario,https://www.oda.ca/,verified-live,2026-07-30
ORG-00219,Ontario Association of Social Workers (OASW),professional-association,"social workers' professional association — 10,500+ members; Toronto HQ",Ontario,https://www.oasw.org/,verified-live,2026-07-30
ORG-00220,The Advocates' Society,professional-association,"litigators/advocates' professional society — 6,000+ members; Toronto HQ",Ontario,https://www.advocates.ca/,verified-live,2026-07-30
ORG-00221,Ontario Professional Planners Institute (OPPI),professional-association,"registered planners' regulatory/professional body — 5,400+ members",Ontario,https://ontarioplanners.ca/,verified-live,2026-07-30
ORG-00225,Scarborough Campus Students' Union (SCSU),post-secondary,student union — University of Toronto Scarborough (UTSC),Toronto,https://www.scsu.ca/,verified-live,2026-07-30
ORG-00226,University of Toronto Mississauga Students' Union (UTMSU),post-secondary,student union — University of Toronto Mississauga (UTM),Peel,https://utmsu.ca/,verified-live,2026-07-30
ORG-00227,"Association of Part-time Undergraduate Students (APUS), University of Toronto",post-secondary,"student union — University of Toronto (part-time undergraduate, all three campuses)",Toronto,https://apus.ca/,verified-live,2026-07-30
ORG-00228,University of Toronto Graduate Students' Union (UTGSU),post-secondary,"student union — University of Toronto (graduate, St. George/Mississauga/Scarborough/Aerospace campuses)",Toronto,https://utgsu.ca/,verified-live,2026-07-30
ORG-00229,York University Graduate Students' Association (YUGSA),post-secondary,"student union — York University (graduate, Keele campus)",York,https://www.yugsa.ca/,verified-live,2026-07-30
ORG-00230,OCAD Student Union (OCADSU),post-secondary,student union — OCAD University,Toronto,https://www.ocadsu.org/,verified-live,2026-07-30
ORG-00231,Student Association of George Brown College,post-secondary,"student union — George Brown College (Casa Loma, St. James, Waterfront; satellite at TMU)",Toronto,https://www.studentassociation.ca/,verified-live,2026-07-30
ORG-00232,Seneca Student Federation (SSF) Inc.,post-secondary,"student union — Seneca Polytechnic (King, Newnham, Seneca@York, SIA campuses)",Toronto,https://ssfinc.ca/,verified-live,2026-07-30
ORG-00233,IGNITE,post-secondary,student union — Humber Polytechnic & University of Guelph-Humber,Toronto,https://ignitestudentunion.ca/,verified-live,2026-08-15
ORG-00234,Centennial College Student Association Inc. (CCSAI),post-secondary,student union — Centennial College,Toronto,https://ccsai.ca/,verified-live,2026-07-30
ORG-00235,Sheridan Student Union Inc.,post-secondary,"student union — Sheridan College (Trafalgar/Oakville, Hazel McCallion/Mississauga, Davis/Brampton)",Halton,https://www.thessu.ca/,verified-live,2026-07-30
ORG-00236,Durham College Students Inc. (DCSI),post-secondary,student union — Durham College,Durham,https://dcstudentsinc.ca/,verified-live,2026-07-30
ORG-00237,Ontario Tech Student Union (OTSU),post-secondary,student union — Ontario Tech University,Durham,https://www.otsu.ca/,verified-live,2026-07-30
ORG-00238,Canadian Federation of Students–Ontario (CFS-Ontario),post-secondary,student federation — provincial umbrella,Ontario,https://cfsontario.ca/,verified-live,2026-07-30
ORG-00239,Ontario Undergraduate Student Alliance (OUSA),post-secondary,student federation — provincial umbrella,Ontario,https://www.ousa.ca/,verified-live,2026-07-30
ORG-00240,UJA Federation of Greater Toronto,ethnocultural-diaspora,Jewish community federation — Greater Toronto,GTA-wide,https://www.jewishtoronto.com/,verified-live,2026-07-30
ORG-00241,Ukrainian Canadian Congress — Toronto Branch,ethnocultural-diaspora,"Ukrainian-Canadian community congress — Toronto Branch, 73 member organizations",GTA-wide,https://ucctoronto.ca/,verified-live,2026-07-30
ORG-00242,Council of Agencies Serving South Asians (CASSA),ethnocultural-diaspora,umbrella council of South Asian community-serving agencies,GTA-wide,https://www.cassa.ca/,verified-live,2026-07-30
ORG-00243,Greek Community of Toronto,ethnocultural-diaspora,Greek-Canadian communal federation — Greater Toronto (est. 1909),GTA-wide,https://www.greekcommunity.org/,verified-live,2026-07-30
ORG-00244,Canadian Polish Congress — Toronto District,ethnocultural-diaspora,"Polish-Canadian congress, Toronto District (largest CPC district in Canada), 25 member organizations",Toronto,https://www.kpk-toronto.org/,verified-live,2026-07-30
ORG-00245,Alliance of Portuguese Clubs and Associations of Ontario (ACAPO),ethnocultural-diaspora,umbrella of Portuguese-Canadian clubs and associations in Ontario,Ontario,https://acapo.ca/,verified-live,2026-07-30
ORG-00246,Canadian Tamil Congress,ethnocultural-diaspora,"Tamil-Canadian community congress, national voice with Toronto headquarters",GTA-wide,https://www.canadiantamilcongress.ca/,verified-live,2026-07-30
ORG-00247,Federation of Black Canadians,ethnocultural-diaspora,"national federation of Black-led organizations, Toronto headquarters",GTA-wide,https://fbcfcn.ca/,verified-live,2026-07-30
ORG-00248,Armenian Community Centre of Toronto,ethnocultural-diaspora,"Armenian-Canadian community hub, home to 12 affiliated organizations/programs",GTA-wide,https://www.acctoronto.ca/,verified-live,2026-07-30
ORG-00250,Iranian Canadian Alliance of Nonprofits (ICAN Alliance),ethnocultural-diaspora,umbrella alliance of Iranian-Canadian nonprofit organizations — GTA,GTA-wide,https://icanalliance.ca/,verified-live,2026-07-30
ORG-00251,Chinese Canadian National Council Toronto Chapter (CCNCTO),ethnocultural-diaspora,Chinese-Canadian grassroots civic advocacy organization — Scarborough/GTA,Toronto,https://www.ccnctoronto.ca/,verified-live,2026-07-30
ORG-00252,Chinese Professionals Association of Canada (CPAC),ethnocultural-diaspora,"Chinese-Canadian immigrant-professionals association, Toronto headquarters",GTA-wide,https://cpac-canada.ca/,verified-live,2026-07-30
ORG-00253,Confederation of Resident and Ratepayer Associations in Toronto (CORRA),neighbourhood-association-federation,"umbrella confederation of resident/ratepayer associations — Toronto (north, south, east, central)",Toronto,https://corra-toronto.ca/,verified-live,2026-07-30
ORG-00254,Federation of South Toronto Residents' Associations (FoSTRA),neighbourhood-association-federation,"umbrella of 29 residents' associations — downtown Toronto (Wards 4, 9, 10, 13, and 11 south of Bloor)",Toronto,https://fostrato.weebly.com/,verified-live,2026-07-30
ORG-00255,Mississauga Residents' Association Network (MIRANET),neighbourhood-association-federation,citywide network of 24+ residents'/ratepayer associations — Mississauga,Peel,https://miranet.ca/,verified-live,2026-07-30
ORG-00256,Ontario Chamber of Commerce,fraternal-chambers,"chamber of commerce — provincial, 60,000 members",Ontario,https://occ.ca/,verified-live,2026-07-30
ORG-00257,Mississauga Board of Trade,fraternal-chambers,"board of trade — Mississauga, 1,500+ members",Peel,https://mbot.com/,verified-live,2026-07-30
ORG-00258,Brampton Board of Trade,fraternal-chambers,board of trade — Brampton,Peel,https://www.bramptonbot.com/,verified-live,2026-07-30
ORG-00259,Caledon Chamber of Commerce,fraternal-chambers,chamber of commerce — Caledon,Peel,https://caledonchamberofcommerce.ca/,verified-live,2026-07-30
ORG-00260,Vaughan Chamber of Commerce,fraternal-chambers,chamber of commerce — Vaughan,York,https://vaughanchamber.ca/,verified-live,2026-07-30
ORG-00261,Markham Board of Trade,fraternal-chambers,board of trade — Markham,York,https://markhamboard.com/,verified-live,2026-07-30
ORG-00262,Richmond Hill Board of Trade,fraternal-chambers,"board of trade — Richmond Hill, 500+ members",York,https://www.rhbot.ca/,verified-live,2026-07-30
ORG-00263,Central York Chamber of Commerce (Newmarket & East Gwillimbury),fraternal-chambers,chamber of commerce — Newmarket/East Gwillimbury,York,http://centralyorkchamber.com/,verified-live,2026-07-30
ORG-00264,Aurora Chamber of Commerce,fraternal-chambers,chamber of commerce — Aurora,York,https://www.aurorachamber.on.ca/,verified-live,2026-07-30
ORG-00265,Greater Oshawa Chamber of Commerce,fraternal-chambers,chamber of commerce — Oshawa,Durham,https://oshawachamber.com/,verified-live,2026-07-30
ORG-00266,Whitby Chamber of Commerce,fraternal-chambers,chamber of commerce — Whitby,Durham,https://www.whitbychamber.org/,verified-live,2026-07-30
ORG-00267,Ajax-Pickering Board of Trade,fraternal-chambers,board of trade — Ajax/Pickering,Durham,https://apboardoftrade.com/,verified-live,2026-07-30
ORG-00268,Oakville Chamber of Commerce,fraternal-chambers,chamber of commerce — Oakville,Halton,https://oakvillechamber.com/,verified-live,2026-07-30
ORG-00269,Burlington Chamber of Commerce,fraternal-chambers,chamber of commerce — Burlington,Halton,https://www.burlingtonchamber.com/,verified-live,2026-07-30
ORG-00270,Milton Chamber of Commerce,fraternal-chambers,chamber of commerce — Milton,Halton,https://www.miltonchamber.ca/,verified-live,2026-07-30
ORG-00271,Indo-Canada Chamber of Commerce,fraternal-chambers,"chamber of commerce — Toronto, ethnocultural (Canada-India trade), est. 1977",Toronto,https://iccconline.org/,verified-live,2026-07-30
ORG-00272,Chinese Cultural Centre of Greater Toronto,ethnocultural-diaspora,"Chinese-Canadian cultural + performing-arts complex, est. 1988",Toronto,https://cccgt.org/about/,verified-live,2026-07-30
ORG-00273,Villa Charities / Columbus Centre,ethnocultural-diaspora,"Italian-Canadian social/recreational/cultural/athletic complex, est. 1980",Toronto,https://www.villacharities.com/columbus-centre/,verified-live,2026-07-30
ORG-00274,Japanese Canadian Cultural Centre (JCCC),ethnocultural-diaspora,"Japanese-Canadian cultural centre, est. 1964",Toronto,https://jccc.on.ca/,verified-live,2026-07-30
ORG-00275,"Croatian Centre – Queen of Peace (Kraljica Mira, Norval)",ethnocultural-diaspora,"Croatian Franciscan parish + cultural/sports complex (church, hall, soccer fields, pool, bocce court, pavilion), est. 1976",Halton,http://www.norvalqueenofpeace.com/,verified-live,2026-07-30
ORG-00276,Serbian Centre (All Serbian Saints Serbian Orthodox Church),ethnocultural-diaspora,Serbian Orthodox cathedral + community centre; largest Serbian congregation in Ontario,Peel,https://sabornik.com/,verified-live,2026-07-30
ORG-00277,Jamaican Canadian Association (JCA),ethnocultural-diaspora,"Jamaican-Canadian community centre + service hub, est. 1962",Toronto,https://jcaontario.org/about-jca/,verified-live,2026-07-30
ORG-00278,Latvian Canadian Cultural Centre,ethnocultural-diaspora,"Latvian-Canadian cultural centre, est. 1979; houses 2 heritage schools, museum, library, dance/choir groups",Toronto,https://latviancentre.org/,verified-live,2026-07-30
ORG-00279,Lithuanian House Toronto,ethnocultural-diaspora,"Lithuanian-Canadian cultural + banquet/event centre, est. 1972",Toronto,https://lithuanianhouse.ca/,verified-live,2026-07-30
ORG-00280,First Portuguese Canadian Cultural Centre of Toronto,ethnocultural-diaspora,"Portuguese-Canadian cultural + community centre, est. 1956",Toronto,https://www.firstportuguese.com/fpccc/,verified-live,2026-07-30
ORG-00281,Hungarian Canadian Cultural Centre (Hungarian House),ethnocultural-diaspora,"Hungarian-Canadian cultural centre; heritage, sports & recreation hub",Toronto,https://hccc.org/en/,verified-live,2026-07-30
ORG-00282,Tartu College (Estonian institutional hub),ethnocultural-diaspora,"Estonian-Canadian institutional anchor: student residence + Estonian Museum Canada, archives, library, Eesti Elu newspaper",Toronto,https://www.tartucollege.ca/,verified-live,2026-07-30
ORG-00283,Canadian Macedonian Place Foundation,ethnocultural-diaspora,Macedonian-Canadian seniors residence + cultural foundation; houses Canadian Macedonian Historical Society,Toronto,https://canadianmacedonianplace.com/,verified-live,2026-07-30
ORG-00284,Turkish Society of Canada,ethnocultural-diaspora,"Turkish-Canadian cultural association, est. 2006; GTA-wide programming, no confirmed dedicated building",Peel,https://turkishcanada.org/,verified-live,2026-07-30
ORG-00285,Korean Canadian Cultural Association (KCCA),ethnocultural-diaspora,Korean community hub / cultural association,GTA-wide,https://www.kccatoronto.ca/,verified-live,2026-07-30
ORG-00286,Philippine Independence Day Council (PIDC),ethnocultural-diaspora,Filipino umbrella federation — event/culture coordinating body of Filipino-Canadian associations,Toronto,https://www.pidccanada.com/,verified-live,2026-07-30
ORG-00287,Markham Federation of Filipino Canadians (MFFC),ethnocultural-diaspora,"Filipino federation, York Region tier",York,https://www.mffc.ca/,verified-live,2026-07-30
ORG-00288,Filipino Centre Toronto (FCT),ethnocultural-diaspora,Filipino community centre / hub (20+ years GTA-wide),GTA-wide,https://www.filipinocentretoronto.com/,verified-live,2026-07-30
ORG-00290,NRNA Canada (Non-Resident Nepali Association Canada),ethnocultural-diaspora,Nepali diaspora umbrella association,Toronto,https://www.nrnacanada.org/,verified-live,2026-07-30
ORG-00291,United Sri Lankan Muslim Council of Canada (USLMCC),ethnocultural-diaspora,Sri Lankan Muslim umbrella council (non-Tamil-Congress) — brings Sri Lankan Muslim organizations across Canada onto one forum,GTA-wide,https://uslmcc.org/,verified-live,2026-07-30
ORG-00292,Albanian Canadian Community Association of Toronto (ACCA),ethnocultural-diaspora,"Albanian cultural/community association, registered non-profit since 1990",Toronto,https://albcan.ca/,verified-live,2026-07-30
ORG-00293,Assyrian Society of Canada,ethnocultural-diaspora,Assyrian cultural/community association (Ontario),Ontario,https://www.assyriansociety.net/,verified-live,2026-07-30
ORG-00294,BHKC Toronto (Bosnian-Herzegovinian Cultural Center),ethnocultural-diaspora,Bosnian cultural centre serving Toronto and area (site is checkout/event-ticketing heavy; limited crawlable org detail),Toronto,https://www.bhkc.ca/,verified-live,2026-07-30
ORG-00295,Greek Orthodox Archdiocese of Canada (formerly Metropolis of Toronto),faith-spiritual,Orthodox Christian archdiocese/metropolis (Ecumenical Patriarchate of Constantinople),Toronto,https://goarchdiocese.ca/,verified-live,2026-07-30
ORG-00296,Ontario Soccer,sport-recreation,"soccer provincial federation — 392,902 registered players (287,662 outdoor + 111,240 indoor), 26,000 coaches, 7,246 referees",York,https://www.ontariosoccer.net/,verified-live,2026-07-30
ORG-00297,Greater Toronto Hockey League (GTHL),sport-recreation,"minor hockey league — 35,000+ participants incl. affiliated teams; self-described largest minor hockey organization in the world",GTA-wide,https://gthlcanada.com/,verified-live,2026-07-30
ORG-00298,Special Olympics Ontario,sport-recreation,"intellectual-disability sport federation — 22,969 individual athletes across 100+ communities",Ontario,https://www1.specialolympicsontario.com/,verified-live,2026-07-30
ORG-00299,Ontario Basketball Association,sport-recreation,"basketball provincial federation — member-club structure U9-U19, HQ Whitby",Ontario,https://basketball.on.ca/,verified-live,2026-07-30
ORG-00300,Ontario Volleyball Association,sport-recreation,"volleyball provincial governing body since 1929, HQ North York",Toronto,https://www.ontariovolleyball.org/,verified-live,2026-07-30
ORG-00301,Rugby Ontario,sport-recreation,"rugby union provincial federation, HQ Toronto Pan Am Sports Centre",Toronto,https://www.rugbyontario.com/,verified-live,2026-07-30
ORG-00302,Athletics Ontario,sport-recreation,"track & field / athletics provincial federation, HQ Toronto Pan Am Sports Centre",Toronto,https://www.athleticsontario.ca/,verified-live,2026-07-30
ORG-00303,Skate Ontario,sport-recreation,"figure skating provincial federation — member clubs & skating schools, HQ Mississauga",Peel,https://skateontario.org/,verified-live,2026-07-30
ORG-00304,Swim Ontario,sport-recreation,competitive swimming provincial governing body (club directory not enumerated on fetched page),Ontario,https://www.swimontario.com/,verified-live,2026-07-30
ORG-00305,Ontario Cycling,sport-recreation,"cycling provincial federation — road/track/MTB/BMX/cyclocross/gravel/para; live membership counters displayed as placeholder ""0"" values, not real stats",Ontario,https://ontariocycling.org/,verified-live,2026-07-30
ORG-00306,Ontario Ball Hockey Federation,sport-recreation,"ball hockey federation — states ""95 members across Ontario"" (unit not specified: leagues/orgs)",Ontario,https://ontarioballhockeyfederation.ca/,verified-live,2026-07-30
ORG-00307,ParaSport Ontario,sport-recreation,"adaptive/parasport resource hub connecting disability community to sport programs, HQ Toronto",Toronto,https://parasportontario.ca/,verified-live,2026-07-30
ORG-00309,Toronto Ultimate Club (TUC),sport-recreation,"ultimate frisbee club/league, board-governed nonprofit, Toronto (membership count not stated on fetched page)",Toronto,https://www.tuc.org/,verified-live,2026-07-30
ORG-00310,Toronto Association of Business Improvement Areas (TABIA),business-improvement-area,BIA umbrella — ~85 member BIAs,Toronto,https://www.toronto-bia.com/,verified-live,2026-07-30
ORG-00311,Downtown Yonge BIA,business-improvement-area,BIA — Downtown Yonge,Toronto,https://downtownyonge.com/,verified-live,2026-07-30
ORG-00312,Bloor-Yorkville BIA,business-improvement-area,"BIA — Bloor-Yorkville (~1,200 members)",Toronto,https://www.bloor-yorkville.com/,verified-live,2026-07-30
ORG-00313,Toronto Financial District BIA,business-improvement-area,BIA — Financial District,Toronto,https://www.torontofinancialdistrict.com/,verified-live,2026-07-30
ORG-00315,Chinatown BIA (Toronto),business-improvement-area,BIA — Chinatown,Toronto,https://chinatownbia.com/,verified-live,2026-07-30
ORG-00316,West Queen West BIA,business-improvement-area,BIA — West Queen West,Toronto,https://westqueenwest.ca/,verified-live,2026-07-30
ORG-00317,GreekTown on the Danforth BIA,business-improvement-area,BIA — GreekTown on the Danforth,Toronto,https://greektowntoronto.com/,verified-live,2026-07-30
ORG-00318,Gerrard India Bazaar BIA,business-improvement-area,BIA — Gerrard India Bazaar (~125+ members),Toronto,https://gerrardindiabazaar.com/,verified-live,2026-07-30
ORG-00319,Old Town Toronto BIA (formerly St. Lawrence Market Neighbourhood BIA),business-improvement-area,BIA — Old Town Toronto / St. Lawrence Market,Toronto,https://oldtowntoronto.ca/,verified-live,2026-07-30
ORG-00320,Downtown Brampton BIA,business-improvement-area,BIA — Downtown Brampton,Peel,https://downtownbramptonbia.ca/,verified-live,2026-07-30
ORG-00321,Port Credit BIA,business-improvement-area,BIA — Port Credit (~600 members),Peel,https://www.portcredit.com/,verified-live,2026-07-30
ORG-00322,Downtown Oakville BIA,business-improvement-area,BIA — Downtown Oakville (500+ members),Halton,https://www.oakvilledowntown.com/,verified-live,2026-07-30
ORG-00323,Burlington Downtown Business Association,business-improvement-area,BIA — Downtown Burlington,Halton,https://burlingtondowntown.ca/,verified-live,2026-07-30
ORG-00324,Unionville BIA (Main Street Unionville),business-improvement-area,BIA — Main Street Unionville,York,https://unionville.ca/,verified-live,2026-07-30
ORG-00325,Main Street Newmarket BIA (Main Street District BIA),business-improvement-area,BIA — Main Street Newmarket,York,https://newmarketmainstreet.com/,verified-live,2026-07-30
ORG-00326,CARP (Canadian Association of Retired Persons),seniors-membership,"National advocacy/membership org for 45+ and retired Canadians; hundreds of thousands of members; GTA chapters incl. Scarborough, Brampton",GTA-wide,https://www.carp.ca/,verified-live,2026-07-30
ORG-00327,Older Adult Centres' Association of Ontario (OACAO),seniors-membership,"Provincial umbrella association of community-based older adult centres, est. 1973",Ontario,https://www.oacao.org/,verified-live,2026-07-30
ORG-00328,National Pensioners Federation,seniors-membership,"National federation of seniors'/pensioners' organizations, union retiree chapters and individual supporters; ~1 million collective reach",GTA-wide,https://nationalpensionersfederation.ca/,verified-live,2026-07-30
ORG-00329,"Ontario Society of Senior Citizens' Organizations (OSSCO, aka OCSCO)",seniors-membership,"Provincial coalition/charity of seniors' organizations providing education, advocacy and self-help programs, est. 1986",Toronto,https://www.ossco.org/,verified-live,2026-07-30
ORG-00330,Older Women's Network (Ontario),seniors-membership,"Feminist advocacy and social-programming network for mid-life/older women (55+), est. 1986",Toronto,https://olderwomensnetwork.org/,verified-live,2026-07-30
ORG-00331,CanAge,seniors-membership,"National seniors' advocacy org with open membership base of older adults, caregivers and advocates; policy-focused",Toronto,https://canage.ca/,verified-live,2026-07-30
ORG-00332,Municipal Retirees Organization Ontario (MROO),seniors-membership,"Retiree association representing 36,000 OMERS (Ontario Municipal Employees Retirement System) pensioners, est. 1977",Peel,https://www.mroo.org/,verified-live,2026-07-30
ORG-00333,Probus Club of Toronto,seniors-membership,"Independent PROBUS fellowship club for retired/semi-retired professionals; largest single PROBUS club in Toronto proper, est. 2014",Toronto,https://www.probustoronto.ca/,verified-live,2026-07-30
ORG-00334,Sheridan PROBUS Club (Mississauga/Oakville),seniors-membership,Independent PROBUS fellowship club for retired/semi-retired residents of Mississauga/Oakville; largest Mississauga-area PROBUS club,Peel,https://sheridanprobus.ca/,verified-live,2026-07-30
ORG-00335,Combined PROBUS Club of North Oakville (CPCNO),seniors-membership,"Independent PROBUS fellowship club for retired/semi-retired residents of North Oakville; largest Oakville-area PROBUS club per third-party directory (226 members, unconfirmed on own site)",Halton,https://cpcno.wildapricot.org/,verified-live,2026-07-30
ORG-00336,Markham PROBUS Club,seniors-membership,Independent PROBUS fellowship club for retired/semi-retired residents of Markham; currently at capacity with active waitlist,York,https://www.markhamprobus.ca/,verified-live,2026-07-30
ORG-00337,Provincial Building and Construction Trades Council of Ontario,labour,"Provincial building & construction trades umbrella council; 15 affiliated craft unions, ~150,000 workers province-wide",Ontario,https://www.ontariobuildingtrades.com/,verified-live,2026-07-30
ORG-00338,Toronto Airport Workers' Council (TAWC),labour,Umbrella council for unions representing workers at Toronto Pearson International Airport,Peel,https://www.torontopearson.com/en/airport-employees/employee-resources/resources-for-airport-workers/toronto-airport-workers-council,verified-live,2026-07-30
ORG-00339,Central Ontario Building Trades (current GTA-area building trades council; name lineage from 'Toronto and Area Building Trades Council' not confirmed on fetched page),labour,"Regional building trades council; 25 affiliated trade unions, tens of thousands of skilled workers, Oakville to Trenton to Parry Sound",GTA-wide,https://www.cobtrades.com/,verified-live,2026-07-30
ORG-00340,"UA Local 46 (Plumbers, Steamfitters & Welders)",labour,"Plumbers/steamfitters/welders trade local; 11,700+ members, oldest UA local in Canada",Toronto,https://www.ualocal46.org/,verified-live,2026-07-30
ORG-00341,Teamsters Local Union 938,labour,"Multi-industry Teamsters local (freight, warehousing, etc.); 10,000+ members, Mississauga HQ",Peel,https://www.teamsters938.org/,verified-live,2026-07-30
ORG-00342,United Steelworkers Local 1998,labour,"University of Toronto (and affiliated colleges) staff-appointed/casual workers local; 10,000+ members (org materials via search)",GTA-wide,https://www.usw1998.ca/,verified-live,2026-07-30
ORG-00343,IUPAT District Council 46 (Ontario Painters Union),labour,"Painters/drywall finishers/glaziers/HAZMAT district council; 15 affiliate locals, 8,000+ members",Ontario,https://iupat.on.ca/,verified-live,2026-07-30
ORG-00344,LiUNA! Local 506,labour,"ICI/industrial construction laborers local; 8,000+ members (org materials via search)",Toronto,https://local506.ca/,verified-live,2026-07-30
ORG-00345,Sheet Metal Workers' & Roofers' Local 30 (SMART Local 30),labour,"Sheet metal/roofing/siding/decking trade local; ~4,500 members",GTA-wide,https://smwia-l30.com/,verified-live,2026-07-30
ORG-00346,Ironworkers Local 721,labour,"Structural/ornamental ironworkers trade local; 4,100+ members",GTA-wide,https://iw721.org/,verified-live,2026-07-30
ORG-00347,Toronto Elementary Catholic Teachers (TECT / OECTA),labour,"OECTA's largest unit; elementary teachers, Toronto Catholic District School Board; 4,000+ members",Toronto,https://www.tect.org/,verified-live,2026-07-30
ORG-00348,Toronto Secondary Unit (TSU / OECTA),labour,"OECTA unit for secondary teachers, Toronto Catholic District School Board; 2,500+ members",Toronto,https://tsuoecta.org/,verified-live,2026-07-30
ORG-00349,IUEC Local 50 (Elevator Constructors),labour,"Elevator/escalator construction & maintenance trade local; 1,500+ members",GTA-wide,https://iuec50.org/,verified-live,2026-07-30
ORG-00350,IUOE Local 793 (Operating Engineers),labour,"Crane/heavy equipment operators trade local, Ontario-wide construction/industrial/mining; size described only as 'thousands' of members",Ontario,https://iuoelocal793.org/,verified-live,2026-07-30
ORG-00351,CUPE Local 3903,labour,"York University academic workers: contract faculty, TAs, GAs/RAs, part-time librarians/archivists; membership size not stated",Toronto,https://cupe3903.org/,verified-live,2026-07-30
ORG-00352,Scarborough Arts,arts-culture,local arts service organization — Scarborough,Toronto,https://www.scarborougharts.com/,verified-live,2026-07-30
ORG-00353,North York Arts,arts-culture,local arts service organization — North York,Toronto,https://www.northyorkarts.org/,verified-live,2026-07-30
ORG-00354,East End Arts,arts-culture,local arts service organization — East End Toronto,Toronto,https://eastendarts.ca/,verified-live,2026-07-30
ORG-00355,UrbanArts Community Arts Council,arts-culture,local arts service organization — Weston-Mount Dennis,Toronto,https://urbanartstoronto.org/,verified-live,2026-07-30
ORG-00356,Lakeshore Arts,arts-culture,local arts service organization — South Etobicoke/Lakeshore,Toronto,https://lakeshorearts.ca/,verified-live,2026-07-30
ORG-00357,Arts Etobicoke,arts-culture,local arts service organization — Etobicoke,Toronto,https://www.artsetobicoke.com/,verified-live,2026-07-30
ORG-00358,Festival Management Committee (Toronto Caribbean Carnival / Caribana),arts-culture,Caribbean Carnival organizing body,GTA-wide,https://torontocarnival.ca/,verified-live,2026-07-30
ORG-00359,Toronto Musicians' Association (AFM/CFM Local 149),arts-culture,professional musicians' union local — AFM/CFM Local 149,GTA-wide,https://tma149.ca/,verified-live,2026-07-30
ORG-00360,Mississauga Arts Council,arts-culture,regional arts council — Mississauga,Peel,https://www.mississaugaartscouncil.com/,verified-live,2026-07-30
ORG-00361,Brampton Arts Organization,arts-culture,"citywide arts & culture development agency — Brampton (successor to ACCIDA, est. 2021)",Peel,https://bramptonartsorg.ca/,verified-live,2026-07-30
ORG-00362,York Region Arts Council,arts-culture,regional arts council — York Region-wide,York,https://www.yorkregionartscouncil.com/,verified-live,2026-07-30
ORG-00363,Oakville Arts Council,arts-culture,municipal-partner arts council — Oakville,Halton,https://www.oakvillearts.com/,verified-live,2026-07-30
ORG-00364,Arts Burlington,arts-culture,arts guild umbrella organization — Burlington (Art Gallery of Burlington),Halton,https://www.artsburlington.ca/,verified-live,2026-07-30
ORG-00365,Society of Saint Vincent de Paul — Toronto Central Council,fraternal-chambers,Catholic lay volunteer network; home-visitation & poverty-relief conferences across the GTA,GTA-wide,https://ssvptoronto.ca,verified-live,2026-07-30
ORG-00366,Catholic Women's League of Canada — Toronto Diocesan Council,fraternal-chambers,Catholic lay women's association; parish councils across the Toronto Archdiocese,GTA-wide,https://cwltoronto.ca,verified-live,2026-07-30
ORG-00367,B'nai Brith Canada,fraternal-chambers,Jewish service and advocacy organization; national headquarters in Toronto,Toronto,https://www.bnaibrith.ca,verified-live,2026-07-30
ORG-00368,Order of the Eastern Star — Grand Chapter of Ontario,fraternal-chambers,Masonic-affiliated fraternal order for Master Masons and female relatives; provincial grand body,Ontario,https://www.ontariooes.ca,verified-live,2026-07-30
ORG-00369,"AHEPA Toronto (Order of AHEPA, District 23)",fraternal-chambers,"Greek-Canadian fraternal chapter; scholarships, sports, philanthropy, founded 1928",Toronto,https://www.ahepatoronto.org,verified-live,2026-07-30
ORG-00370,Order Sons and Daughters of Italy of Canada — Grand Lodge/Council,fraternal-chambers,"Italian-Canadian fraternal grand body (renamed from Order Sons of Italy of Canada); active lodges concentrated in Hamilton-Niagara, none within GTA proper",Ontario,https://ordersonsanddaughtersofitalyofcanada.com,verified-live,2026-07-30
ORG-00371,"Army, Navy & Air Force Veterans in Canada (ANAVETS) — Ontario GTA Units",fraternal-chambers,"Veterans' fraternal association; Ontario unit directory lists 21 units, 4 within Toronto/Mississauga",GTA-wide,https://anavets.ca/ontario-unit-locations-addresses/,verified-live,2026-07-30
ORG-00372,Polish Combatants' Association (SPK) — Toronto Branch 20,fraternal-chambers,"Polish-Canadian veterans' fraternal association; hall, museum, cultural programming, founded 1948",Toronto,https://www.spk20.ca,verified-live,2026-07-30
ORG-00373,Ontario Moose Association (Loyal Order of Moose) — nearest to GTA: Oshawa Lodge #2132,fraternal-chambers,"Provincial Moose fraternal association, 6 districts; no lodge in Toronto/Peel/York/Halton — nearest active lodge is Oshawa #2132 (Durham)",Durham,https://www.ontariomoose.ca/lodges-and-chapters/,verified-live,2026-07-30
ORG-00374,Ontario Nature,outdoor-nature-club,"Provincial federation of naturalist clubs; conservation advocacy & network coordination, est. 1931",Ontario,https://ontarionature.org,verified-live,2026-07-30
ORG-00375,Toronto Field Naturalists,outdoor-nature-club,"Volunteer-run naturalist club; 140+ guided nature walks/year & lecture series, est. 1923",Toronto,https://torontofieldnaturalists.org,verified-live,2026-07-30
ORG-00376,Bruce Trail Conservancy,outdoor-nature-club,Provincial trail-conservation federation; 9 affiliated hiking clubs along Niagara Escarpment,Ontario,https://brucetrail.org,verified-live,2026-07-30
ORG-00377,Toronto Bruce Trail Club,outdoor-nature-club,"Largest Bruce Trail chapter club; ~400 guided hikes/year over 50km main + 66km side trail, est. 1962",GTA-wide,https://torontobrucetrailclub.org,verified-live,2026-07-30
ORG-00378,Hike Ontario,outdoor-nature-club,"Umbrella body for Ontario hiking clubs & trail associations; hike-leader certification program, est. 1974",Ontario,https://hikeontario.com,verified-live,2026-07-30
ORG-00379,Toronto Bicycling Network (TBN),outdoor-nature-club,"Self-described largest recreational cycling club in the GTA; urban & rural group rides, member-volunteer run",GTA-wide,https://tbn.ca,verified-live,2026-07-30
ORG-00380,Toronto Outdoor Club,outdoor-nature-club,"100% volunteer-run multi-activity club (hiking, biking, climbing, skiing); free membership",GTA-wide,https://www.torontooutdoorclub.com,verified-live,2026-07-30
ORG-00381,Halton Outdoor Club,outdoor-nature-club,"Volunteer-run multi-activity club (hiking, cycling, paddling, skiing, snowshoeing) serving the Golden Horseshoe",Halton,https://www.haltonoutdoorclub.ca,verified-live,2026-07-30
ORG-00382,Durham Outdoors Club,outdoor-nature-club,"Member-driven multi-activity outdoor club (hiking, canoeing, cycling, winter sports); formalized as a club in 1996",Durham,https://www.durhamoutdoorsclub.ca,verified-live,2026-07-30
ORG-00383,Ontario Trails Council,outdoor-nature-club,Province-wide trails umbrella body; member-driven volunteer-led charity coordinating trail user groups,Ontario,https://www.ontariotrails.on.ca,verified-live,2026-07-30
ORG-00384,Toronto Ornithological Club,outdoor-nature-club,"Volunteer birding club; monthly meetings & Jim Baillie Memorial Bird Walks, est. 1934",GTA-wide,https://torontobirding.ca,verified-live,2026-07-30
ORG-00385,Samara Centre for Democracy,political-adjacent-nonpartisan,"non-partisan democracy research, civic engagement & political literacy charity",Toronto,https://www.samaracentre.ca,verified-live,2026-07-30
ORG-00386,Unlock Democracy Canada,political-adjacent-nonpartisan,non-partisan electoral reform / proportional representation charity,Toronto,https://www.unlockdemocracy.ca,verified-live,2026-07-30
ORG-00388,People for Education,k12-parent-education,"non-partisan public education research, policy & parent/community engagement charity",Toronto,https://peopleforeducation.ca,verified-live,2026-07-30
ORG-00389,Ontario Federation of Home and School Associations,k12-parent-education,province-wide federation of local Home & School parent associations,Ontario,https://ofhsa.on.ca,verified-live,2026-07-30
ORG-00390,TDSB Parent Involvement Advisory Committee (PIAC),k12-parent-education,"official statutory parent advisory committee, Toronto District School Board",Toronto,https://torontopiac.com,verified-live,2026-07-30
ORG-00391,TCDSB Catholic Parent Involvement Committee (CPIC),k12-parent-education,"official statutory parent advisory committee, Toronto Catholic District School Board",Toronto,https://www.tcdsb.org/page/catholic-parent-involvement-committee,verified-live,2026-07-30
ORG-00392,"York Region District School Board Parent, Family and Community Engagement Advisory Committee (PEAC)",k12-parent-education,"official statutory parent advisory committee, York Region District School Board",York,https://www2.yrdsb.ca/schools-programs/school-councils/parent-family-and-community-engagement-advisory-committee-peac,verified-live,2026-07-30
ORG-00393,Peel District School Board Parent Involvement Committee (PIC),k12-parent-education,"official statutory parent advisory committee, Peel District School Board",Peel,https://www.peelschools.org/parent-involvement-committee,verified-live,2026-07-30
ORG-00394,Durham District School Board Parent Involvement Committee (PIC),k12-parent-education,"official statutory parent advisory committee, Durham District School Board",Durham,https://www.ddsb.ca/families/parent-engagement/parent-involvement-committee/,verified-live,2026-07-30
ORG-00395,Halton District School Board Parent Involvement Committee (PIC),k12-parent-education,"official statutory parent advisory committee, Halton District School Board",Halton,https://www.hdsb.ca/students-families/get-involved/parent-involvement-committee-pic/,verified-live,2026-07-30
ORG-00398,Entente (formerly RTOERO — Retired Teachers of Ontario),seniors-membership,"member-owned non-profit for education-community retirees/workers — group insurance, retirement community, seniors' advocacy; Toronto HQ",Ontario,https://entente.ca/,verified-live,2026-07-30
ORG-00400,Ahmadiyya Muslim Jama'at Canada — Baitul Islam Mosque (National HQ),faith-spiritual,mosque / national Ahmadiyya Muslim headquarters,York,https://ahmadiyya.ca,verified-live,2026-07-30
ORG-00401,Ontario Khalsa Darbar (Dixie Gurdwara),faith-spiritual,gurdwara,Peel,https://ontariokhalsadarbar.ca,verified-live,2026-07-30
ORG-00402,Islamic Institute of Toronto,faith-spiritual,mosque / Islamic education institute & community centre,Toronto,https://islam.ca,verified-live,2026-07-30
ORG-00403,Fo Guang Shan Temple of Toronto,faith-spiritual,Buddhist temple (Mahayana / Humanistic Buddhism),Peel,https://fgs.ca,verified-live,2026-07-30
ORG-00404,Cham Shan Temple,faith-spiritual,Buddhist temple; headquarters of the Buddhist Association of Canada,York,https://chamshantemple.org,verified-live,2026-07-30
ORG-00405,Toronto Buddhist Church,faith-spiritual,Jodo Shinshu (Pure Land) Buddhist temple,Toronto,https://tbc.on.ca,verified-live,2026-07-30
ORG-00406,Vishnu Mandir (Voice of Vedas Cultural Sabha Inc.),faith-spiritual,Hindu temple & cultural/social-service campus,York,https://vishnumandir.com,verified-live,2026-07-30
ORG-00407,Devi Mandir (Satya Sanatan Dharma Cultural Sabha of Canada),faith-spiritual,Hindu temple,Durham,https://devimandir.com,verified-live,2026-07-30
ORG-00408,Ukrainian Catholic Eparchy of Toronto and Eastern Canada,faith-spiritual,Eastern Catholic eparchy (Ukrainian Greek Catholic Church),Toronto,https://ucet.ca,verified-live,2026-07-30
ORG-00409,Ukrainian Orthodox Church of Canada — Eastern Eparchy,faith-spiritual,Orthodox eparchy,Toronto,https://uocceast.ca,verified-live,2026-07-30
ORG-00410,Coptic Orthodox Archdiocese of Toronto,faith-spiritual,Coptic Orthodox archdiocese,GTA-wide,https://copticarch.ca,verified-live,2026-07-30
ORG-00411,Serbian Orthodox Diocese of Canada,faith-spiritual,Serbian Orthodox diocese (episcopal seat / monastery),Halton,https://istocnik.ca,verified-live,2026-07-30
ORG-00415,Liberty Village BIA (LVBIA),business-improvement-area,BIA — Liberty Village,Toronto,https://www.libertyvillagebia.com/,verified-live,2026-07-30
ORG-00416,Danforth Mosaic BIA (The Danny),business-improvement-area,BIA — Danforth (Danforth Mosaic),Toronto,https://www.danforthmosaic.com/,verified-live,2026-07-30
ORG-00417,Bloor West Village BIA,business-improvement-area,BIA — Bloor West Village,Toronto,https://www.bloorwestvillagebia.com/,verified-live,2026-07-30
ORG-00418,Yonge + St. Clair BIA,business-improvement-area,BIA — Yonge & St. Clair,Toronto,https://www.yongestclair.ca/,verified-live,2026-07-30
ORG-00419,The Beach BIA,business-improvement-area,BIA — The Beach,Toronto,https://thebeachbia.com/,verified-live,2026-07-30
ORG-00420,York-Eglinton BIA (Little Jamaica),business-improvement-area,BIA — Eglinton Ave W (Little Jamaica),Toronto,https://yorkbia.ca/,verified-live,2026-07-30
ORG-00421,Leslieville BIA,business-improvement-area,BIA — Leslieville,Toronto,https://visitleslieville.ca/,verified-live,2026-07-30
ORG-00422,Little Italy BIA (College St.),business-improvement-area,BIA — Little Italy (College St),Toronto,https://tolittleitaly.com/,verified-live,2026-07-30
ORG-00423,Little Portugal Toronto BIA,business-improvement-area,BIA — Little Portugal (Dundas West),Toronto,https://lptbia.com/,verified-live,2026-07-30
ORG-00424,Streetsville BIA,business-improvement-area,BIA — Streetsville,Peel,https://villageofstreetsville.com/,verified-live,2026-07-30
ORG-00425,Markham Village BIA (Main Street Markham),business-improvement-area,BIA — Markham Village,York,https://www.mainstreetmarkham.com/,verified-live,2026-07-30
ORG-00426,Historic Downtown Bowmanville BIA,business-improvement-area,BIA — Historic Downtown Bowmanville,Durham,https://bowmanville.com/,verified-live,2026-07-30
ORG-00427,Downtown Whitby BIA,business-improvement-area,BIA — Historic Downtown Whitby,Durham,https://whitbybia.org/,verified-live,2026-07-30
ORG-00428,Port Perry BIA,business-improvement-area,BIA — Downtown Port Perry,Durham,https://portperrybia.ca/,verified-live,2026-07-30
ORG-00429,Kleinburg BIA,business-improvement-area,BIA — Kleinburg Village,York,https://downtownkleinburg.ca/,verified-live,2026-07-30
ORG-00431,Rotary Club of Brampton,fraternal-chambers,"service club — Rotary, Brampton (est. ~1940; 86th anniversary 2026)",Peel,https://www.rotaryclubofbrampton.com,verified-live,2026-07-30
ORG-00432,Rotary Club of Oakville,fraternal-chambers,"service club — Rotary, Oakville (~100 years)",Halton,https://www.rotaryoakville.ca,verified-live,2026-07-30
ORG-00438,Rotary Club of North York,fraternal-chambers,"service club — Rotary, North York (chartered 1991)",Toronto,https://www.rotarynorthyork.org,verified-live,2026-07-30
ORG-00439,Mississauga Credit Valley Lions Club,fraternal-chambers,"service club — Lions, Mississauga (Credit Valley chapter; est. ~1937)",Peel,https://www.e-clubhouse.org/sites/mississaugacv/,verified-live,2026-07-30
ORG-00440,Markham Lions Club,fraternal-chambers,"service club — Lions, Markham (chartered 1943)",York,https://lionsclubmarkham.org,verified-live,2026-07-30
ORG-00441,Kiwanis Club of Brampton,fraternal-chambers,"service club — Kiwanis, Brampton (since 1957)",Peel,https://bramptonkiwanis.com,verified-live,2026-07-30
ORG-00442,Kiwanis Club of Casa Loma (Toronto),fraternal-chambers,"service club — Kiwanis, Toronto (Casa Loma chapter; ~100 years, est. 1921)",Toronto,https://kiwanisclubcasaloma.ca,verified-live,2026-07-30
ORG-00443,UNICEF Canada,international-chapter,UN children's agency fundraising/advocacy body — Canadian HQ Toronto,Toronto,https://www.unicef.ca/en/contact,verified-live,2026-07-30
ORG-00444,World Vision Canada,international-chapter,international child-sponsorship & relief NGO — Canadian HQ Mississauga (GTA),Peel,https://www.worldvision.ca/en/partner/contact-us,verified-live,2026-07-30
ORG-00445,WWF-Canada,international-chapter,international environmental/conservation NGO — Canadian HQ Toronto,Toronto,https://wwf.ca/contact-us/,verified-live,2026-07-30
ORG-00446,Doctors Without Borders / MSF Canada,international-chapter,humanitarian medical NGO — Canadian HQ Toronto,Toronto,https://www.doctorswithoutborders.ca/contact/,verified-live,2026-07-30
ORG-00447,Save the Children Canada,international-chapter,international children's rights/relief NGO — Canadian HQ Toronto,Toronto,https://www.savethechildren.ca/contact/,verified-live,2026-07-30
ORG-00448,Plan International Canada,international-chapter,international children/girls' rights development NGO — Canadian HQ Toronto,Toronto,https://plancanada.ca/en-ca/contact-us,verified-live,2026-07-30
ORG-00449,Habitat for Humanity GTA,international-chapter,"international affordable-housing network — GTA regional affiliate, Toronto office",GTA-wide,https://habitatgta.ca/contact/,verified-live,2026-07-30
ORG-00450,Engineers Without Borders Canada,international-chapter,"international development NGO, engineering-focused — Canadian HQ Toronto",Toronto,https://www.ewb.ca/en/contact-us/,verified-live,2026-07-30
ORG-00451,Right To Play International,international-chapter,international sport-for-development NGO — global headquarters Toronto,Toronto,https://righttoplay.ca/en/national-offices/national-office-canada/contact-us/,verified-live,2026-07-30
ORG-00452,War Child Canada,international-chapter,humanitarian NGO for children in conflict zones — Canadian HQ Toronto,Toronto,https://warchild.ca/about-us/,verified-live,2026-07-30
ORG-00453,Journalists for Human Rights,international-chapter,international press-freedom/media-development NGO — Canadian HQ Toronto,Toronto,https://jhr.ca/contact-us/,verified-live,2026-07-30
ORG-00454,United Nations Association in Canada — Toronto Region Branch (UNACTO),international-chapter,UN-system civic/youth engagement chapter — Toronto Region Branch of UNA-Canada,Toronto,https://www.unacto.com/aboutus,verified-live,2026-07-30
ORG-00455,CivicAction,city-builder-volunteer,"civic leadership mobilization & collective-impact network, GTHA",GTA-wide,https://civicaction.ca/,verified-live,2026-07-30
ORG-00456,Park People,city-builder-volunteer,"national urban-parks advocacy & community-group network, Toronto HQ",Toronto,https://parkpeople.ca/,verified-live,2026-07-30
ORG-00457,Evergreen,city-builder-volunteer,"national public-space & urban-nature nonprofit, Brick Works flagship Toronto",Toronto,https://www.evergreen.ca/,verified-live,2026-07-30
ORG-00458,Jane's Walk,city-builder-volunteer,"citizen-led neighbourhood walking-tour movement, global HQ Toronto",Toronto,https://janeswalk.org/,verified-live,2026-07-30
ORG-00459,8 80 Cities,city-builder-volunteer,public-space & age-friendly urban-design nonprofit,GTA-wide,https://www.880cities.org/,verified-live,2026-07-30
ORG-00460,STEPS Public Art,city-builder-volunteer,"public art & creative-placemaking charity, national reach",Toronto,https://stepspublicart.org/,verified-live,2026-07-30
ORG-00461,Not Far From The Tree,city-builder-volunteer,volunteer fruit-harvesting & food-redistribution program,Toronto,https://notfarfromthetree.org/,verified-live,2026-07-30
ORG-00462,Repair Café Toronto,city-builder-volunteer,grassroots repair-culture volunteer network,Toronto,https://repaircafetoronto.ca/,verified-live,2026-07-30
ORG-00463,Toronto Tool Library,city-builder-volunteer,tool-lending library & makerspace nonprofit (project of IRBE),Toronto,https://torontotoollibrary.com/,verified-live,2026-07-30
ORG-00464,Friends of the Greenbelt Foundation,city-builder-volunteer,"Greenbelt-focused funder/foundation for farmland, food & greening",Ontario,https://greenbelt.ca/,verified-live,2026-07-30
ORG-00465,Scadding Court Community Centre,city-builder-volunteer,multi-service neighbourhood community centre,Toronto,https://scaddingcourt.org/,verified-live,2026-07-30
ORG-00466,"10,000 Trees for the Rouge Valley",city-builder-volunteer,volunteer native-tree-planting & watershed restoration group,GTA-wide,https://www.10000trees.com/,verified-live,2026-07-30
ORG-00467,LEAF,city-builder-volunteer,urban-forest stewardship & tree-planting nonprofit,GTA-wide,https://www.yourleaf.org/,verified-live,2026-07-30
ORG-00468,Toronto Nature Stewards,city-builder-volunteer,ravine & natural-area ecological-restoration volunteer program,Toronto,https://torontonaturestewards.org/,verified-live,2026-07-30
ORG-00469,Canadian Civil Liberties Association,civil-society-advocacy,"National civil liberties & rights watchdog; litigation, advocacy, education (equality, freedoms, criminal justice, privacy)",Ontario,https://ccla.org/,verified-live,2026-07-30
ORG-00471,Kids Help Phone,civil-society-advocacy,"National 24/7 youth mental-health crisis line, text and chat service (est. 1989)",Ontario,https://kidshelpphone.ca/,verified-live,2026-07-30
ORG-00473,Distress Centres of Greater Toronto,civil-society-advocacy,"GTA-wide 24/7 crisis-intervention and suicide-prevention helpline (est. 1967), multilingual",GTA-wide,https://www.dcogt.com/,verified-live,2026-07-30
ORG-00474,Canadian Mental Health Association – Toronto Branch,civil-society-advocacy,"Toronto branch of national mental-health charity; community clinical, housing and support services",Toronto,https://cmhato.org/,verified-live,2026-07-30
ORG-00475,Black Legal Action Centre,civil-society-advocacy,"Ontario-wide anti-Black-racism community legal clinic (est. 2017); education, advocacy, litigation",Ontario,https://www.blacklegalactioncentre.ca/,verified-live,2026-07-30
ORG-00476,Elizabeth Fry Toronto,civil-society-advocacy,Toronto justice-system support and advocacy for criminalized women and non-binary people,Toronto,https://efrytoronto.org/,verified-live,2026-07-30
ORG-00477,Canadian Cancer Society,civil-society-advocacy,"National cancer research-funding, prevention and patient-support charity (80+ yrs)",Ontario,https://cancer.ca/,verified-live,2026-07-30
ORG-00478,Heart and Stroke Foundation of Canada,civil-society-advocacy,"National cardiovascular and stroke research, prevention and advocacy charity",Ontario,https://www.heartandstroke.ca/,verified-live,2026-07-30
ORG-00479,Diabetes Canada,civil-society-advocacy,"National diabetes research, education and advocacy charity; 4M+ people supported/yr",Ontario,https://www.diabetes.ca/,verified-live,2026-07-30
ORG-00480,Alzheimer Society of Toronto,civil-society-advocacy,"Toronto dementia/Alzheimer's support, education and counselling charity",Toronto,https://alz.to/,verified-live,2026-07-30
ORG-00481,MS Canada,civil-society-advocacy,"National multiple-sclerosis research, advocacy and patient-support charity",Ontario,https://mscanada.ca/,verified-live,2026-07-30
ORG-00482,Canadian Women's Foundation,civil-society-advocacy,"National gender-equality grantmaking foundation (gender-based violence, economic security, youth)",Ontario,https://canadianwomen.org/,verified-live,2026-07-30
ORG-00483,LEAF – Women's Legal Education and Action Fund,civil-society-advocacy,"National women's/gender legal advocacy org; litigation and law reform, 12 regional chapters",Ontario,https://www.leaf.ca/,verified-live,2026-07-30
ORG-00484,Imagine Canada,civil-society-advocacy,"National charitable/nonprofit-sector umbrella; membership open to Canada's charities & nonprofits (86,000+ orgs referenced in sector)",Toronto,https://imaginecanada.ca/en/who-we-are,verified-live,2026-07-30
ORG-00485,Feed Ontario,civil-society-advocacy,"Provincial food-bank/hunger-relief umbrella; 1,200+ member food banks and hunger-relief organizations across Ontario",Toronto,https://feedontario.ca/contact-us/,verified-live,2026-07-30
ORG-00486,Food Banks Canada,civil-society-advocacy,"National food-bank network umbrella; 5,500+ food banks/community organizations plus provincial/territorial associations",Peel,https://foodbankscanada.ca/about-us/get-in-touch/,verified-live,2026-07-30
ORG-00487,CMHA Ontario,civil-society-advocacy,Provincial umbrella for Canadian Mental Health Association branches across Ontario,Toronto,https://ontario.cmha.ca/about-cmha/contact-us/,verified-live,2026-07-30
ORG-00488,Community Living Ontario,civil-society-advocacy,Provincial federation of developmental-disability community living associations; 125 member associations across Ontario (per org site),Toronto,https://communitylivingontario.ca/contact/,verified-live,2026-07-30
ORG-00490,CNIB Foundation,civil-society-advocacy,National federation for blindness/vision-loss services with coast-to-coast regional offices,Toronto,https://www.cnib.ca/form/contact-us,verified-live,2026-07-30
ORG-00491,Autism Ontario,civil-society-advocacy,Provincial autism federation; 7 regions across Ontario,Toronto,https://www.autismontario.com/contact-us-AO,verified-live,2026-07-30
ORG-00492,Ontario Caregiver Organization,civil-society-advocacy,Provincial caregiver-support organization; single point of access reaching 4M+ Ontario caregivers via healthcare-system partners,Toronto,https://ontariocaregiver.ca/contact/contact-us/,verified-live,2026-07-30
ORG-00493,Ontario Council for International Cooperation (OCIC),civil-society-advocacy,Ontario umbrella council for international-development/global-cooperation organizations,Toronto,https://ocic.on.ca/,verified-live,2026-07-30
ORG-00494,Habitat for Humanity Canada (Ontario Caucus),civil-society-advocacy,"National affordable-housing federation; Ontario Caucus unites 23 local Habitat affiliates across the province, national HQ in Toronto",Toronto,https://habitat.ca/en/ontario-caucus,verified-live,2026-07-30
ORG-00495,Children's Mental Health Ontario,civil-society-advocacy,"Provincial federation of publicly-funded Child & Youth Mental Health Centres; network of ~4,000 professionals",Toronto,https://cmho.org/contact/,verified-live,2026-07-30
ORG-00496,Ontario Community Support Association,civil-society-advocacy,Provincial umbrella for home & community care not-for-profits; 220+ member organizations,Toronto,https://www.ocsa.on.ca/contact-us,verified-live,2026-07-30
ORG-00497,Addictions and Mental Health Ontario (AMHO),civil-society-advocacy,Provincial umbrella for addictions & mental health service providers; 150+ member organizations (per org site),Toronto,https://amho.ca/contact/,verified-live,2026-07-30
ORG-00498,Futurpreneur Canada,business-incubator,national youth entrepreneurship lender & mentorship org — Toronto HQ,Toronto,https://futurpreneur.ca/en/contact/,verified-live,2026-07-30
ORG-00499,LEAP | Pecaut Centre for Social Impact,business-incubator,"social-impact accelerator — selects, funds and scales breakthrough social ventures",Toronto,https://leap-pecautcentre.ca/contact,verified-live,2026-07-30
ORG-00500,Social Innovation Canada (SI Canada),business-incubator,national social-innovation practitioner network & capacity-builder — Toronto HQ,Toronto,https://sicanada.org/,verified-live,2026-07-30
ORG-00501,ventureLAB,business-incubator,"regional innovation centre — hardtech/deep-tech, York Region",York,https://www.venturelab.ca/about,verified-live,2026-07-30
ORG-00502,Altitude Accelerator,business-incubator,regional innovation centre / business incubator — Peel Region (formerly RIC Centre),Peel,https://altitudeaccelerator.ca/,verified-live,2026-07-30
ORG-00503,Spark Centre,business-incubator,"regional innovation centre — technology business incubator, Durham-Northumberland",Durham,https://sparkcentre.org/,verified-live,2026-07-30
ORG-00504,"Innovation Factory (Halton office, successor to Haltech RIC)",business-incubator,regional innovation centre — Hamilton-Halton tech ecosystem; absorbed Haltech RIC via April 2024 amalgamation,Halton,https://innovationfactory.ca/,verified-live,2026-07-30
ORG-00505,ICUBE UTM,business-incubator,university business accelerator — UTM (Mississauga),Peel,https://icubeutm.ca/,verified-live,2026-07-30
ORG-00506,Toronto Business Development Centre (TBDC),business-incubator,"business accelerator — scale-up & market-entry programs, est. 1990",Toronto,https://tbdc.com/,verified-live,2026-07-30
ORG-00507,TechTO,business-incubator,tech community & events organization — monthly founder/leader talks,Toronto,https://www.techto.org/events,verified-live,2026-07-30
ORG-00508,Elevate,business-incubator,"tech & innovation festival — annual, downtown Toronto",Toronto,https://elevatefestival.ca/,verified-live,2026-07-30
ORG-00509,Black Entrepreneurship Alliance (BEA),business-incubator,"Black entrepreneurship accelerator — Community/Food & Beverage/Tech tracks, GTA Neighbourhood Improvement Areas",GTA-wide,https://thebea.co/contact/,verified-live,2026-07-30
ORG-00511,ILAC - International Language Academy of Canada,education-training,"private language school — international students (90+ nationalities), 4 Toronto campuses",Toronto,https://ilac.com/contact/,verified-live,2026-07-30
ORG-00512,ILSC Toronto,education-training,"private language school — international students, downtown Toronto campus (520-student capacity)",Toronto,https://www.ilsc.com/language-schools/contact-ilsc,verified-live,2026-07-30
ORG-00513,Toronto School of Management,education-training,"private career college — diploma/certificate/microcredential programs, single downtown Toronto campus, students from 90+ countries",Toronto,https://www.torontosom.ca/contact-us,verified-live,2026-07-30
ORG-00514,triOS College,education-training,"private career college — 8 Ontario campuses (Toronto, Mississauga, Brampton in GTA), business/healthcare/tech/law/supply-chain programs",GTA-wide,https://www.trios.com/contact-us/,verified-live,2026-07-30
ORG-00515,CDI College,education-training,"private career college — 4 GTA campuses (Brampton, Mississauga, North York, Scarborough), business/healthcare/tech/legal/dental programs",GTA-wide,https://www.cdicollege.ca/ontario/campuses/mississauga/,verified-live,2026-07-30
ORG-00516,United for Literacy (formerly Frontier College),education-training,"national volunteer-delivered literacy charity — adult/child/prison literacy programs, founded 1899, Toronto HQ (Gzowski House)",Toronto,https://www.unitedforliteracy.ca/About/Our-Story,verified-live,2026-07-30
ORG-00517,ABC Life Literacy Canada,education-training,"national adult-literacy charity — free program materials + sector capacity-building, Toronto HQ",Toronto,https://abclifeliteracy.ca/contact-us/,verified-live,2026-07-30
ORG-00518,JUMP Math,education-training,"national K-8 math-education charity — curriculum + teacher training resources, Toronto HQ",Toronto,https://jumpmath.org/ca/contact-us/,verified-live,2026-07-30
ORG-00519,Pathways to Education Canada,education-training,"national youth-education charity — academic/financial/social supports for low-income high schoolers, Toronto HQ",Toronto,https://www.pathwaystoeducation.ca/contact-us/,verified-live,2026-07-30
ORG-00520,Canada Learning Code,education-training,"national digital-literacy nonprofit — coding/computer-science education for underrepresented groups, Toronto office + chapters in 11 cities",Toronto,https://www.canadalearningcode.ca/contact-us/,verified-live,2026-07-30
ORG-00521,FIRST Robotics Canada,education-training,"national youth STEM/robotics nonprofit — FIRST LEGO League/Tech Challenge/Robotics Competition, GTA-area office",GTA-wide,https://firstroboticscanada.org/,verified-live,2026-07-30
ORG-00522,Hackergal,education-training,"national nonprofit — coding/STEM education for girls & gender-diverse youth, Toronto office",Toronto,https://hackergal.org/contact/,verified-live,2026-07-30
ORG-00523,Achēv,education-training,"large newcomer employment/settlement/language-training org — ~400 staff, GTA-wide operations, Mississauga base",Peel,https://achev.ca/contact-us/,verified-live,2026-07-30
ORG-00524,Skills for Change,education-training,"settlement/employment/language skills-training nonprofit — 3 Toronto offices, GTA-wide programs, 40+ years",Toronto,https://skillsforchange.org/contact,verified-live,2026-07-30
ORG-00526,Hot Docs,media-production,"Documentary festival + Ted Rogers Cinema + industry/production-funding non-profit, est. 1993",Toronto,https://hotdocs.ca,verified-live,2026-07-30
ORG-00527,SOCAN,media-production,"Music performing/reproduction-rights management society, Canada's largest member-based rights org, Toronto HQ",Toronto,https://www.socan.com,verified-live,2026-07-30
ORG-00528,CMPA (Canadian Media Producers Association),media-production,"National trade association for independent screen producers, Toronto office",Toronto,https://cmpa.ca,verified-live,2026-07-30
ORG-00529,Writers Guild of Canada,media-production,"National guild representing screenwriters, Toronto HQ office",Toronto,https://www.wgc.ca,verified-live,2026-07-30
ORG-00531,CIMA (Canadian Independent Music Association),media-production,"National trade association for Canadian-owned independent music sector, Toronto HQ, est. 1975 (formerly CIRPA)",Toronto,https://cimamusic.ca,verified-live,2026-07-30
ORG-00532,Canadian Film Centre (CFC),media-production,Charitable film/TV/digital-media training institution and industry hub at Windfields Estate,Toronto,https://cfccreates.com,verified-live,2026-07-30
ORG-00533,Unison Fund (Unison Benevolent Fund),media-production,"National music-industry benevolent fund (emergency financial + 24/7 counselling support), est. 2011, Toronto-based",Toronto,https://www.unisonfund.ca,verified-live,2026-07-30
ORG-00534,Reel Asian International Film Festival,media-production,"Canada's largest pan-Asian film festival organization, charitable, est. 1997",Toronto,https://reelasian.com,verified-live,2026-07-30
ORG-00535,Inside Out (Toronto 2SLGBTQ+ Film Festival),media-production,2SLGBTQ+ film festival organization with year-round programming and filmmaker funding initiatives,Toronto,https://www.insideout.ca,verified-live,2026-07-30
ORG-00536,Canadian Journalism Foundation,media-production,"Charitable journalism foundation - awards, public forums (J-Talks), media-literacy/training programs, est. 1990",Toronto,https://cjf-fjc.ca,verified-live,2026-07-30
ORG-00537,LIFT (Liaison of Independent Filmmakers of Toronto),media-production,"Member-run independent filmmaker co-op (workshops, equipment rentals, production support)",Toronto,https://lift.ca,verified-live,2026-07-30
ORG-00538,Regent Park Film Festival,media-production,"Toronto's longest-running free community film festival, non-profit, est. 2003, BIPOC-centered programming",Toronto,https://rpff.ca,verified-live,2026-07-30
ORG-00539,Trinity Square Video,media-production,"Canada's oldest artist-run media arts centre, est. 1971 (video/film/digital media production, exhibition, training)",Toronto,https://trinitysquarevideo.com,verified-live,2026-07-30
ORG-00541,Pride Toronto,festival-events,"LGBTQ+ Pride festival & parade, June programming; 1M+ parade attendance, 2M+ across Pride Month per public reporting",Toronto,https://www.pridetoronto.com/about-us/contact/,verified-live,2026-07-30
ORG-00542,Harbourfront Centre,festival-events,Year-round multi-arts venue and festival producer on Toronto's waterfront (hosts TAIWANfest and other festivals),Toronto,https://harbourfrontcentre.com/contact-us/,verified-live,2026-07-30
ORG-00543,Canadian National Exhibition Association (CNE),festival-events,"18-day agricultural/community fair at Exhibition Place, Canada's largest annual community event, founded 1879",Toronto,https://www.theex.com/contact-us/,verified-live,2026-07-30
ORG-00544,Beaches International Jazz Festival,festival-events,"Month-long free jazz festival across Beaches-area parks and Queen St E StreetFest, since 1989",Toronto,https://www.beachesjazz.com/contact,verified-live,2026-07-30
ORG-00545,Toronto Biennial of Art,festival-events,"Biennial 12-week citywide contemporary art exhibition, founded 2019",Toronto,https://torontobiennial.org/contact/,verified-live,2026-07-30
ORG-00546,Toronto Downtown Jazz Society,festival-events,"Produces the TD Toronto Jazz Festival, 10 days late June/early July, 1,500+ musicians, founded 1987",Toronto,https://torontojazz.com/contact/,verified-live,2026-07-30
ORG-00547,Royal Agricultural Winter Fair,festival-events,"Indoor agricultural/equestrian fair and Royal Horse Show at Exhibition Place, founded 1922",Toronto,https://www.royalfair.org/contact/,verified-live,2026-07-30
ORG-00548,Carassauga Festival of Cultures,festival-events,"3-day Mississauga multicultural pavilion festival, 22 cultural pavilions, founded 1985",Peel,https://www.carassauga.com/contact-us/,verified-live,2026-07-30
ORG-00549,The Word On The Street Toronto,festival-events,"Free annual outdoor book and magazine festival, Canada's largest literary festival, since 1990",Toronto,https://toronto.thewordonthestreet.ca/about-us/contact-us/,verified-live,2026-07-30
ORG-00550,Carabram,festival-events,"3-day Brampton multicultural pavilion festival, since 1982; annual passport-style cultural pavilions",Peel,https://carabram.org/contact-us,verified-live,2026-07-30
ORG-00551,Luminato Festival Toronto,festival-events,"Annual June multidisciplinary contemporary arts festival, citywide programming",Toronto,https://luminatofestival.com/contact-us,verified-live,2026-07-30
ORG-00552,SummerWorks,festival-events,Indie performance festival (theatre/dance/music/live art) each August plus year-round programming,Toronto,https://summerworks.ca/contact-us/,verified-live,2026-07-30
ORG-00553,Fall for Dance North,festival-events,"International dance festival, October, low-cost/accessible ticketing model, registered charity",Toronto,https://www.ffdnorth.com/about/contact-us,verified-live,2026-07-30
ORG-00554,Small World Music Society,festival-events,"Global/world-music presenter, venue operator and artist incubator, founded 1997",Toronto,https://www.smallworldmusic.com/contact,verified-live,2026-07-30
ORG-00555,TNO - The Neighbourhood Organization,civil-society-advocacy,neighbourhood multi-service centre — Thorncliffe Park/Flemingdon Park/St. James Town/Taylor Massey,Toronto,https://tno-toronto.org/,verified-live,2026-07-30
ORG-00556,East Scarborough Storefront,civil-society-advocacy,neighbourhood multi-service centre — Kingston-Galloway-Orton Park,Toronto,https://www.thestorefront.org/,verified-live,2026-07-30
ORG-00557,Jane/Finch Centre,civil-society-advocacy,neighbourhood multi-service centre — Jane-Finch/Black Creek,Toronto,https://www.janefinchcentre.org/,verified-live,2026-07-30
ORG-00558,ACSA Community Services (Agincourt Community Services Association),civil-society-advocacy,neighbourhood multi-service centre — Agincourt/Scarborough,Toronto,https://acsa.ca/about,verified-live,2026-07-30
ORG-00559,Malvern Family Resource Centre,civil-society-advocacy,neighbourhood multi-service centre — Malvern/Scarborough,Toronto,https://www.mfrc.org/,verified-live,2026-07-30
ORG-00560,Warden Woods Community Centre,civil-society-advocacy,neighbourhood multi-service centre — Southwest Scarborough (Warden Woods),Toronto,https://wardenwoods.com/,verified-live,2026-07-30
ORG-00561,North York Community House (NYCH),civil-society-advocacy,neighbourhood multi-service centre — Northwest Toronto (North York),Toronto,https://www.nych.ca/about,verified-live,2026-07-30
ORG-00562,Working Women Community Centre,civil-society-advocacy,neighbourhood multi-service centre — Davenport/Gladstone & citywide women's hubs,Toronto,https://www.workingwomencc.org/,verified-live,2026-07-30
ORG-00563,Davenport-Perth Neighbourhood and Community Health Centre,civil-society-advocacy,neighbourhood multi-service centre — Davenport-Perth (West End Toronto),Toronto,https://www.dpnchc.ca/about,verified-live,2026-07-30
ORG-00564,Rexdale Community Hub,civil-society-advocacy,neighbourhood multi-service centre — Rexdale/North Etobicoke,Toronto,https://www.rexdalehub.org/,verified-live,2026-07-30
ORG-00565,Dixie Bloor Neighbourhood Centre,civil-society-advocacy,neighbourhood multi-service centre — Dixie-Bloor (Mississauga),Peel,https://www.dixiebloor.ca/,verified-live,2026-07-30
ORG-00566,Ghanaian Canadian Association of Ontario (GCAO),ethnocultural-diaspora,Ghanaian diaspora — cultural/community umbrella association,Toronto,https://gcaocanada.org/about-us/,verified-live,2026-07-30
ORG-00567,Nigerian Canadian Association GTA (NCA-GTA),ethnocultural-diaspora,Nigerian diaspora — cultural/community association,Toronto,https://www.ncagta.com/about-us/,verified-live,2026-07-30
ORG-00568,Tirgan (Iranian-Canadian Centre for Art and Culture),ethnocultural-diaspora,Iranian diaspora — arts & culture festival organization,Toronto,https://tirgan.ca/about/,verified-live,2026-07-30
ORG-00569,Parya Trillium Foundation,ethnocultural-diaspora,Iranian diaspora — settlement & cultural services,York,https://www.parya.org/welcome,verified-live,2026-07-30
ORG-00570,Somali Women and Children's Support Network (SWCSN),ethnocultural-diaspora,Somali diaspora — women & children support network,Toronto,https://www.somaliwomenandchildrensupportnetwork.com/,verified-live,2026-07-30
ORG-00571,C.D. Howe Institute,research-policy,economic and public policy think tank,Toronto,https://cdhowe.org/,verified-live,2026-07-30
ORG-00572,Canadian Centre for Policy Alternatives — Ontario Office,research-policy,provincial/municipal economic policy think tank — Ontario office,Toronto,https://www.policyalternatives.ca/offices/ontario,verified-live,2026-07-30
ORG-00573,The Dais (Toronto Metropolitan University),research-policy,"public policy & leadership think tank — tech, education, democracy — TMU",Toronto,https://dais.ca/contact/,verified-live,2026-07-30
ORG-00574,Institute on Municipal Finance and Governance (IMFG),research-policy,municipal finance research institute — U of T Munk School,Toronto,https://imfg.org/,verified-live,2026-07-30
ORG-00575,School of Cities (University of Toronto),research-policy,multidisciplinary urban research hub — U of T,Toronto,https://schoolofcities.utoronto.ca/contact-us/,verified-live,2026-07-30
ORG-00576,Munk School of Global Affairs & Public Policy (University of Toronto),research-policy,global affairs & public policy research school — U of T,Toronto,https://munkschool.utoronto.ca/,verified-live,2026-07-30
ORG-00577,Environics Institute for Survey Research,research-policy,public opinion & social research institute,Toronto,https://www.environicsinstitute.org/,verified-live,2026-07-30
ORG-00578,"Institute for Canadian Citizenship (operating as ""For Citizenship"")",research-policy,immigrant civic integration & citizenship research nonprofit,Toronto,https://forcitizenship.ca/,verified-live,2026-07-30
ORG-00579,Century Initiative,research-policy,population growth & demographic policy research/advocacy nonprofit,Toronto,https://www.centuryinitiative.ca/,verified-live,2026-07-30
ORG-00580,The Prosperity Project,research-policy,women's economic advancement research & advocacy charity,Toronto,https://canadianprosperityproject.ca/,verified-live,2026-07-30
ORG-00581,SVX (Social Venture Connexion),impact-investing-altruism,impact-investing platform,GTA-wide,https://svx.ca/about/,verified-live,2026-07-30
ORG-00582,Rally Assets,impact-investing-altruism,impact-investment management firm,Toronto,https://rallyassets.com/about/,verified-live,2026-07-30
ORG-00583,Realize Capital Partners,impact-investing-altruism,social-finance fund-of-funds manager,Toronto,https://realizecapitalpartners.ca/about/,verified-live,2026-07-30
ORG-00584,Responsible Investment Association (RIA),impact-investing-altruism,responsible-investment industry association,Toronto,https://www.riacanada.ca/about/,verified-live,2026-07-30
ORG-00586,Charity Intelligence Canada,impact-investing-altruism,charity research and evaluation nonprofit,Toronto,https://www.charityintelligence.ca/,verified-live,2026-07-30
ORG-00587,CanadaHelps,impact-investing-altruism,online charitable-giving platform,Toronto,https://www.canadahelps.org/en/about-canadahelps/,verified-live,2026-07-30
ORG-00588,GreenPill Toronto,impact-investing-altruism,web3 public-goods / regenerative-crypto chapter,Toronto,https://greenpill.to/,verified-live,2026-07-30
ORG-00589,Effective Altruism Toronto (EATO),impact-investing-altruism,effective-altruism community chapter,Toronto,https://forum.effectivealtruism.org/groups/WtQkyRYwftqNkPpga,verified-live,2026-07-30
ORG-00590,University of Toronto Effective Altruism (UTEA),impact-investing-altruism,campus effective-altruism chapter,Toronto,https://sop.utoronto.ca/group/university-of-toronto-effective-altruism/,verified-live,2026-07-30
ORG-00591,Environment Funders Canada,impact-investing-altruism,environmental-funders network / philanthropy infrastructure,Toronto,https://environmentfunders.ca/,verified-live,2026-07-30
ORG-00592,Clean Economy Fund,impact-investing-altruism,climate-philanthropy coordination fund,Toronto,https://www.cleaneconomyfund.ca/en/,verified-live,2026-07-30
ORG-00593,UHN Foundation,hospital-foundation,academic hospital network foundation (Toronto General & Western),Toronto,https://uhnfoundation.ca/who-we-are/contact-us/,verified-live,2026-07-30
ORG-00594,SickKids Foundation,hospital-foundation,pediatric hospital foundation,Toronto,https://www.sickkidsfoundation.com/aboutus/contactus,verified-live,2026-07-30
ORG-00595,St. Michael's Hospital Foundation,hospital-foundation,Unity Health Toronto foundation network (St. Michael's / St. Joseph's / Providence — 3 legally distinct foundations under one hospital network),Toronto,https://unityhealth.to/foundation,verified-live,2026-07-30
ORG-00597,Scarborough Health Network Foundation,hospital-foundation,multi-site community hospital foundation (3 hospitals + 8 satellite sites),Toronto,https://www.shnfoundation.ca/about-us/contact-us,verified-live,2026-07-30
ORG-00598,Humber River Health Foundation,hospital-foundation,digital hospital foundation (Hennick Humber Hospital),Toronto,https://www.hrhfoundation.ca/about/contact/,verified-live,2026-07-30
ORG-00599,Trillium Health Partners Foundation,hospital-foundation,"multi-site community/academic hospital foundation (West GTA, 3 hospital sites)",Peel,https://trilliumgiving.ca/,verified-live,2026-07-30
ORG-00600,William Osler Health System Foundation,hospital-foundation,"multi-site community hospital foundation (Brampton Civic, Etobicoke General, Peel Memorial)",Peel,https://oslerfoundation.org/contact-us/,verified-live,2026-07-30
ORG-00601,Mackenzie Health Foundation,hospital-foundation,"community hospital foundation (York Region growth market, incl. Cortellucci Vaughan Hospital)",York,https://www.mackenziehealth.ca/support-us/foundation/about-us/contact-us,verified-live,2026-07-30
ORG-00602,Markham Stouffville Hospital Foundation (Oak Valley Health),hospital-foundation,community hospital foundation network (Markham Stouffville + Uxbridge — separately registered foundations under Oak Valley Health),York,https://oakvalleyhealth.ca/foundation,verified-live,2026-07-30
ORG-00603,Lakeridge Health Foundation,hospital-foundation,"multi-site community hospital foundation (Durham Region, Oshawa/Whitby)",Durham,https://lhfoundation.ca/en/contact,verified-live,2026-07-30
ORG-00604,Oakville Hospital Foundation,hospital-foundation,"community hospital foundation (Halton Healthcare, Oakville Trafalgar Memorial)",Halton,https://oakvillehospitalfoundation.com/our-team/,verified-live,2026-07-30
ORG-00605,Joseph Brant Hospital Foundation,hospital-foundation,"community hospital foundation (Burlington, Halton)",Halton,https://jbhfoundation.ca/contact/,verified-live,2026-07-30
ORG-00606,Canadian Condominium Institute — Toronto and Area Chapter (CCI Toronto),condo-sector,condo owner/director education & advocacy chapter,Toronto,https://ccitoronto.ca/contact,verified-live,2026-07-30
ORG-00607,Association of Condominium Managers of Ontario (ACMO),condo-sector,condo property manager professional association,Peel,https://www.acmo.org/contact-us,verified-live,2026-07-30
ORG-00609,Amnesty International Toronto Organization (AITO),international-chapter,"volunteer-run grassroots Amnesty International hub for the GTA — human-rights activism, events, activist support",GTA-wide,https://www.aito.ca/,verified-live,2026-07-30
ORG-00611,Toronto Fringe,festival-events,"grassroots charitable org running Ontario's largest performance festival (Toronto Fringe Festival + KidsFest + year-round programs), est. 1989",Toronto,https://fringetoronto.com/,verified-live,2026-07-30
ORG-00613,CERC in Migration and Integration (Toronto Metropolitan University),research-policy,migration & integration research centre — TMU Canada Excellence Research Chair,Toronto,https://www.torontomu.ca/cerc-migration/,verified-live,2026-07-30
ORG-00614,CAMH Foundation,hospital-foundation,mental health & addiction hospital foundation,Toronto,https://www.camh.ca/en/driving-change/about-camh/the-role-of-camh-foundation,verified-live,2026-07-30
ORG-00615,Brampton Lions Club,fraternal-chambers,"service club — Lions, Brampton",Peel,https://e-clubhouse.org/sites/brampton/,verified-live,2026-07-30
ORG-00616,Alzheimer Society of Ontario,civil-society-advocacy,Provincial dementia-care federation; network of 27 local Alzheimer Societies across Ontario,Toronto,https://alzheimer.ca/on/en/about-us,verified-live,2026-07-30
ORG-00617,YMCA Ontario,civil-society-advocacy,Provincial umbrella representing 14 regional YMCA associations across Ontario,Toronto,https://www.ymcaontario.org/contact-us,verified-live,2026-07-30
ORG-00618,YSpace (York University),business-incubator,"pan-university entrepreneurship & innovation hub — York Region/Markham (also Toronto, Georgina)",York,https://www.yorku.ca/yspace/about-us/,verified-live,2026-07-30
ORG-00619,The Michener Institute of Education at UHN,education-training,hospital-affiliated public post-secondary institute — sole Canadian institution devoted exclusively to health sciences education,Toronto,https://www.uhn.ca/Education/Michener_Institute,verified-live,2026-07-30
ORG-00700,Royal Ontario Museum (ROM),arts-culture,"flagship institution — self-described as Canada's largest and most comprehensive museum, among the top 10 cultural institutions in North America; 18 million-object collection across 40 galleries",Toronto,https://www.rom.on.ca/en/contact-us,verified-live,2026-07-30
ORG-00702,Canadian Opera Company,arts-culture,"flagship institution — self-described as the largest producer of opera in Canada and one of the largest in North America; resident at the Four Seasons Centre for the Performing Arts, which it calls 'one of the finest in the world'",Toronto,https://www.coc.ca/support,verified-live,2026-07-30
ORG-00703,Toronto Symphony Orchestra,arts-culture,flagship institution — Toronto's professional symphony orchestra; site cites the orchestra's first-ever JUNO win (Turangalîla-Symphonie) as a historic milestone,Toronto,https://www.tso.ca/footer-links/contact-us,verified-live,2026-07-30
ORG-00704,National Ballet of Canada,arts-culture,"flagship institution — Canada's national ballet company, resident at the Four Seasons Centre for the Performing Arts",Toronto,https://national.ballet.ca/about-us/meet-us/,verified-live,2026-07-30
ORG-00705,Canadian Stage,arts-culture,flagship institution — self-described mission to be the leading contemporary performing-arts organization in the country; a 2016 production was named 'best dance show of the 21st century' by The Guardian per the org's own materials,Toronto,https://www.canadianstage.com/about/contact-us,verified-live,2026-07-30
ORG-00707,The Royal Conservatory of Music (Koerner Hall),arts-culture,flagship institution — national music education institution and performance venue; support materials describe it as 'The Cultural Engine of Canada',Toronto,https://www.rcmusic.com/about-us/contact-us,verified-live,2026-07-30
ORG-00708,Bata Shoe Museum,arts-culture,"flagship institution — self-described as home to the world's largest and most comprehensive collection of shoes and footwear-related objects, spanning 4,500 years; nearly 15,000 objects held",Toronto,https://batashoemuseum.ca/staff-and-contacts/,verified-live,2026-07-30
ORG-00709,Canada's National Ballet School,arts-culture,flagship institution — professional ballet training school; site states it prepares young dancers 'for careers on the world stage',Toronto,https://www.nbs-enb.ca/support-us/donate-to-nbs/,verified-live,2026-07-30
ORG-00710,Gardiner Museum,arts-culture,flagship institution — self-described as holding 'world-renowned collections of ceramics',Toronto,https://gardinermuseum.on.ca/the-museum/contact-us/,verified-live,2026-07-30
ORG-00711,Soulpepper Theatre,arts-culture,"flagship institution — self-described as 'Toronto's Civic Theatre,' housed in a 19th-century Victorian-era tankhouse in the Distillery District",Toronto,https://soulpepper.ca/support-us/,verified-live,2026-07-30
ORG-00712,Museum of Contemporary Art Toronto (MOCA),arts-culture,"flagship institution — self-described ambition to be 'ambitiously inclusive, interdisciplinary, and internationally renowned' through its work with artists",Toronto,https://moca.ca/about/staff-and-board/,verified-live,2026-07-30
ORG-00713,Aga Khan Museum,arts-culture,"flagship institution — museum of Islamic, Iranian, and Muslim-civilizations art; permanent collection of over 1,200 masterpieces spanning the 9th to 21st centuries",Toronto,https://ticketing.agakhanmuseum.org/donate/contribute1?ct=17,verified-live,2026-07-30
ORG-00714,Tafelmusik Baroque Orchestra,arts-culture,flagship institution — self-described as 'a world-renowned period orchestra and choir in the heart of Toronto',Toronto,https://tafelmusik.org/about/contact/,verified-live,2026-07-30
ORG-00715,The Power Plant Contemporary Art Gallery,arts-culture,"flagship institution — contemporary art gallery at Harbourfront Centre, operating as the registered charity 'The Art Gallery at Harbourfront'",Toronto,https://thepowerplant.org/about,verified-live,2026-07-30
ORG-00716,Vector Institute for Artificial Intelligence,research-science,"AI research institute; global leader in machine learning, ~950-962 affiliated researchers/faculty",Toronto,https://vectorinstitute.ai/about/contact/,verified-live,2026-07-30
ORG-00717,CIFAR (Canadian Institute for Advanced Research),research-science,"Global multidisciplinary research network HQ'd in Toronto; AI, quantum computing, health; 23 Nobel-laureate affiliates",Toronto,https://cifar.ca/contact-us/,verified-live,2026-07-30
ORG-00718,Fields Institute for Research in Mathematical Sciences,research-science,Mathematical sciences research institute; internationally renowned hub for Canadian math research and start-up incubation,Toronto,https://www.fields.utoronto.ca/people-and-contacts,verified-live,2026-07-30
ORG-00719,Ontario Institute for Cancer Research (OICR),research-science,Translational cancer research institute; provincewide cancer-research funding and discovery hub,Ontario,https://oicr.on.ca/contact-us/,verified-live,2026-07-30
ORG-00720,Lunenfeld-Tanenbaum Research Institute (Sinai Health),research-science,"Biomedical research institute; self-described as one of the world's top biomedical research institutes (systems biology, regenerative medicine, complex disease)",Toronto,https://www.lunenfeld.ca/?page=contact-us,verified-live,2026-07-30
ORG-00721,Ontario Genomics,research-science,Genomics research funding/coordination nonprofit; drives applied genomics commercialization provincewide,Ontario,https://www.ontariogenomics.ca/contact-us/,verified-live,2026-07-30
ORG-00722,Donnelly Centre for Cellular and Biomolecular Research (University of Toronto),research-science,"Cellular & biomolecular research institute; global interdisciplinary hub for genomic technology, computational biology and AI",Toronto,https://thedonnellycentre.utoronto.ca/contact-us,verified-live,2026-07-30
ORG-00723,Ontario Brain Institute,research-science,Neuroscience/brain research institute; provincial hub for brain-research commercialization and care,Ontario,https://braininstitute.ca/contact-us,verified-live,2026-07-30
ORG-00724,Structural Genomics Consortium (SGC) - Toronto HQ,research-science,Open-science structural genomics / drug-discovery consortium; Toronto-headquartered global charity,Toronto,https://www.thesgc.org/contact-us,verified-live,2026-07-30
ORG-00725,Rotman Research Institute at Baycrest,research-science,Neuroscience research institute on aging brain & dementia; self-described preeminent international centre for aging brain research,Toronto,https://www.baycrest.org/contact-us,verified-live,2026-07-30
ORG-00726,ICES (Institute for Clinical Evaluative Sciences),research-science,Population-based health data science research institute; analyzes Ontario-wide health system data,Ontario,https://www.ices.on.ca/contact-us/,verified-live,2026-07-30
ORG-00727,Toronto Zoo Wildlife Conservancy,environment-climate,conservation charity/volunteer arm — Toronto Zoo,Toronto,https://wildlifeconservancy.ca/contact-us/,verified-live,2026-07-30
ORG-00728,Friends of the Rouge Watershed,environment-climate,conservation charity/volunteer arm — Rouge National Urban Park,GTA-wide,https://www.frw.ca/,verified-live,2026-07-30
ORG-00729,Toronto Botanical Garden,environment-climate,"botanical garden — independent registered charity (Edwards Gardens, Don Mills)",Toronto,https://torontobotanicalgarden.ca/about/contact/,verified-live,2026-07-30
ORG-00730,Royal Botanical Gardens,environment-climate,botanical garden — Canada's largest botanical garden,Halton,https://www.rbg.ca/contact-us/,verified-live,2026-07-30
ORG-00731,Toronto and Region Conservation Foundation,environment-climate,conservation charity/volunteer arm — Toronto and Region Conservation Authority (TRCA),GTA-wide,https://foundation.trca.ca/contact/,verified-live,2026-07-30
ORG-00732,High Park Nature Centre,environment-climate,conservation charity/volunteer arm — High Park,Toronto,https://highparknaturecentre.com/contact/,verified-live,2026-07-30
ORG-00733,Red Patch Boys,sport-recreation,supporters' group — Toronto FC,Toronto,https://www.torontofc.ca/club/supporters/red-patch-boys,verified-live,2026-07-30
ORG-00734,Original 109,sport-recreation,supporters' group — Toronto FC,Toronto,https://www.original109.ca/contact-us/,verified-live,2026-07-30
ORG-00735,Kings in the North,sport-recreation,supporters' group — Toronto FC,Toronto,https://kings116.ca/,verified-live,2026-07-30
ORG-00736,Tribal Rhythm Nation,sport-recreation,supporters' group — Toronto FC,Toronto,https://www.tribalrhythmnation.com/contact.html,verified-live,2026-07-30
ORG-00737,Canada Running Series,sport-recreation,world-class event organizer — TCS Toronto Waterfront Marathon,Toronto,https://canadarunningseries.com/contact/,verified-live,2026-07-30
ORG-00738,Tennis Canada,sport-recreation,world-class event organizer — National Bank Open,Toronto,https://www.tenniscanada.com/contact-us,verified-live,2026-07-30
ORG-00739,Toronto Chinese Business Association,sport-recreation,world-class event organizer — Toronto International Dragon Boat Race Festival,Toronto,https://www.dragonboats.com/about-us,verified-live,2026-07-30
ORG-00740,Hockey Hall of Fame,sport-recreation,world-class event organizer — Hockey Hall of Fame Induction Weekend,Toronto,https://www.hhof.com/general/corporateinfo.html,verified-live,2026-07-30
ORG-00741,Toronto Multisport Festival (Toronto Triathlon Festival / 10KTO),sport-recreation,world-class event organizer — Toronto Triathlon Festival,Toronto,https://torontomultisportfestival.com/,verified-live,2026-07-30
ORG-00742,Music Africa of Canada Inc.,festival-events,African music & culture; free outdoor festival (Afrofest); billed largest free African music festival in North America,Toronto,https://www.afrofest.ca/contactus,verified-live,2026-07-30
ORG-00743,Batuki Music Society,festival-events,African music/arts presenter; year-round concert series + Habari Africa Festival at Harbourfront,Toronto,https://batukimusic.com/site2/en/contact/,verified-live,2026-07-30
ORG-00744,Lula Music and Arts Centre (Lula Lounge),festival-events,"Latin/Brazilian/jazz music venue + presenter; Lulaworld annual festival, 20th edition 2026",Toronto,https://www.lulaworld.ca/,verified-live,2026-07-30
ORG-00745,Ashkenaz Foundation,festival-events,"Jewish/Yiddish global music & culture; biennial Ashkenaz Festival at Harbourfront Centre, ~90% free programming",Toronto,https://ashkenaz.ca/contact-us,verified-live,2026-07-30
ORG-00746,Canadian Salsa Festivals Project,festival-events,"Latin/salsa street festival producer; TD Salsa on St. Clair, running since 2005",Toronto,https://salsaintoronto.com/,verified-live,2026-07-30
ORG-00747,Toronto International Brazilfest (Itabras Entertainment Productions Inc.),festival-events,"Brazilian music/dance/cuisine free street festival; 20+ years running, billed largest Brazilian cultural festival in Canada",Toronto,https://brazilfest.ca/,verified-live,2026-07-30
ORG-00748,Toronto Ukrainian Festival (Bloor West Village),festival-events,Ukrainian heritage street festival; billed North America's largest Ukrainian street festival,Toronto,https://ukrainianfestival.com/contacts/,verified-live,2026-07-30
ORG-00749,Federation of Chinese Canadians in Markham (FCCM),festival-events,"Pan-Asian food/culture street festival; Taste of Asia, Markham, annual in June",York,https://fccm.ca/contact-us-2/,verified-live,2026-07-30
ORG-00750,ArtsXplosion,festival-events,Pan-American (40+ nations) food & music festival; PanamFest at Nathan Phillips Square,Toronto,https://panamfest.com/contact,verified-live,2026-07-30
ORG-00751,Uma Nota Culture,festival-events,Afro-Brazilian/Latin/Caribbean music presenter; monthly event series + festivals/block parties since 2007,Toronto,https://www.umanota.ca/the-mission,verified-live,2026-07-30
ORG-00752,Arts for Canadians Tomorrow Society (Toronto TAIWANfest),festival-events,"Taiwanese culture festival at Harbourfront Centre; independently organized, own org domain; free admission, annual",Toronto,https://torontotaiwanfest.ca/subscribe-contact-us/,verified-live,2026-07-30
ORG-00753,Toronto Mendelssohn Choir,arts-culture,"choir/ensemble — historic symphonic chorus, est. 1895",Toronto,https://www.tmchoir.org/,verified-live,2026-07-30
ORG-00754,Choir! Choir! Choir!,arts-culture,"choir/ensemble — mass drop-in participatory singing phenomenon, est. 2011",Toronto,https://www.choirchoirchoir.com/,verified-live,2026-07-30
ORG-00755,Toronto Children's Chorus,arts-culture,"choir/ensemble — youth training & performance chorus, est. 1978",Toronto,https://www.torontochildrenschorus.com/,verified-live,2026-07-30
ORG-00756,Canadian Children's Opera Company,arts-culture,"choir/ensemble — children's opera company, est. 1968",GTA-wide,https://www.canadianchildrensopera.com/,verified-live,2026-07-30
ORG-00757,Elmer Iseler Singers,arts-culture,"choir/ensemble — professional chamber choir, est. 1979",Toronto,https://www.elmeriselersingers.com/,verified-live,2026-07-30
ORG-00758,Nathaniel Dett Chorale,arts-culture,"choir/ensemble — professional Afrocentric music chorale, est. 1998",Toronto,https://nathanieldettchorale.org/,verified-live,2026-07-30
ORG-00759,Amadeus Choir of Greater Toronto,arts-culture,"choir/ensemble — community concert choir, est. 1970s (50+ years)",GTA-wide,https://amadeuschoir.com/,verified-live,2026-07-30
ORG-00760,Orpheus Choir of Toronto,arts-culture,"choir/ensemble — community concert choir, est. c.1965 (60th anniversary)",GTA-wide,https://orpheuschoirtoronto.com/,verified-live,2026-07-30
ORG-00761,Pax Christi Chorale,arts-culture,"choir/ensemble — large auditioned community choir, est. pre-1988",GTA-wide,https://www.paxchristichorale.org/,verified-live,2026-07-30
ORG-00762,VIVA Singers Toronto,arts-culture,"choir/ensemble — family-of-choirs, inclusion-focused, est. 2000",Toronto,https://www.vivasingerstoronto.com/,verified-live,2026-07-30
ORG-00763,Echo Women's Choir,arts-culture,"choir/ensemble — non-audition women's community choir, est. 1991",Toronto,https://www.echochoir.ca/,verified-live,2026-07-30
ORG-00764,Toronto Welsh Male Voice Choir,arts-culture,"choir/ensemble — Welsh male-voice cultural choir, est. 1995",GTA-wide,https://torontowelshchoir.com/,verified-live,2026-07-30
ORG-00765,Univox Choir (Vox Choirs),arts-culture,choir/ensemble — non-auditioned young-adult a cappella choir,Toronto,https://www.voxchoirs.com/,verified-live,2026-07-30
ORG-00766,Toronto International Festival of Authors (TIFA),arts-culture,"national/international literary festival, est. 1974, independent charity (verified separate from Harbourfront Centre)",Toronto,https://festivalofauthors.ca/about-tifa/,verified-live,2026-07-30
ORG-00767,PEN Canada,arts-culture,"free-expression and writers'-rights organization, Toronto chapter of PEN International network",Toronto,https://pencanada.ca/contact/,verified-live,2026-07-30
ORG-00768,The Writers' Union of Canada (TWUC),arts-culture,"national professional union of published writers, est. 1973",Toronto,https://writersunion.ca/contact-us,verified-live,2026-07-30
ORG-00769,League of Canadian Poets (LCP),arts-culture,"national professional association for poets, est. 1966",Toronto,https://poets.ca/about/,verified-live,2026-07-30
ORG-00770,Griffin Poetry Prize / The Griffin Trust for Excellence in Poetry,arts-culture,world's largest international poetry prize; annual winner readings/gala held in Toronto,Toronto,https://www.griffinpoetryprize.com/contact/,verified-live,2026-07-30
ORG-00771,Editors Toronto (branch of Editors Canada),arts-culture,GTA regional branch of national editing-profession association,Toronto,https://toronto.editors.ca/contact-us/,verified-live,2026-07-30
ORG-00772,Royal Canadian Institute for Science (RCIScience),research-science,"Canada's oldest scientific society, est. 1849; public science talks, RCITalks archive, science-communication training",Toronto,https://www.rciscience.ca/contact,verified-live,2026-07-30
ORG-00774,Massey College (University of Toronto),arts-culture,"graduate residential college and public-intellectual community, est. 1963, fellowships and public programming",Toronto,https://masseycollege.ca/about/contact-us/,verified-live,2026-07-30
ORG-00775,Diaspora Dialogues,arts-culture,"mentorship, publishing and public-presentation org for diverse/Indigenous emerging writers, est. 2005, active (20th-anniversary campaign live)",Toronto,https://diasporadialogues.com/contact-us/,verified-live,2026-07-30
ORG-00776,The Festival of Literary Diversity (FOLD),arts-culture,"Canada's first festival devoted to underrepresented authors/storytellers, est. 2014, plus FOLD Kids and FOLD Academy programs",Peel,https://thefoldcanada.org/contact/,verified-live,2026-07-30
ORG-00777,MusicOntario,media-production,provincial music industry association,Toronto,https://www.music-ontario.ca/contact,verified-live,2026-07-30
ORG-00778,Charles Street Video,media-production,artist-run media production centre,Toronto,https://charlesstreetvideo.com/contact/,verified-live,2026-07-30
ORG-00779,Michael Garron Hospital Foundation,hospital-foundation,hospital foundation - fundraising/philanthropy,Toronto,https://mghf.ca/about-us/contact-us,verified-live,2026-07-30
ORG-00780,North York General Foundation,hospital-foundation,hospital foundation - fundraising/philanthropy,Toronto,https://nyghfoundation.ca,verified-live,2026-07-30
ORG-00781,Roncesvalles Village BIA,business-improvement-area,neighbourhood main-street BIA,Toronto,https://roncesvallesvillage.ca,verified-live,2026-07-30
ORG-00782,The Waterfront BIA,business-improvement-area,waterfront district BIA,Toronto,https://waterfrontbia.com,verified-live,2026-07-30
ORG-00783,The Junction BIA,business-improvement-area,neighbourhood main-street BIA,Toronto,https://torontojunction.ca,verified-live,2026-07-30
ORG-00784,Emery Village BIA,business-improvement-area,employment-area BIA (Canada's largest by area/business count),Toronto,https://emeryvillagebia.ca,verified-live,2026-07-30
ORG-00785,Halton Hills Chamber of Commerce,fraternal-chambers,regional chamber of commerce,Halton,https://business.haltonhillschamber.on.ca/contact-us,verified-live,2026-07-30
ORG-00786,Creative Destruction Lab (CDL),business-incubator,"nonprofit objectives-based program for massively scalable seed-stage science/tech companies — founded at Rotman (U of T), global multi-site network run from Toronto",Toronto,https://creativedestructionlab.com/,verified-live,2026-07-30
ORG-00787,Culinary Tourism Alliance (Feast On®),culinary-food-culture,culinary-tourism industry association; administers Feast On local-food certification program,Toronto,https://www.culinarytourismalliance.com/contact-us,verified-live,2026-07-30
ORG-00788,Restaurants Canada,culinary-food-culture,"national foodservice-industry trade association, Toronto HQ",Toronto,https://www.restaurantscanada.org/about-us/,verified-live,2026-07-30
ORG-00789,VegTO (Toronto Vegetarian Association),culinary-food-culture,"vegan/vegetarian lifestyle nonprofit, registered charity (founded 1945, rebranded VegTO)",Toronto,https://www.veg.ca/contact,verified-live,2026-07-30
ORG-00790,Slow Food Toronto,culinary-food-culture,local convivium/chapter of the international Slow Food movement,Toronto,https://www.slowfoodto.org/contact/,verified-live,2026-07-30
ORG-00791,Farmers' Markets Ontario (FMO),culinary-food-culture,"provincial farmers'-market umbrella association (member-market services, insurance, advocacy)",Ontario,https://www.farmersmarketsontario.com/,verified-live,2026-07-30
ORG-00793,Ontario Craft Brewers (OCB),culinary-food-culture,"craft-brewery industry trade association, Toronto HQ",Toronto,https://ontariocraftbrewers.com/about/,verified-live,2026-07-30
ORG-00794,Ontario Craft Wineries (OCW),culinary-food-culture,"VQA winery industry trade association (Niagara, Prince Edward County, Lake Erie North Shore + emerging regions)",Ontario,https://ontariocraftwineries.ca/about/,verified-live,2026-07-30
ORG-00796,Obsidi (rebrand of BPTN — Black Professionals in Tech Network),ethnocultural-diaspora,"professional network — Black tech & business professionals + 120,000+ members",Toronto,https://obsidi.com/contact-us,verified-live,2026-07-30
ORG-00797,TiE Toronto (The Indus Entrepreneurs),ethnocultural-diaspora,"professional network — South Asian/Indus entrepreneurship + chapter of 15,000-member global network",Toronto,https://toronto.tie.org/contact-2/,verified-live,2026-07-30
ORG-00798,Canadian Association of Urban Financial Professionals (CAUFP),ethnocultural-diaspora,professional network — Black financial-services (Bay Street) professionals + 20-year track record,Toronto,https://caufp.ca/about-us/,verified-live,2026-07-30
ORG-00799,Black Business and Professional Association (BBPA),ethnocultural-diaspora,"professional network — Black business & professional excellence + national reach, registered charity since 1983",Toronto,https://bbpa.org/contact-us/,verified-live,2026-07-30
ORG-00800,Hispanotech.ca,ethnocultural-diaspora,professional network — Hispanic/Latino STEM & tech professionals + 100% volunteer-run,Toronto,https://www.hispanotech.ca/contacts,verified-live,2026-07-30
ORG-00801,VersaFi (rebrand of Women in Capital Markets / WCM),ethnocultural-diaspora,professional network — women in Canadian capital markets/finance + national reach,Toronto,https://versafi.ca/contact,verified-live,2026-07-30
ORG-00802,Monday Girl,ethnocultural-diaspora,"professional network — women's career/mentorship platform + 5,000+ members",GTA-wide,https://joinmondaygirl.com/about,verified-live,2026-07-30
ORG-00803,Canadian Black Chamber of Commerce (CBCC),ethnocultural-diaspora,"professional network — Black business chamber + national hub, founded 2018/launched 2019",Toronto,https://blackchamber.ca/contact/,verified-live,2026-07-30
ORG-00804,"Council of African Professionals (CAP, evolution of the Council of Nigerian Professionals / CNP)",ethnocultural-diaspora,"professional network — African/Nigerian diaspora professionals + 8-year track record, multi-region",GTA-wide,https://www.capngo.ca/about-us,verified-live,2026-07-30
ORG-00806,Somali Professionals,ethnocultural-diaspora,"professional network — Somali diaspora professionals + national community, Toronto presence",GTA-wide,https://somaliprofessionals.ca/,verified-live,2026-07-30
ORG-00807,Iranian Canadian Network (IC Network),ethnocultural-diaspora,professional network — Iranian Canadian employment & entrepreneurship mentoring + operating since 2002,Toronto,https://www.icnetwork.ca/contact-us,verified-live,2026-07-30
ORG-00808,LAMBA (Latin American MBA Network),ethnocultural-diaspora,"professional network — Latin American MBA alumni + multi-chapter (Toronto hub, Ottawa chapter)",GTA-wide,https://www.lambanet.ca/index.php/contact-us,verified-live,2026-07-30
ORG-00809,Canadian International Council (CIC) — Toronto Branch,research-policy,"national foreign-affairs membership council, HQ at 45 Willcocks St, Toronto; volunteer-run Toronto chapter runs 12-15 events/year",Toronto,https://thecic.org/toronto/,verified-live,2026-07-30
ORG-00810,NATO Association of Canada (NAOC),research-policy,"national NGO promoting public understanding of NATO; national office at 25 Imperial St, Toronto",Toronto,https://natoassociation.ca/about-us/contact-us/,verified-live,2026-07-30
ORG-00811,G7 Research Group / G20 Research Group (University of Toronto),research-policy,"university-based academic research institute on G7/G20 global governance, Trinity College, U of T (founded 1987)",Toronto,https://www.g7.utoronto.ca/about/index.html,verified-live,2026-07-30
ORG-00812,Young Diplomats of Canada (YDC),research-policy,"national youth-led foreign-policy org, HQ Toronto; sends delegations to UN/WTO/Y7/Y20",Toronto,https://www.youngdiplomats.ca/,verified-live,2026-07-30
ORG-00813,Canada India Foundation (CIF),research-policy,national Canada-India bilateral-relations org; GTA-headquartered (Mississauga) with active Toronto chapter/events,Toronto,https://canadaindiafoundation.com/,verified-live,2026-07-30
ORG-00814,Alliance Française de Toronto,international-cultural-institute,"France official cultural/language institute — Toronto branch (Alliance Française network); French language courses all levels, TEF/TCF exam prep, exhibitions, concerts, film screenings",Toronto,https://www.alliance-francaise.ca/en/who/contact-us,verified-live,2026-07-30
ORG-00815,Goethe-Institut Toronto,international-cultural-institute,"Germany official cultural/language institute — Toronto branch; German language courses, Goethe-Zertifikat exams, Media Lounge library, Goethe Space cultural venue (exhibitions, film, panels), teacher training across 5 provinces",Toronto,https://www.goethe.de/ins/ca/en/sta/tor/ueb.html,verified-live,2026-07-30
ORG-00816,Istituto Italiano di Cultura Toronto,international-cultural-institute,"Italy official cultural/language institute — Toronto branch (Cultural Section, Consulate General of Italy, est. 1976); Italian language courses via learnitalian.ca, exhibitions, book talks, film screenings",Toronto,https://iictoronto.esteri.it/en/,verified-live,2026-07-30
ORG-00818,Camões – Centro de Língua Portuguesa em Toronto,international-cultural-institute,"Portugal official cultural/language institute (Camões, I.P.) — Toronto branch hosted at University of Toronto's Victoria College (est. 2018); Portuguese language courses (European & Brazilian), CAPLE exam prep, library, cultural events",Toronto,https://camoestoronto.wordpress.com/,verified-live,2026-07-30
ORG-00819,"TECO Culture Centre, Toronto",international-cultural-institute,"Taiwan official cultural centre — Toronto branch (Culture Centre, Taipei Economic and Cultural Office, est. 1989, Scarborough facility since 1994); Mandarin-language teaching support via Taiwan Center for Mandarin Learning, cultural events/exhibitions (e.g. annual Taiwan Night)",Toronto,https://www.roc-taiwan.org/cayyz_en/post/45.html,verified-live,2026-07-30
ORG-00820,HackLab.TO,maker-third-space,"member-run hackerspace/makerspace (est. ~2008, 3D printing/laser/electronics)",Toronto,https://hacklab.to/contact/,verified-live,2026-07-30
ORG-00821,Site 3 coLaboratory,maker-third-space,"volunteer-run makerspace, woodworking/metalworking/3D printing/electronics, Ossington & Bloor",Toronto,https://www.site3.ca/,verified-live,2026-07-30
ORG-00822,InterAccess,maker-third-space,"electronic media arts centre, gallery & production studio, registered charity, est. 1983",Toronto,https://www.interaccess.org/staff-contact,verified-live,2026-07-30
ORG-00823,Toronto Animated Image Society (TAIS),maker-third-space,"artist-run independent-animation production centre with 5 private studios, est. 1984",Toronto,https://tais.ca/contact,verified-live,2026-07-30
ORG-00824,Hand Eye Society,maker-third-space,"videogame-arts nonprofit, founded 2009, among the world's oldest orgs of its kind",Toronto,https://www.handeyesociety.com/,verified-live,2026-07-30
ORG-00825,Gamma Space,maker-third-space,"nonprofit game-dev co-op & community space (successor to Bento Miso, transitioned 2016); registered co-op no. 839164-5; runs Cooperative Foundations/Ghost Guild programs with Baby Ghosts, 80+ indie devs supported since 2023",Toronto,https://www.gammaspace.ca/,verified-live,2026-07-30
ORG-00826,Artscape,maker-third-space,"arts-space developer/operator; parent Toronto Artscape Inc. entered receivership Aug 2023; City of Toronto and a new nonprofit, ArtHubs Toronto Inc., took over operation of its community hubs (Daniels Spectrum, Wychwood Barns, Gibraltar Point) from Nov 2023; artscape.ca remains live, status is transitional/successor-operated rather than a clean continuation of the original org",Toronto,https://www.artscape.ca/about-us/,verified-live,2026-07-30
ORG-00827,401 Richmond (Urbanspace Property Group),maker-third-space,"heritage arts-building steward, ~150 artists/orgs/galleries housed; org form note: 401 Richmond is a mission-driven private property manager (Urbanspace Property Group), not an artist-run collective itself",Toronto,https://401richmond.com/contact/,verified-live,2026-07-30
ORG-00828,Long Winter,maker-third-space,"pay-what-you-can, all-ages inter-arts/music series (multi-room, multi-venue), running since ~2013, now in Year 14+",Toronto,https://www.torontolongwinter.com/,verified-live,2026-07-30
ORG-00829,Toronto Media Arts Centre (TMAC),maker-third-space,"self-described artist-run art/tech hub at 32 Lisgar St; honest status note: site headline reads ""City Returns to REOI for 32 Lisgar — Again,"" reflecting an active, unresolved dispute with the City of Toronto over continued occupancy of the space as of 2026",Toronto,https://www.tomediaarts.org/,verified-live,2026-07-30
ORG-00830,Xpace Cultural Centre,maker-third-space,"OCAD Student Union-supported artist-run centre for emerging/student artists, designers, curators, writers",Toronto,https://www.xpace.info/about/,verified-live,2026-07-30
ORG-00831,Whippersnapper Gallery,maker-third-space,"small artist-run nonprofit gallery for emerging artists/collectives, Kensington Market, est. 2004",Toronto,https://whippersnapper.ca/about,verified-live,2026-07-30
ORG-00832,Upper Canada College,education-training,"independent school — boys' day/boarding, est. 1829",Toronto,https://www.ucc.on.ca/admission,verified-live,2026-07-30
ORG-00833,The Bishop Strachan School,education-training,"independent school — girls' day/boarding, est. 1867",Toronto,https://www.bss.on.ca/page/admissions,verified-live,2026-07-30
ORG-00834,Havergal College,education-training,"independent school — girls' day, est. 1894",Toronto,https://www.havergal.on.ca/contact-us/,verified-live,2026-07-30
ORG-00835,St. Andrew's College,education-training,"independent school — boys' day/boarding, est. 1899",York,https://www.sac.on.ca/contact-us,verified-live,2026-07-30
ORG-00836,Branksome Hall,education-training,"independent school — girls' day/boarding (IB), est. 1903",Toronto,https://branksome.on.ca/about/contact-us/,verified-live,2026-07-30
ORG-00837,Appleby College,education-training,"independent school — coed day/boarding, est. 1911",Halton,https://www.appleby.on.ca/admissions,verified-live,2026-07-30
ORG-00838,Crescent School,education-training,"independent school — boys' day, est. 1913",Toronto,https://www.crescentschool.org/how-to-apply,verified-live,2026-07-30
ORG-00839,"De La Salle College ""Oaklands""",education-training,"independent school — coed Catholic day, est. 1851",Toronto,https://www.delasalle.ca/admissions,verified-live,2026-07-30
ORG-00840,TFS – Canada's International School,education-training,"independent school — coed bilingual/IB day, est. 1962",Toronto,https://www.tfs.ca/contact,verified-live,2026-07-30
ORG-00841,Bayview Glen,education-training,"independent school — coed day, est. 1962",Toronto,https://www.bayviewglen.ca/about-us/contact-us/,verified-live,2026-07-30
ORG-00842,Holy Trinity School,education-training,independent school — coed day (est. year not stated on site),York,https://hts.on.ca/campus-admissions,verified-live,2026-07-30
ORG-00843,The York School,education-training,"independent school — coed day (IB), est. 1965 (lower-confidence: not stated on fetched homepage)",Toronto,https://www.yorkschool.com/page/contact,verified-live,2026-07-30
ORG-00844,Villanova College,education-training,"independent school — coed Catholic day, est. 1999 (lower-confidence: not stated on fetched homepage)",York,https://villanovacollege.org/about/contact-us,verified-live,2026-07-30
ORG-00845,The Country Day School,education-training,"independent school — coed day, est. 1972",York,https://www.cds.on.ca/page/admission/welcome-to-cds,verified-live,2026-07-30
ORG-00846,Conference of Independent Schools of Ontario (CIS Ontario),education-training,independent-school sector umbrella,Toronto,https://www.cisontario.ca/about-us/meet-the-team,verified-live,2026-07-30
ORG-00847,Ontario Federation of Independent Schools (OFIS),education-training,independent-school sector umbrella,Toronto,https://ofis.ca/contact-us,verified-live,2026-07-30
ORG-00848,Church-Wellesley Village BIA,business-improvement-area,BIA — Church-Wellesley Village,Toronto,https://www.churchwellesleyvillage.ca/contact,verified-live,2026-07-30
ORG-00849,Cabbagetown BIA,business-improvement-area,BIA — Cabbagetown,Toronto,https://www.cabbagetownto.com/contact,verified-live,2026-07-30
ORG-00850,Ossington Avenue BIA,business-improvement-area,BIA — Ossington Avenue,Toronto,https://www.meetmeonossington.ca/contact.html,verified-live,2026-07-30
ORG-00851,Parkdale Village BIA,business-improvement-area,BIA — Parkdale Village,Toronto,https://parkdalevillagebia.com/contact-us,verified-live,2026-07-30
ORG-00852,Bloordale Village BIA,business-improvement-area,BIA — Bloordale Village,Toronto,https://www.bloordalevillagebia.com/about.html,verified-live,2026-07-30
ORG-00853,Wexford Heights BIA,business-improvement-area,BIA — Wexford Heights,Toronto,https://www.wexfordbia.ca/aboutus,verified-live,2026-07-30
ORG-00854,Uptown Yonge BIA,business-improvement-area,BIA — Uptown Yonge,Toronto,https://www.uptownyonge.com/about-us/contact-us/,verified-live,2026-07-30
ORG-00855,Mount Pleasant Village BIA,business-improvement-area,BIA — Mount Pleasant Village,Toronto,https://mountpleasantvillage.ca/contact/,verified-live,2026-07-30
ORG-00856,The Eglinton Way BIA,business-improvement-area,BIA — The Eglinton Way,Toronto,https://www.theeglintonway.com/contact-us,verified-live,2026-07-30
ORG-00857,Forest Hill Village BIA,business-improvement-area,BIA — Forest Hill Village,Toronto,https://foresthillvillage.ca/contact-us,verified-live,2026-07-30
ORG-00858,Pape Village BIA,business-improvement-area,BIA — Pape Village,Toronto,https://papevillage.ca/contact/,verified-live,2026-07-30
ORG-00859,Oakwood Village BIA,business-improvement-area,BIA — Oakwood Village,Toronto,https://oakwoodvillage.ca/contact/,verified-live,2026-07-30
ORG-00860,Riverside District BIA,business-improvement-area,BIA — Riverside,Toronto,https://riverside-to.com/contact/,verified-live,2026-07-30
ORG-00861,Queen Street West BIA,business-improvement-area,BIA — Queen Street West,Toronto,https://queenstreetwest.ca/,verified-live,2026-07-30
ORG-00862,Rosedale Main Street BIA,business-improvement-area,BIA — Rosedale Main Street,Toronto,https://rosedalemainstreet.ca/about-us/,verified-live,2026-07-30
ORG-00863,Wychwood Heights BIA,business-improvement-area,BIA — Wychwood Heights,Toronto,https://wychwoodheight.ca/contact/,verified-live,2026-07-30
ORG-00864,Holy Blossom Temple,faith-spiritual,Judaism - Reform,GTA-wide,https://holyblossom.org/,verified-live,2026-07-30
ORG-00866,Beth Avraham Yoseph of Toronto (BAYT),faith-spiritual,Judaism - Modern Orthodox,GTA-wide,https://www.bayt.ca/contact-us,verified-live,2026-07-30
ORG-00867,The Peoples Church,faith-spiritual,Christianity - Evangelical,GTA-wide,https://thepeopleschurch.ca/,verified-live,2026-07-30
ORG-00868,Catch The Fire Church Toronto,faith-spiritual,Christianity - Charismatic/Pentecostal,GTA-wide,https://ctftoronto.com/contact-us,verified-live,2026-07-30
ORG-00869,Noor Cultural Centre,faith-spiritual,Islam - Cultural & Educational Centre,GTA-wide,https://noorculturalcentre.ca/,verified-live,2026-07-30
ORG-00870,Sayeda Khadija Centre,faith-spiritual,Islam - Mosque/Community Centre,GTA-wide,http://www.sayedakhadijacentre.com/,verified-live,2026-07-30
ORG-00871,Sringeri Vidya Bharati Foundation (SVBF North),faith-spiritual,"Hinduism - Temple (Sanatana Dharma, Sringeri-affiliated)",GTA-wide,https://www.svbfnorth.org/,verified-live,2026-07-30
ORG-00872,Canadian Mar Thoma Church Toronto,faith-spiritual,Christianity - Mar Thoma Syrian,GTA-wide,https://canadianmarthomachurch.com/,verified-live,2026-07-30
ORG-00873,St. James Cathedral (Anglican),faith-spiritual,Christianity - Anglican Cathedral,GTA-wide,https://stjamescathedral.ca/about/,verified-live,2026-07-30
ORG-00874,St. Michael's Cathedral Basilica,faith-spiritual,Christianity - Roman Catholic Cathedral,GTA-wide,https://stmichaelscathedral.archtoronto.org/,verified-live,2026-07-30
ORG-00875,Metropolitan Community Church of Toronto,faith-spiritual,Christianity - LGBTQ-affirming (MCC),GTA-wide,https://www.mcctoronto.com/,verified-live,2026-07-30
ORG-00877,Caribbean Camera,community-media,"community outlet — Black/Caribbean, weekly newspaper, est. 1990",GTA-wide,https://thecaribbeancamera.com/about/,verified-live,2026-07-30
ORG-00878,Sing Tao (Toronto / Sing Tao Media Group Canada),community-media,"community outlet — Chinese, multi-platform digital/radio (print ended 2022), est. 1978",GTA-wide,https://www.singtao.ca/contact-us-toronto/,verified-live,2026-07-30
ORG-00879,Korea Times Daily (Toronto),community-media,"community outlet — Korean, daily newspaper, est. 1971",Toronto,https://www.koreatimes.net/,verified-live,2026-07-30
ORG-00880,Parvasi Media Group,community-media,"community outlet — Punjabi/South Asian, weekly newspaper + radio, est. 2002",Peel,https://parvasinewspaper.com/,verified-live,2026-07-30
ORG-00881,Y Media Group (South Asian Daily),community-media,"community outlet — South Asian, multi-platform TV/radio/print/digital, est. 2001",GTA-wide,https://southasiandaily.com/contact-us/,verified-live,2026-07-30
ORG-00882,Canada Uthayan,community-media,"community outlet — Tamil, weekly newspaper, est. 1996",Toronto,https://uthayannews.ca/contact,verified-live,2026-07-30
ORG-00883,Russian Express (Toronto Express Weekly Newspaper),community-media,"community outlet — Russian, weekly newspaper, est. 1996",GTA-wide,https://russianexpress.net/,verified-live,2026-07-30
ORG-00884,Corriere Canadese,community-media,"community outlet — Italian, daily newspaper, est. 1954",GTA-wide,https://www.corriere.ca/contact-us/,verified-live,2026-07-30
ORG-00885,Milénio Stadium,community-media,"community outlet — Portuguese, weekly newspaper, est. ~1994 (30+ yrs, owned by MDC Media Group Inc.)",Toronto,https://mileniostadium.com/,verified-live,2026-07-30
ORG-00886,Balita,community-media,"community outlet — Filipino, biweekly newspaper, est. 1978",GTA-wide,https://www.balita.ca/about/,verified-live,2026-07-30
ORG-00887,West End Phoenix,community-media,"community outlet — Toronto west-end general, print broadsheet ~10x/yr, est. 2017",Toronto,https://www.westendphoenix.com/about-us,verified-live,2026-07-30
ORG-00888,The Local,community-media,"community outlet — Toronto/GTA general, nonprofit quarterly magazine, est. 2019",GTA-wide,https://thelocal.to/about/,verified-live,2026-07-30
ORG-00889,The Green Line,community-media,"community outlet — Toronto GenZ/Millennial general, digital solutions journalism, est. 2022",Toronto,https://thegreenline.to/,verified-live,2026-07-30
ORG-00891,Roots Community Services,civil-society-advocacy,"multi-service community agency — children, youth, women & seniors",Peel,https://www.rootscs.org,verified-live,2026-07-30
ORG-00893,Community Living Mississauga,civil-society-advocacy,multi-service community agency — intellectual disability supports,Peel,https://www.clmiss.ca,verified-live,2026-07-30
ORG-00894,Welcome Centre Immigrant Services,civil-society-advocacy,multi-service community agency — newcomer settlement (York/Durham),York,https://www.welcomecentre.ca,verified-live,2026-07-30
ORG-00895,360°kids,civil-society-advocacy,multi-service community agency — youth homelessness prevention,York,https://www.360kids.ca,verified-live,2026-07-30
ORG-00896,Blue Door,civil-society-advocacy,multi-service community agency — housing & homelessness (York/Durham),York,https://www.bluedoor.ca,verified-live,2026-07-30
ORG-00897,CHATS - Community & Home Assistance to Seniors,civil-society-advocacy,multi-service community agency — seniors home & community care,York,https://www.chats.on.ca,verified-live,2026-07-30
ORG-00898,Durham Community Health Centre (formerly Carea Community Health Centre),civil-society-advocacy,multi-service community agency — primary health & wellness,Durham,https://www.durhamchc.ca,verified-live,2026-07-30
ORG-00899,Community Living Durham North,civil-society-advocacy,multi-service community agency — intellectual disability supports,Durham,https://www.cldn.ca,verified-live,2026-07-30
ORG-00900,The Refuge Youth Outreach Centre,civil-society-advocacy,multi-service community agency — youth homelessness & basic needs,Durham,https://www.refugeoutreach.com,verified-live,2026-07-30
ORG-00901,Halton Women's Place,civil-society-advocacy,multi-service community agency — violence-against-women shelter & outreach,Halton,https://www.haltonwomensplace.com,verified-live,2026-07-30
ORG-00902,Home Suite Hope,civil-society-advocacy,multi-service community agency — family housing stability,Halton,https://www.homesuitehope.org,verified-live,2026-07-30
ORG-00903,Reach Out Centre for Kids (ROCK),civil-society-advocacy,multi-service community agency — child & youth mental health,Halton,https://www.rockonline.ca,verified-live,2026-07-30
ORG-00904,Food4Kids Halton,civil-society-advocacy,multi-service community agency — child food security,Halton,https://food4kidshalton.ca,verified-live,2026-07-30
ORG-00905,Caribbean African Canadian Social Services (CAFCAN),ethnocultural-diaspora,African-Caribbean community social services agency,GTA-wide,https://cafcan.org/contact-us/,verified-live,2026-07-30
ORG-00906,Ghanaian Canadian Multicultural Community Centre (GCMCC),ethnocultural-diaspora,Ghanaian settlement & cultural community centre,Toronto,https://ghanaiancanadiancommunity.com/,verified-live,2026-07-30
ORG-00907,Somali Canadian Association of Etobicoke (SCA),ethnocultural-diaspora,Somali settlement & community services agency,Toronto,https://somalicanadian.com/contacts/,verified-live,2026-07-30
ORG-00908,Afghan Association of Ontario (AAO),ethnocultural-diaspora,Afghan settlement & community services agency,Ontario,https://aaocanada.ca/,verified-live,2026-07-30
ORG-00909,Iranian Canadian Congress (ICC),ethnocultural-diaspora,Iranian-Canadian national advocacy congress,York,https://iccongress.ca/contact,verified-live,2026-07-30
ORG-00910,National Council of Canadian Tamils (NCCT),ethnocultural-diaspora,Tamil-Canadian advocacy council (distinct from Canadian Tamil Congress),GTA-wide,https://ncctcanada.ca/en/contact,verified-live,2026-07-30
ORG-00911,Sri Lanka Canada Association of Brampton (SLCAB),ethnocultural-diaspora,Sri Lankan cultural association,Peel,https://bramptonsrilankans.ca/,verified-live,2026-07-30
ORG-00912,Canadian Kurdish Community Centre (Toronto Kurdish Community & Information Centre),ethnocultural-diaspora,Kurdish community & rights-advocacy centre,Toronto,https://www.kurdishcommunity.com/contact,verified-live,2026-07-30
ORG-00913,Roma Community Centre (Toronto),ethnocultural-diaspora,Roma community centre,Toronto,https://romatoronto.org/,verified-live,2026-07-30
ORG-00914,Bangladesh Association of Toronto (BAOTCA),ethnocultural-diaspora,Bangladeshi cultural & community association,Toronto,https://baotca.org/contact/,verified-live,2026-07-30
ORG-00915,Pakistani Community Centre Toronto (PKCC),ethnocultural-diaspora,Pakistani community centre,Toronto,https://www.pkcc.ca/contact,verified-live,2026-07-30
ORG-00916,Nepalese Canadian Community Services (NCCS),ethnocultural-diaspora,Nepalese cultural & community services agency,Toronto,https://www.nccs.ca/contact-us,verified-live,2026-07-30
ORG-01000,Ontario Real Estate Association (OREA),professional-association,"provincial real estate association; ~100,000 REALTOR members across 29 Ontario boards",Ontario,https://www.orea.com/about-us/contact-us,verified-live,2026-07-30
ORG-01001,Toronto Regional Real Estate Board (TRREB),professional-association,"GTA real estate board; ~70,000 licensed brokers/salespersons, largest board in Canada",Toronto,https://trreb.ca/get-in-touch/,verified-live,2026-07-30
ORG-01002,Toronto Lawyers Association (TLA),professional-association,"Toronto-based bar association since 1885; operates the Courthouse Library, member count not confirmed on today's fetch",Toronto,https://www.tlaonline.ca/?pg=aboutus,verified-live,2026-07-30
ORG-01003,Ontario College of Teachers (OCT),professional-association,"mandatory teaching regulator headquartered in Toronto; publicly described as Canada's largest self-regulatory body, total membership not stated on homepage",Ontario,https://www.oct.ca/en-ca,verified-live,2026-07-30
ORG-01005,Ontario Association of Optometrists (OAO),professional-association,"provincial optometry professional association, HQ Toronto; member count not stated on homepage",Ontario,https://optom.on.ca/contact-us,verified-live,2026-07-30
ORG-01006,Ontario Veterinary Medical Association (OVMA),professional-association,"provincial veterinary association; 5,000+ veterinarians, HQ Milton (GTA)",Ontario,https://www.ovma.org/,verified-live,2026-07-30
ORG-01007,Ontario Chiropractic Association (OCA),professional-association,"provincial chiropractic association, HQ Toronto; member count not stated on homepage",Ontario,https://chiropractic.on.ca/,verified-live,2026-07-30
ORG-01008,Association of Registered Interior Designers of Ontario (ARIDO),professional-association,"self-regulatory interior design title-holder association, HQ Toronto; member count not stated on homepage",Ontario,https://arido.ca/,verified-live,2026-07-30
ORG-01009,Ontario Association of Landscape Architects (OALA),professional-association,"self-regulating landscape architecture association, HQ Toronto; 2,000 members",Ontario,https://www.oala.ca/contact,verified-live,2026-07-30
ORG-01010,Insurance Brokers Association of Ontario (IBAO),professional-association,"provincial insurance broker association, HQ Toronto; ~17,821 insurance professionals",Ontario,https://ibao.org/contact,verified-live,2026-07-30
ORG-01011,Ontario Restaurant Hotel & Motel Association (ORHMA),professional-association,"provincial hospitality trade association, HQ Mississauga (GTA); 5,000+ members representing 11,000+ establishments",Ontario,https://www.orhma.com/,verified-live,2026-07-30
ORG-01013,Human Resources Professionals Association (HRPA),professional-association,"provincial HR regulator, HQ Toronto; 24,000+ members & students across 28 chapters",Ontario,https://www.hrpa.ca/,verified-live,2026-07-30
ORG-01014,University of Toronto Alumni Association (UTAA),post-secondary,alumni association — University of Toronto,Toronto,https://alumni.utoronto.ca/community/u-of-t-alumni-association,verified-live,2026-07-30
ORG-01015,University of Toronto Faculty Association (UTFA),post-secondary,campus organization — faculty association,Toronto,https://www.utfa.org,verified-live,2026-07-30
ORG-01016,Hillel Ontario,post-secondary,campus organization — multi-campus Jewish student life,Ontario,https://www.hillelontario.org,verified-live,2026-07-30
ORG-01017,"Engineering Alumni Network (EAN, formerly EAA) — Skule, University of Toronto",post-secondary,alumni association — U of T Engineering (Skule),Toronto,https://alumni.engineering.utoronto.ca/engineering-alumni-network/,verified-live,2026-07-30
ORG-01018,Rotman Commerce Alumni Network,post-secondary,"alumni association — Rotman Commerce, University of Toronto",Toronto,https://rotmancommerce.utoronto.ca/alumni/,verified-live,2026-07-30
ORG-01019,Baby Point Gates BIA,business-improvement-area,BIA — Baby Point Gates,Toronto,https://www.babypointgates.ca/,verified-live,2026-07-30
ORG-01020,Bloor by the Park BIA,business-improvement-area,BIA — Bloor St W / High Park East,Toronto,https://www.bloorbythepark.com/,verified-live,2026-07-30
ORG-01021,Bloor Annex BIA,business-improvement-area,BIA — Bloor Annex,Toronto,https://www.bloorannex.ca/,verified-live,2026-07-30
ORG-01022,Harbord Street BIA,business-improvement-area,BIA — Harbord Street,Toronto,https://www.harbordstreet.com/,verified-live,2026-07-30
ORG-01023,MarkeTO District BIA,business-improvement-area,BIA — Dufferin-Wingold (formerly Dufferin-Wingold BIA),Toronto,https://marketodistrict.com/,verified-live,2026-07-30
ORG-01024,Mimico Village BIA,business-improvement-area,BIA — Mimico (Royal York Rd),Toronto,https://mimicovillagebia.ca/,verified-live,2026-07-30
ORG-01025,Long Branch BIA,business-improvement-area,BIA — Long Branch,Toronto,https://longbranchbia.com/,verified-live,2026-07-30
ORG-01026,The Kingsway BIA,business-improvement-area,BIA — The Kingsway,Toronto,https://www.thekingsway.ca/,verified-live,2026-07-30
ORG-01027,Village of Islington BIA,business-improvement-area,BIA — Islington (Dundas St W),Toronto,https://www.villageofislington.com/,verified-live,2026-07-30
ORG-01028,Regal Heights Village BIA,business-improvement-area,BIA — Regal Heights (St. Clair W),Toronto,https://rhvbia.com/,verified-live,2026-07-30
ORG-01029,St. Clair Gardens BIA,business-improvement-area,BIA — St. Clair Gardens (St. Clair Ave W),Toronto,https://www.stclairgardens-bia.com/,verified-live,2026-07-30
ORG-01030,Trinity Bellwoods BIA,business-improvement-area,BIA — Trinity Bellwoods (Dundas St W),Toronto,https://trinitybellwoodsdundas.com/,verified-live,2026-07-30
ORG-01031,Bloorcourt Village BIA,business-improvement-area,BIA — Bloorcourt (Bloor St W),Toronto,https://www.bloorcourttoronto.com/,verified-live,2026-07-30
ORG-01032,Weston Village BIA,business-improvement-area,BIA — Weston (Weston Rd / Lawrence Ave),Toronto,https://www.westonvillagebia.com/,verified-live,2026-07-30
ORG-01033,Lakeshore Village BIA,business-improvement-area,BIA — Lakeshore Village (New Toronto),Toronto,https://enjoytheshore.ca/,verified-live,2026-07-30
ORG-01034,Crossroads of the Danforth BIA,business-improvement-area,BIA — Oakridge / Scarborough Southwest (Danforth Ave),Toronto,https://crossroadsbia.ca/,verified-live,2026-07-30
ORG-01035,Toronto Humane Society,environment-climate,"companion animal shelter, adoption & veterinary care",Toronto,https://www.torontohumanesociety.com/support-us/membership/,verified-live,2026-07-30
ORG-01036,Ontario SPCA and Humane Society,environment-climate,provincial animal welfare society & shelter network,Ontario,https://ontariospca.ca/,verified-live,2026-07-30
ORG-01038,Toronto Cat Rescue,environment-climate,"volunteer-run, no-kill cat rescue & fostering",GTA-wide,https://www.torontocatrescue.ca/who-we-are,verified-live,2026-07-30
ORG-01040,World Animal Protection Canada,environment-climate,"international animal welfare NGO, Canadian office",Toronto,https://www.worldanimalprotection.ca/about-us/contact-us,verified-live,2026-07-30
ORG-01041,"Humane Society of Oakville, Milton & Halton",environment-climate,"municipal animal shelter, control & adoption services",Halton,https://hsomh.ca/contact/,verified-live,2026-07-30
ORG-01042,Sierra Club Canada — Ontario Chapter,environment-climate,"Great Lakes, Greenbelt & clean-energy environmental chapter",Ontario,https://www.sierraclub.ca/chapters/ontario/contact-ontario/,verified-live,2026-07-30
ORG-01043,Ecojustice,environment-climate,environmental law charity litigating on behalf of nature,Toronto,https://ecojustice.ca/contact/,verified-live,2026-07-30
ORG-01044,Toronto Green Community,environment-climate,urban environmental education & community engagement,Toronto,https://www.torontogreen.ca/,verified-live,2026-07-30
ORG-01045,Pollinator Partnership Canada,environment-climate,"pollinator conservation, education & habitat programs",Toronto,https://pollinatorpartnership.ca/en/about,verified-live,2026-07-30
ORG-01046,Swim Drink Fish (Lake Ontario Waterkeeper),environment-climate,waterway water-quality monitoring & Great Lakes advocacy,Toronto,https://www.swimdrinkfish.ca/history,verified-live,2026-07-30
ORG-01047,Windfall Ecology Centre,environment-climate,"community energy, water & sustainability programs",York,https://windfallcentre.ca/contact,verified-live,2026-07-30
ORG-01048,Credit Valley Conservation Foundation,environment-climate,watershed conservation fundraising foundation,Peel,https://cvcfoundation.ca/,verified-live,2026-07-30
ORG-01049,JAM Toronto (formerly Toronto Sport & Social Club),sport-recreation,"Adult recreational multi-sport leagues (soccer, softball, volleyball, flag football, dodgeball, beach volleyball); GTA's largest adult sport & social league operator, 6 sport categories across 13+ regions",GTA-wide,https://toronto.jamsports.com/contact/,verified-live,2026-07-30
ORG-01050,North Toronto Soccer Club (Nitros),sport-recreation,"Youth & semi-pro soccer club spanning recreational to Ontario Premier League tiers; 500 volunteers/season, subsidizes 200+ player fees annually",Toronto,https://northtorontosoccer.com/,verified-live,2026-07-30
ORG-01051,Variety Village,sport-recreation,"Adaptive sports & inclusive fitness facility, 168,000 sq ft, 50+ weekly programs from grassroots to elite para-sport",Toronto,https://www.varietyvillage.ca/,verified-live,2026-07-30
ORG-01052,Ontario Lacrosse Association,sport-recreation,"Provincial lacrosse governing body; largest member of Lacrosse Canada, oversees box/field/junior/minor sectors province-wide, runs the Ontario Lacrosse Festival",Ontario,https://www.ontariolacrosse.com/,verified-live,2026-07-30
ORG-01053,Argonaut Rowing Club,sport-recreation,"Historic multi-level rowing club founded 1872, incl. dedicated Para Rowing program for persons with disabilities",Toronto,https://argonautrowingclub.com/About-Us,verified-live,2026-07-30
ORG-01054,Toronto Cricket Skating & Curling Club,sport-recreation,"Private multi-sport social club: cricket, curling, figure skating, squash, tennis, croquet, lawn bowling, aquatics; founded 1827",Toronto,https://torontocricketclub.com/about-us,verified-live,2026-07-30
ORG-01055,Ontario Ringette Association,sport-recreation,"Provincial ringette governing body; 75+ local associations, 9,500 registered players, 2,600 coaches, 600 referees across 6 regions",Ontario,https://ontario-ringette.com/the-game/ringette-in-ontario/,verified-live,2026-07-30
ORG-01056,Canadian Ski Patrol – Ontario Division,sport-recreation,"Volunteer first-aid/ski patrol organization; 8 zones, 4,500 members serving ski hills & Nordic centres across Ontario since 1941",Ontario,https://www.skipatrol.ca/ontario/,verified-live,2026-07-30
ORG-01057,MLSE LaunchPad,sport-recreation,"Sport-for-development charity facility for at-risk/underprivileged youth; four-pillar programming at a dedicated 42,000 sq ft Moss Park facility",Toronto,https://www.mlselaunchpad.org/,verified-live,2026-07-30
ORG-01058,Leaside Baseball Association,sport-recreation,Community baseball association founded 1946; house league through select/rep/elite/girls programs,Toronto,https://www.leasidebaseball.com/about-us/,verified-live,2026-07-30
ORG-01059,Toronto Accessible Sports Council (TASC),sport-recreation,Coordinating council & program directory (60+ programs) for adaptive sport/recreation across Toronto/GTA; provides grants covering registration fees for disabled youth,Toronto,https://torontoaccessiblesports.ca/,verified-live,2026-07-30
ORG-01060,ProAction Cops & Kids,sport-recreation,"Police-youth mentorship charity delivering sport programming (soccer, wrestling/fitness, golf, pickleball); Toronto chapter since 1991, 80 programs across the city in 2025",GTA-wide,https://www.copsandkids.ca/,verified-live,2026-07-30
ORG-01061,North York Hockey League,sport-recreation,"Select-level minor hockey league; self-described largest Select hockey league in Canada, 24+ member clubs across the GTA, operating since 1953",GTA-wide,https://nyhl.on.ca/member-clubs/,verified-live,2026-07-30
ORG-01062,Softball Ontario,sport-recreation,"Provincial softball governing body; umbrella of 4 member associations (fastpitch/OASA, women's/PWSA, rural/ORSA, slo-pitch) covering all of Ontario",Ontario,https://softballontario.ca/who-we-are/,verified-live,2026-07-30
ORG-01063,Circle of Care,civil-society-advocacy,"seniors home & community care, incl. Holocaust survivor support",Toronto,https://circleofcare.com/contact/,verified-live,2026-07-30
ORG-01064,Yee Hong Centre for Geriatric Care,civil-society-advocacy,"Chinese-Canadian/multicultural seniors, LTC + community + hospice, 5 GTA sites",Toronto,https://www.yeehong.com,verified-live,2026-07-30
ORG-01065,Kensington Health,civil-society-advocacy,"seniors LTC, hospice, community care + eye care/diagnostics",Toronto,https://www.kensingtonhealth.org/contact-us,verified-live,2026-07-30
ORG-01066,The Rekai Centres,civil-society-advocacy,"seniors long-term care, 2 downtown Toronto homes, 240 residents",Toronto,https://www.rekaicentre.com/,verified-live,2026-07-30
ORG-01067,ErinoakKids Centre for Treatment and Development,civil-society-advocacy,"children's disability/autism treatment centre, self-described largest in Ontario, 4 sites",Peel,https://www.erinoakkids.ca/about-us/contact-us,verified-live,2026-07-30
ORG-01068,Surrey Place,civil-society-advocacy,"autism & developmental disability clinical services, Toronto multi-site, 60 yrs",Toronto,https://www.surreyplace.ca/contactus,verified-live,2026-07-30
ORG-01069,Canadian Hearing Services,civil-society-advocacy,"Deaf/deafened/hard-of-hearing services, Toronto HQ, national reach, 85+ yrs",Toronto,https://www.chs.ca/contact-us,verified-live,2026-07-30
ORG-01070,SPRINT Senior Care,civil-society-advocacy,"seniors home support, meals, day programs, transportation (est. 1983)",Toronto,https://www.sprintseniorcare.org/contact-us/contact-information/,verified-live,2026-07-30
ORG-01071,Holland Bloorview Kids Rehabilitation Hospital,civil-society-advocacy,"children's disability rehab hospital, Canada's only dedicated facility, national flagship",Toronto,https://hollandbloorview.ca/about-us/contact-us-visiting-directions-parking,verified-live,2026-07-30
ORG-01072,Geneva Centre for Autism,civil-society-advocacy,"autism ABA/IBI clinical, social-skills & employment services, 3 Toronto sites",Toronto,https://www.genevacentre.ca/contact,verified-live,2026-07-30
ORG-01073,DeafBlind Ontario Services,civil-society-advocacy,"deafblind supported-living & community programs, province-wide, self-described largest sensory-loss provider in Ontario",Ontario,https://deafblindontario.com/contact-us/,verified-live,2026-07-30
ORG-01074,Spinal Cord Injury Ontario,civil-society-advocacy,"spinal cord injury & mobility disability peer support, employment, Toronto HQ, province-wide, 80 yrs",Toronto,https://sciontario.org/contact-us/,verified-live,2026-07-30
ORG-01075,Muscular Dystrophy Canada,civil-society-advocacy,"neuromuscular disorder support, research funding & advocacy, Toronto HQ, national",Toronto,https://muscle.ca/contact-us/,verified-live,2026-07-30
ORG-01076,Easter Seals Ontario,civil-society-advocacy,"physical disability support & equipment for children/youth/young adults, province-wide",Ontario,https://www.easterseals.org/contact-us/,verified-live,2026-07-30
ORG-01077,York University Alumni and Friends,post-secondary,alumni association — York University,Toronto,https://www.yorku.ca/alumniandfriends/,verified-live,2026-07-30
ORG-01078,Toronto Metropolitan University Alumni,post-secondary,alumni association — Toronto Metropolitan University,Toronto,https://www.torontomu.ca/alumni/,verified-live,2026-07-30
ORG-01080,Seneca Polytechnic Alumni Association,post-secondary,alumni association — Seneca Polytechnic,Toronto,https://www.senecapolytechnic.ca/alumni.html,verified-live,2026-07-30
ORG-01082,University of Toronto Black Alumni Association (UTBAA),post-secondary,alumni association — University of Toronto,Toronto,https://alumni.utoronto.ca/community/university-toronto-black-alumni-association-utbaa,verified-live,2026-07-30
ORG-01083,University of Toronto Chinese Alumni Association (UTCAA),post-secondary,alumni association — University of Toronto,Toronto,https://alumni.utoronto.ca/alumni-networks/university-toronto-chinese-alumni-association-utcaa,verified-live,2026-07-30
ORG-01084,University of Toronto African Alumni Association (UTAAA),post-secondary,alumni association — University of Toronto,Toronto,https://alumni.utoronto.ca/community/university-toronto-african-alumni-association,verified-live,2026-07-30
ORG-01085,OCAD University Alumni,post-secondary,alumni association — OCAD University,Toronto,https://www.ocadu.ca/alumni,verified-live,2026-07-30
ORG-01086,Canada Korea Business Council (CKBC),fraternal-chambers,ethnocultural chamber — Korean,Toronto,https://ckbc.ca/,verified-live,2026-07-30
ORG-01087,Philippine Chamber of Commerce Toronto (PCCT),fraternal-chambers,ethnocultural chamber — Filipino,York,https://pcctoronto.com/,verified-live,2026-07-30
ORG-01088,Canadian Tamils' Chamber of Commerce (CTCC),fraternal-chambers,ethnocultural chamber — Tamil,York,https://www.ctcc.ca/,verified-live,2026-07-30
ORG-01089,Canada-Pakistan Chamber of Commerce (CPCoC),fraternal-chambers,ethnocultural chamber — Pakistani,GTA-wide,https://canadapakistan.org/,verified-live,2026-07-30
ORG-01090,Canada Iran Business Association (Canada Iran Business Council),fraternal-chambers,ethnocultural chamber — Iranian,York,https://canadairan.ca/en/about-us/,verified-live,2026-07-30
ORG-01091,Canada-Ukraine Chamber of Commerce (CUCC),fraternal-chambers,ethnocultural chamber — Ukrainian,Toronto,https://cucc.ca/,verified-live,2026-07-30
ORG-01092,Federation of Portuguese Canadian Business & Professionals (FPCBP),fraternal-chambers,ethnocultural chamber — Portuguese,Toronto,https://www.fpcbp.com/,verified-live,2026-07-30
ORG-01093,Canada Arab Business Council (CABC),fraternal-chambers,ethnocultural chamber — Arab,GTA-wide,https://www.c-abc.org/,verified-live,2026-07-30
ORG-01094,Hellenic Canadian Board of Trade (HCBT),fraternal-chambers,ethnocultural chamber — Greek/Cypriot,Toronto,https://hcbt.com/,verified-live,2026-07-30
ORG-01095,Italian Chamber of Commerce of Ontario (ICCO Canada),fraternal-chambers,ethnocultural chamber — Italian,Toronto,https://italchambers.ca/,verified-live,2026-07-30
ORG-01096,Canada China Business Council (CCBC),fraternal-chambers,ethnocultural chamber — Chinese,Toronto,https://ccbc.com/about/,verified-live,2026-07-30
ORG-01097,Canada-Israel Chamber of Commerce (CICC),fraternal-chambers,ethnocultural chamber — Jewish/Israeli,Toronto,https://www.canadaisraelchamber.com/,verified-live,2026-07-30
ORG-01098,Canadian Türkiye Business Council (CTBC),fraternal-chambers,ethnocultural chamber — Turkish,Toronto,https://www.ctbc.ca/,verified-live,2026-07-30
ORG-01099,Nigerian and Canadian Business Network (NCBN),fraternal-chambers,ethnocultural chamber — Nigerian,Ontario,https://ncbn.ca/,verified-live,2026-07-30
ORG-01100,World Sikh Organization of Canada (WSO),faith-spiritual,Sikh advocacy & human rights federation,GTA-wide,https://www.worldsikh.org/contact,verified-live,2026-07-30
ORG-01101,Sikh Federation (Canada),faith-spiritual,Sikh advocacy network uniting gurdwaras & orgs,GTA-wide,https://www.sikhfederation.ca/contact,verified-live,2026-07-30
ORG-01102,Ontario Sikhs and Gurdwara Council (OSGC),faith-spiritual,Sikh gurdwara umbrella body (Ontario),GTA-wide,https://osgc.ca/contact-us/,verified-live,2026-07-30
ORG-01103,Hindu Canadian Foundation (HCF),faith-spiritual,Hindu national advocacy & cultural federation,GTA-wide,https://www.hinducanadian.org/contact,verified-live,2026-07-30
ORG-01104,Vishva Hindu Parishad Canada (VHP Ontario),faith-spiritual,Hindu temple/organization federation,GTA-wide,https://docs.google.com/forms/d/1b1-K_XswVzo88WZ7k6lGMxTyndfTjZ8vXfrWBFQvU9c/viewform,verified-live,2026-07-30
ORG-01105,Hindu Forum Canada,faith-spiritual,Hindu advocacy & interfaith organization,GTA-wide,https://hinduforumcanada.org/contact/,verified-live,2026-07-30
ORG-01106,Canadian Council of Imams (CCI),faith-spiritual,Unified council of Imams/Muslim leaders,GTA-wide,https://canadiancouncilofimams.com/contact-us/,verified-live,2026-07-30
ORG-01107,National Council of Canadian Muslims (NCCM),faith-spiritual,Muslim civil-rights & advocacy organization,GTA-wide,https://nccm.ca/contact-us/,verified-live,2026-07-30
ORG-01108,Kashruth Council of Canada (COR),faith-spiritual,Kosher certification & rabbinical council,GTA-wide,https://cor.ca/contact/,verified-live,2026-07-30
ORG-01109,Centre for Israel and Jewish Affairs (CIJA),faith-spiritual,Jewish community public-policy advocacy federation,GTA-wide,https://www.cija.ca/contact_us,verified-live,2026-07-30
ORG-01110,Canadian Multifaith Federation (formerly Ontario Multifaith Council),faith-spiritual,Interfaith spiritual-care advocacy council,GTA-wide,https://canadianmultifaithfederation.weebly.com/contact.html,verified-live,2026-07-30
ORG-01111,ISARC (Interfaith Social Assistance Reform Coalition),faith-spiritual,Interfaith social-justice/poverty-advocacy coalition,GTA-wide,https://isarc.ca/contact/,verified-live,2026-07-30
ORG-01112,Ontario Confederation of University Faculty Associations (OCUFA),civil-society-advocacy,sector umbrella — university faculty (labour),Toronto,https://ocufa.on.ca/contact/,verified-live,2026-07-30
ORG-01113,Council of Ontario Universities (public brand: Ontario's Universities),civil-society-advocacy,sector umbrella — university education,Toronto,https://cou.ca/contact-us/,verified-live,2026-07-30
ORG-01114,Colleges Ontario,civil-society-advocacy,sector umbrella — college education,Toronto,https://www.collegesontario.org/en/about/contact,verified-live,2026-07-30
ORG-01115,Ontario Museum Association,civil-society-advocacy,sector umbrella — museums & heritage,Toronto,https://museumsontario.ca/en_ca/about/,verified-live,2026-07-30
ORG-01116,Ontario Library Association,civil-society-advocacy,sector umbrella — libraries,Toronto,https://accessola.com/home/,verified-live,2026-07-30
ORG-01117,Association of Municipalities of Ontario (AMO),civil-society-advocacy,sector umbrella — municipal government,Toronto,https://www.amo.on.ca/contact-us,verified-live,2026-07-30
ORG-01118,Ontario Sport Network,civil-society-advocacy,sector umbrella — sport & physical activity,Toronto,https://www.ontariosportnetwork.ca/about/contact-us,verified-live,2026-07-30
ORG-01119,Philanthropic Foundations Canada,civil-society-advocacy,sector umbrella — philanthropic foundations,Toronto,https://pfc.ca/contact/,verified-live,2026-07-30
ORG-01120,Ontario Hospital Association,civil-society-advocacy,sector umbrella — hospitals & healthcare,Toronto,https://www.oha.com/,verified-live,2026-07-30
ORG-01121,Alliance for Healthier Communities,civil-society-advocacy,sector umbrella — community health centres,Toronto,https://www.allianceon.org/,verified-live,2026-07-30
ORG-01122,Ontario Association of Children's Aid Societies (OACAS),civil-society-advocacy,sector umbrella — child welfare,Toronto,https://www.oacas.org/about/,verified-live,2026-07-30
ORG-01123,Ontario Non-Profit Housing Association (ONPHA),civil-society-advocacy,sector umbrella — nonprofit housing,Toronto,https://onpha.on.ca/about-ontario-nonprofit-housing-association/,verified-live,2026-07-30
ORG-01124,Mirvish Productions,arts-culture,"theatre/arts institution — commercial theatre presenter/producer, est. 1963",Toronto,https://www.mirvish.com/about/contact-us,verified-live,2026-07-30
ORG-01125,Young People's Theatre,arts-culture,"theatre/arts institution — theatre for young audiences, est. 1966",Toronto,https://www.youngpeoplestheatre.org,verified-live,2026-07-30
ORG-01126,Tarragon Theatre,arts-culture,"theatre/arts institution — new Canadian playwriting theatre, est. 1970",Toronto,https://www.tarragontheatre.com/about,verified-live,2026-07-30
ORG-01127,Factory Theatre,arts-culture,"theatre/arts institution — Canadian new-work theatre, est. 1970",Toronto,https://www.factorytheatre.ca/about-us/contact-us/,verified-live,2026-07-30
ORG-01128,Theatre Passe Muraille,arts-culture,"theatre/arts institution — collective-creation/new Canadian work theatre, est. 1968",Toronto,https://www.passemuraille.ca/contact-us/,verified-live,2026-07-30
ORG-01129,Buddies in Bad Times Theatre,arts-culture,"theatre/arts institution — queer theatre (world's largest), est. 1979",Toronto,https://buddiesinbadtimes.com/contact,verified-live,2026-07-30
ORG-01130,Obsidian Theatre,arts-culture,"theatre/arts institution — Black theatre company, est. 2000",Toronto,https://www.obsidiantheatre.com/connect/,verified-live,2026-07-30
ORG-01131,Nightwood Theatre,arts-culture,"theatre/arts institution — feminist theatre company, est. 1979",Toronto,https://www.nightwoodtheatre.net/staff/,verified-live,2026-07-30
ORG-01132,Crow's Theatre,arts-culture,"theatre/arts institution — contemporary theatre company, est. 1983",Toronto,https://www.crowstheatre.com/about/contact-us,verified-live,2026-07-30
ORG-01133,Coal Mine Theatre,arts-culture,"theatre/arts institution — independent theatre company, 100-seat venue, est. 2014",Toronto,https://www.coalminetheatre.com/aboutthecompany,verified-live,2026-07-30
ORG-01134,Toronto Dance Theatre,arts-culture,"theatre/arts institution — contemporary dance company with resident ensemble, est. 1968",Toronto,https://www.tdt.org/about/mission-mandate/,verified-live,2026-07-30
ORG-01135,Opera Atelier,arts-culture,"theatre/arts institution — baroque/period opera company, est. 1985",Toronto,https://www.operaatelier.com/contact-us/,verified-live,2026-07-30
ORG-01136,Tapestry Opera,arts-culture,"theatre/arts institution — new Canadian opera creation company, est. 1979",Toronto,https://tapestryopera.com/contact/find-us/,verified-live,2026-07-30
ORG-01137,Esprit Orchestra,arts-culture,"theatre/arts institution — professional new-orchestral-music orchestra, est. 1983",Toronto,https://espritorchestra.com/about-esprit-orchestra,verified-live,2026-07-30
ORG-01138,Textile Museum of Canada,arts-culture,"theatre/arts institution — textile arts museum, 15,000+ objects, est. 1975",Toronto,https://textilemuseum.ca/contact/,verified-live,2026-07-30
ORG-01139,Against the Grain Theatre,arts-culture,"theatre/arts institution — indie/experimental opera company, est. 2010",Toronto,https://atgtheatre.com/contact/,verified-live,2026-07-30
ORG-01140,ACEC-Ontario (Association of Consulting Engineering Companies – Ontario),professional-association,engineering,Ontario,https://acecontario.ca/contact-us/,verified-live,2026-07-30
ORG-01141,Green Neighbours Network of Toronto (GNN),environment-climate,community-environmental-network,GTA-wide,https://gnntoronto.ca/contact-us/,verified-live,2026-07-30
ORG-01142,Ontario Rivers Alliance,environment-climate,river-conservation-advocacy,Ontario,https://www.ontarioriversalliance.ca/,verified-live,2026-07-30
ORG-01143,Ontario Farmland Trust,environment-climate,farmland-conservation,GTA-wide,https://ontariofarmlandtrust.ca/contact/,verified-live,2026-07-30
ORG-01144,York University Faculty Association (YUFA),post-secondary,faculty-union,GTA-wide,https://yufa.ca/contact,verified-live,2026-07-30
ORG-01145,Muslim Students' Association – University of Toronto (UofT MSA),post-secondary,student-club,GTA-wide,https://uoftmsa.com/contact-us.html,verified-live,2026-07-30
ORG-01146,The Weekly Voice,community-media,south-asian-print-digital,GTA-wide,https://weeklyvoice.com/contact-south-asian-advertising/,verified-live,2026-07-30
ORG-01147,South Asian Post,community-media,south-asian-print,GTA-wide,https://www.southasianpost.com/contact-us,verified-live,2026-07-30
ORG-01148,Curling Ontario (Ontario Curling Council; formerly Ontario Curling Association / CurlON),sport-recreation,curling-governing-body,Ontario,https://occ.curling.io/en/contact,verified-live,2026-07-30
ORG-01149,Haven Toronto (formerly Good Neighbours' Club),civil-society-advocacy,homelessness-elder-services,Toronto,https://haventoronto.ca/,verified-live,2026-07-30
ORG-01150,Wine Growers Ontario,culinary-food-culture,wine-industry-association,GTA-wide,https://www.winegrowersontario.ca/contact/,verified-live,2026-07-30
ORG-01159,Toronto Climate Action Network (TCAN),civil-society-advocacy,climate coalition hub,Toronto,https://www.tcan.ca/,verified-live,2026-08-01
ORG-01160,TMU Democratic Engagement Exchange (The Exchange),civil-society-advocacy,democratic/civic engagement convener,Toronto,https://www.engagedemocracy.ca/,verified-live,2026-08-01
ORG-01161,RaBIT (Ranked Ballot Initiative of Toronto),civil-society-advocacy,electoral reform,Toronto,https://www.rabit.ca/,verified-live,2026-08-01
ORG-01162,WomanACT (Woman Abuse Council of Toronto),civil-society-advocacy,gender-based violence policy & coordination,Toronto,https://womanact.ca/,verified-live,2026-08-01
ORG-01163,Right to Housing Toronto (R2HTO),civil-society-advocacy,housing rights,Toronto,https://right2housingto.ca/,verified-live,2026-08-01
ORG-01164,Toronto Alliance to End Homelessness (TAEH),base-of-pyramid,homelessness policy & coordination,Toronto,https://taeh.ca/,verified-live,2026-08-01
ORG-01165,Toronto Society of Architects (TSA),civil-society-advocacy,built-environment professional voice,Toronto,https://torontosocietyofarchitects.ca/,verified-live,2026-08-01
ORG-01166,Community Civic Engagement Collaborative (CCEC / Downtown East Votes),civil-society-advocacy,ward-level civic engagement (Regent Park/Moss Park/St. James Town/Corktown),Ward 13 (Toronto Centre),https://www.downtowneastvotes.ca/,verified-live,2026-08-01
ORG-01169,Beach Metro Community News,media-production,community newspaper (Beach/East York/SW Scarborough),Ward 19 (Beaches-East York),https://beachmetro.com/,verified-live,2026-08-01
ORG-01170,Toronto Community Bikeways Coalition (TCBC),civil-society-advocacy,active-transportation/cycling advocacy,Toronto,https://www.communitybikewaysto.ca/,verified-live,2026-08-01
ORG-01171,Friends and Families for Safe Streets (FFSS),civil-society-advocacy,road-safety/traffic-violence survivor advocacy,Toronto,https://www.ffsafestreets.ca/,verified-live,2026-08-01
ORG-01172,ZoomerMedia Limited,media-production,multiplatform media (seniors/Boomer + Gen Z audiences),Toronto,https://zoomermedia.ca/,verified-live,2026-08-01
ORG-01173,Family Service Toronto (host of Ontario Campaign 2000),civil-society-advocacy,child/family poverty policy — Ontario Campaign 2000 host,Toronto,https://familyservicetoronto.org/,verified-live,2026-08-01
ORG-01174,Toronto Police Accountability Coalition (TPAC),civil-society-advocacy,police-policy-accountability-advocacy,Toronto,https://www.tpac.ca/,verified-live,2026-08-01
ORG-01175,Access Alliance Multicultural Health and Community Services,newcomer/immigrant-serving,settlement/health agency — election civic-engagement programming,Toronto,https://accessalliance.ca/,verified-live,2026-08-01
ORG-01176,CIVIX (Student Vote),civil-society-advocacy,civic/citizenship education non-profit — school-based election programming,GTA-wide,https://civix.ca/,verified-live,2026-08-01
ORG-01177,Vox Pop Labs (Vote Compass),civic-tech,data-driven civic-engagement/decision-science firm — Vote Compass election tool,Toronto,https://voxpoplabs.com/,verified-live,2026-08-01
ORG-01178,Lytton Park Residents' Organization (LPRO),neighbourhood-association,residents' association — ward-level election convener,Ward 8 (Eglinton-Lawrence),https://lyttonparkro.ca/,verified-live,2026-08-01
ORG-01179,Leaside Residents Association (LRA),neighbourhood-association,residents' association — ward-level election convener,Ward 15 (Don Valley West),https://leasideresidents.ca/,verified-live,2026-08-01
ORG-01180,Danforth East Community Association (DECA),neighbourhood-association,residents' association — ward-level election convener,Ward 19 (Beaches-East York),https://deca.to/,verified-live,2026-08-01
ORG-01181,Parkdale Residents Association (PRA),neighbourhood-association,residents' association — ward-level election convener,Ward 4 (Parkdale-High Park),https://parkdale.to/,verified-live,2026-08-01
ORG-01182,Bedford Park Residents Organization (BPRO),neighbourhood-association,residents' association — ward-level election convener,Ward 8 (Eglinton-Lawrence),https://bprotoronto.ca/,verified-live,2026-08-01
ORG-01184,Newcomer Women's Services Toronto,newcomer/immigrant-serving,settlement agency — immigrant/newcomer women & families,Toronto,https://www.newcomerwomen.org/,verified-live,2026-08-01
ORG-01185,Toronto Alliance for the Performing Arts (TAPA),arts-culture,performing-arts-service-umbrella,,https://tapa.ca/,verified-live,2026-08-01
ORG-01186,AODA Alliance (Accessibility for Ontarians with Disabilities Act Alliance),civil-society-advocacy,disability-rights,,https://www.aodaalliance.org/,verified-live,2026-08-01
ORG-01187,Etobicoke Climate Action (ECA),civil-society-advocacy,climate/environment advocacy — ward-level election convener (co-host),Ward 2 (Etobicoke Centre); Ward 3 (Etobicoke-Lakeshore),https://www.etobicokeclimateaction.ca/,verified-live,2026-08-01
ORG-01190,Bay Cloverhill Community Association (BCCA),neighbourhood-association,residents' association — ward-level election reporting/coalition member,Ward 11 (University-Rosedale) / Ward 13 (Toronto Centre boundary),https://www.baycloverhill.com/,verified-live,2026-08-01
ORG-01191,South Rosedale Residents' Association (SRRA),neighbourhood-association,residents' association — ward-level election convener (coalition lead),Ward 11 (University-Rosedale),https://southrosedale.org/,verified-live,2026-08-01
ORG-01192,Garment District Neighbourhood Association (GDNA),neighbourhood-association,residents' association — ward-level election convener (coalition lead),Ward 10 (Spadina-Fort York),https://www.gdnatoronto.org/,verified-live,2026-08-01
ORG-01193,Don Mills Residents Inc. (DMRI),neighbourhood-association,residents' association — ward-level election convener,Ward 16 (Don Valley East),https://www.dmri.ca/,verified-live,2026-08-01
ORG-01195,Senior Persons Living Connected (SPLC),civil-society-advocacy,seniors-services agency — ward-level election convener (co-host),Ward 22 (Scarborough-Agincourt),https://www.splc.ca/,verified-live,2026-08-01
ORG-01198,Toronto Tech Week,business-incubator,decentralized week of 500+ community-led tech events; 2-year City of Toronto partnership,Toronto,https://www.torontotechweek.com,verified-live,2026-08-02
ORG-01199,TorontoJS,business-incubator,"volunteer-run JavaScript developer community — meetups, guild, Slack",Toronto,https://www.meetup.com/torontojs/,verified-live,2026-08-02
ORG-01200,BFUTR / Black Tech Week North,professional-association,"Canada's largest Black technology summit, tech-week format",Mississauga (GTA),https://bfutr.obsidi.com/,verified-live,2026-08-02
ORG-01201,Black Innovation Zone (BIZ),professional-association,"coalition of Black-led tech/innovation orgs (Black Founders Network, Federation of Black Canadians, DMZ, TiE Toronto, etc.)",Toronto,https://blackinnovationzone.ca/,verified-live,2026-08-02
ORG-01202,Indigenous Friends Association (IFA),professional-association,"Indigenous-led nonprofit — IndigiTECH Mentorship, InDIGITAL curriculum, iConnectED youth platform",Toronto,https://www.indigenousfriends.org/,verified-live,2026-08-02
ORG-01203,Data for Good Toronto,professional-association,volunteer data scientists/analysts matched to nonprofit data problems via Datathons/DataNights,Toronto,https://toronto.dataforgood.ca/,verified-live,2026-08-02
ORG-01205,QueerTech (incl. QT Qonference),professional-association,national 2SLGBTQ+ tech nonprofit; QT Qonference held in Toronto,Toronto,https://queertech.org/,verified-live,2026-08-02
ORG-01206,DemocracyXChange (DXC),deliberation-civic-tech,"Canada's Democracy Summit — co-produced by OCAD, Open Democracy Project, and The Dais at TMU",Toronto,https://www.democracyxchange.org/,verified-live,2026-08-02
ORG-01207,Open Democracy Project,deliberation-civic-tech,nonprofit running DemocracyKit (open resource platform for campaigns); organizes DemocracyXChange,Toronto,https://opendemocracy.ca/,verified-live,2026-08-02
ORG-01208,Inclusive Design Research Centre (IDRC),research-policy,OCAD University's applied research centre for inclusive/accessible design,Toronto,https://idrc.ocadu.ca/,verified-live,2026-08-02
ORG-01209,Trajectory Labs,research-science,"Open Philanthropy-funded coworking + events hub for AI-safety researchers/practitioners, 100 University Ave",Toronto,https://www.trajectorylabs.org,verified-live,2026-08-02
ORG-01210,Toronto AI Safety meetup,research-science,weekly AI-safety practitioner meetup hosted by Trajectory Labs,Toronto,https://www.meetup.com/toronto-ai-aligners/,verified-live,2026-08-02
ORG-01211,WardWatch,community-media,"non-partisan Toronto ward-by-ward election tracker — candidates, councillor scorecards, alignment maps, campaign-finance mapping; WCAG 2.2 AA/AODA-compliant; project of PoliAlerts Inc.",Toronto,https://wardwatch.ca,verified-live,2026-08-02
ORG-01212,Thorncliffe Park Community Hub,neighbourhood-association,"City-recognized Neighbourhood Improvement Area (NIA) community hub — Residents Council, Grassroots Leaders",Thorncliffe Park,https://thorncliffehub.org/,verified-live,2026-08-02
ORG-01213,BikeSpace,deliberation-civic-tech,Civic Tech Toronto volunteer-built app to report/map broken or missing bike parking; parking-finder + Level of Traffic Stress map,Toronto,https://bikespace.ca/,verified-live,2026-08-02
ORG-01214,SolveTO,deliberation-civic-tech,"AI-assisted 311-style civic issue reporter — photo, AI drafts report, routes to city + ward councillor",Toronto; Mississauga,https://solveto.ca/,verified-live,2026-08-02
ORG-01215,Civic Dashboard,deliberation-civic-tech,Civic Tech Toronto project making City Council votes/agenda items accessible/trackable,Toronto,https://civicdashboard.ca/,verified-live,2026-08-02
ORG-01216,Tapestry Community Capital,impact-investing-altruism,Canada's leading community-bonds service partner — working with 11+ housing providers to raise $110M in community bonds,Toronto,https://tapestrycapital.ca/,verified-live,2026-08-02
ORG-01217,ClimateFast,environment-climate,"volunteer grassroots climate advocacy org — Wards Project (ward-level climate networks), Climate Voting Records Toronto",Toronto,https://climatefast.ca/,verified-live,2026-08-02
ORG-01218,City Hall Watcher,community-media,"Matt Elliott's paid weekly newsletter on Toronto Council — Council Scorecard, 2026 Candidate Tracker; free access for advocates/activists on request",Toronto,https://toronto.cityhallwatcher.com/,verified-live,2026-08-02
ORG-01219,Filipino-Canadian Tech Association (FCTA / PinoyTech),ethnocultural-diaspora,advocacy/professional development/community building/entrepreneurship support for Filipino-Canadian tech professionals,Toronto,https://pinoytech.ca/,verified-live,2026-08-02
ORG-01221,Ukrainian Canadian Professional and Business Association of Toronto (UCPBA),ethnocultural-diaspora,"professional/business association — Startup 360 Forum 2026, mentorship/networking",Toronto,https://ucpba.ca/,verified-live,2026-08-02
ORG-01222,Canadian Tamil Professionals Association (CTPA),ethnocultural-diaspora,"Tamil professional network — career development, mentorship (Paalam program), flagship events",Toronto,https://tamilprofessional.ca/,verified-live,2026-08-02
ORG-01223,Black Boys Code (Canada) — Toronto,education-training,free STEM/coding/robotics/AI programs for Black youth ages 8-17; Toronto programming at York University's Bergeron Centre,Toronto,https://blackboyscode.ca/locations/toronto/,verified-live,2026-08-02
ORG-01224,Cyber-Seniors,education-training,teen mentors (15+) trained to help seniors with computers/tablets/smartphones; Toronto-origin program,Toronto,https://cyberseniors.org/,verified-live,2026-08-02
ORG-01354,High Park Tenants' Association (HPTA),neighbourhood-association-federation,"tenants' association (est. 1980s) — High Park / Parkdale, Toronto Ward 4 (Parkdale-High Park)",Ward 4 (Parkdale-High Park),https://hpta.ca/,verified-live,2026-08-15
ORG-01355,Cabbagetown Residents Association (CRA),neighbourhood-association-federation,"resident/ratepayer association — Cabbagetown, Toronto Ward 13 (Toronto Centre)",Ward 13 (Toronto Centre),https://cabbagetowner.com/,verified-live,2026-08-15
ORG-01358,East Willowdale Community Association (EWCA),neighbourhood-association-federation,"incorporated nonpartisan community association (est. 2019) — East Willowdale, Toronto Ward 18 (Willowdale)",Ward 18 (Willowdale),https://www.eastwillowdale.org/,verified-live,2026-08-15
ORG-01360,Humber Valley Village Residents' Association (HVVRA),neighbourhood-association-federation,"resident/ratepayer association — Humber Valley Village, Etobicoke; CERA member",Etobicoke,https://hvvra.ca/,verified-live,2026-08-15
ORG-01362,Islington Ratepayers and Residents' Association (IRRA),neighbourhood-association-federation,"resident/ratepayer association (bound by Bloor St W/Islington Ave/Rathburn Rd/hydro line W of Kipling Ave) — Islington, Etobicoke; CERA member",Etobicoke,https://irra.ca/,verified-live,2026-08-15
ORG-01369,Church Wellesley Neighbourhood Association (CWNA),neighbourhood-association-federation,"resident/community association — Church-Wellesley Village, Toronto Ward 13 (Toronto Centre)",Ward 13 (Toronto Centre),https://www.cwna.ca/,verified-live,2026-08-15
ORG-01371,Liberty Village Residents' Association (LVRA),neighbourhood-association-federation,"resident association — Liberty Village, Toronto Ward 10 (Spadina-Fort York)",Ward 10 (Spadina-Fort York),https://www.lvra.to/,verified-live,2026-08-15
ORG-01372,St. Lawrence Neighbourhood Association (SLNA),neighbourhood-association-federation,"resident association — St. Lawrence, Toronto Ward 13 (Toronto Centre); 230 The Esplanade",Ward 13 (Toronto Centre),https://www.slna.ca/,verified-live,2026-08-15
ORG-01374,Regent Park Neighbourhood Association (RPNA),neighbourhood-association-federation,"incorporated (2022) resident association — Regent Park, Toronto Ward 13 (Toronto Centre); 585 Dundas St E, 3rd Floor",Ward 13 (Toronto Centre),https://www.regentparkna.ca/aboutus,verified-live,2026-08-15
ORG-01375,York Quay Neighbourhood Association (YQNA),neighbourhood-association-federation,"resident association (founded 2003) — Harbourfront / Toronto's Waterfront, Toronto Ward 10 (Spadina-Fort York)",Ward 10 (Spadina-Fort York),https://yqna.ca/,verified-live,2026-08-15
ORG-01376,Corktown Residents and Business Association (CRBA),neighbourhood-association-federation,"resident/business association — Corktown, Toronto Ward 13 (Toronto Centre)",Ward 13 (Toronto Centre),https://corktown.ca/our-work/,verified-live,2026-08-15
ORG-01377,Mimico Residents Association (MRA),neighbourhood-association-federation,"resident association — Mimico, Toronto Ward 3 (Etobicoke-Lakeshore)",Ward 3 (Etobicoke-Lakeshore),https://mimicoresidents.ca/,verified-live,2026-08-15
ORG-01379,Humber Bay Shores Residents Association (HBSRA),neighbourhood-association-federation,"volunteer resident association — Humber Bay Shores, Toronto Ward 3 (Etobicoke-Lakeshore)",Ward 3 (Etobicoke-Lakeshore),https://www.hbsra.ca/home,verified-live,2026-08-15
ORG-01381,Downsview Advocate,community-media,"community newspaper, reaches ~25,000 homes/month — Downsview and Jane-Finch, Toronto Ward 7 (Humber River-Black Creek)",Ward 7 (Humber River-Black Creek),https://www.downsviewadvocate.ca/,verified-live,2026-08-15
ORG-01382,Jane Finch Action Against Poverty (JFAAP),civil-society-advocacy,"resident-led grassroots anti-poverty coalition — Jane-Finch, Toronto Ward 7 (Humber River-Black Creek)",Ward 7 (Humber River-Black Creek),https://jfaap.wordpress.com/,verified-live,2026-08-15
ORG-01384,Doughnut Economics Collective Toronto (DECTO),environment-climate,Toronto chapter of Doughnut Economics Action Lab (DEAL); local node of global regenerative-economy network,Toronto,https://doughnuteconomics.org/organisations-and-networks/doughnut-economics-collective-toronto-decto,verified-live,2026-08-15
ORG-01385,Regenerating Toronto,environment-climate,operating name of Drawdown Toronto (nonprofit); GTA/Greater Toronto Bioregion climate education & regeneration storytelling,Toronto,https://www.regentoronto.org/contact-us-regen,verified-live,2026-08-15
ORG-01386,Transition Toronto,environment-climate,official Toronto member of the global Transition Network — local-resilience / post-carbon community projects,Toronto,https://www.transitiontoronto.org/contact,verified-live,2026-08-15
ORG-01387,Biinaagami,environment-climate,"multimedia Great Lakes-St. Lawrence watershed initiative, rooted in Indigenous knowledges; joint project of Swim Drink Fish and the Royal Canadian Geographical Society",Toronto,https://www.biinaagami.org/about-biinaagami/contact-us,verified-live,2026-08-15
ORG-01388,Toronto Community Benefits Network (TCBN),civil-society-advocacy,"community-labour coalition (5 pillars: community, labour, workforce development, government, industry) organizing for equitable jobs/procurement on major infrastructure projects",Toronto,https://www.communitybenefits.ca/about,verified-live,2026-08-15
ORG-01389,Régénération Canada / Regeneration Canada,environment-climate,"national nonprofit network for soil regeneration/regenerative agriculture (HQ Montreal, national membership incl. Ontario)",Ontario,https://regenerationcanada.org/en/our-network/,verified-live,2026-08-15
ORG-01390,Green Economy Network (GEN) Canada,environment-climate,"coalition of Canadian labour, environmental, and social-justice organizations building a green economy",Ontario,https://greeneconomynet.ca/contact/,verified-live,2026-08-15
ORG-01391,Canadian CED Network (CCEDNet),civil-society-advocacy,"national community economic development network (est. 1999), Ontario chapter active; connects communities to build locally-controlled economies",Ontario,https://ccednet-rcdec.ca/contact/,verified-live,2026-08-15
ORG-01392,Tamarack Institute,civil-society-advocacy,"national registered charity (HQ Waterloo ON) — poverty reduction, community engagement, collective-impact networks",Ontario,https://www.tamarackcommunity.ca/contact,verified-live,2026-08-15
ORG-01393,Community Foundations of Canada (CFC),philanthropy-social-finance,"national network of 200+ community foundations coast-to-coast, incl. Toronto Foundation; runs shared programs like Vital Signs",Ontario,https://communityfoundations.ca/locations-contact-us/,verified-live,2026-08-15
ORG-01394,Social Enterprise Ontario (SEOntario),civil-society-advocacy,"community-driven, geo-mapped directory/network of 1,000+ Ontario social enterprises; partners incl. Pillar Nonprofit Network, ONN, CCEDNet",Ontario,https://seontario.org/feedback,verified-live,2026-08-15
ORG-01395,St. Andrew's Lodge No. 16,fraternal-chambers,fraternal-masonic — Craft Lodge — Toronto Don Valley District,Toronto Don Valley District (Don River Valley/404–Dufferin St–waterfront–Thornhill; Toronto proper),https://freemasonrytoronto.com/,verified-live,2026-08-15
ORG-01396,Ionic Lodge No. 25 (TDVD),fraternal-chambers,fraternal-masonic — Craft Lodge — Toronto Don Valley District,Toronto Don Valley District (Toronto proper),http://ionic25.ca/,verified-live,2026-08-15
ORG-01397,Zetland-Wilson Lodge No. 86,fraternal-chambers,fraternal-masonic — Craft Lodge — Toronto Don Valley District,Toronto Don Valley District (Toronto proper),https://www.zw86.ca/,verified-live,2026-08-15
ORG-01398,York Lodge No. 156,fraternal-chambers,fraternal-masonic — Craft Lodge — Toronto Don Valley District,Toronto Don Valley District (Toronto proper),https://www.tdvmasons.org/district-info/,verified-live,2026-08-15
ORG-01399,Patterson Grey Lodge No. 265,fraternal-chambers,fraternal-masonic — Craft Lodge — Toronto Don Valley District,Toronto Don Valley District (Toronto proper),http://www.pattersongrey.com/,verified-live,2026-08-15
ORG-01400,Alpha-Tuscan Lodge No. 384,fraternal-chambers,fraternal-masonic — Craft Lodge — Toronto Don Valley District,Toronto Don Valley District (Toronto proper),https://www.tdvmasons.org/alpha-tuscan-lodge-no-384/,verified-live,2026-08-15
ORG-01401,Acacia Lodge No. 430,fraternal-chambers,fraternal-masonic — Craft Lodge — Toronto Don Valley District,Toronto Don Valley District (Toronto proper),https://www.tdvmasons.org/acacia-no-430-history/,verified-live,2026-08-15
ORG-01402,The Beaches Lodge No. 473,fraternal-chambers,fraternal-masonic — Craft Lodge — Toronto Don Valley District,Toronto Don Valley District (Toronto proper — the Beaches),https://www.tdvmasons.org/district-info/,verified-live,2026-08-15
ORG-01403,Mount Sinai-Pillars Lodge No. 522,fraternal-chambers,fraternal-masonic — Craft Lodge — Toronto Don Valley District,Toronto Don Valley District (Toronto proper),https://msp522.com/,verified-live,2026-08-15
ORG-01404,High Park Melita Lodge No. 531,fraternal-chambers,fraternal-masonic — Craft Lodge — Toronto Don Valley District,Toronto Don Valley District (Toronto proper — High Park),https://www.tdvmasons.org/district-info/,verified-live,2026-08-15
ORG-01405,Mosaic Lodge No. 559,fraternal-chambers,fraternal-masonic — Craft Lodge — Toronto Don Valley District,Toronto Don Valley District (Toronto proper),http://www.mosaiclodge.com/,verified-live,2026-08-15
ORG-01406,Dufferin Lodge No. 570,fraternal-chambers,fraternal-masonic — Craft Lodge — Toronto Don Valley District,Toronto Don Valley District (Toronto proper),https://www.tdvmasons.org/district-info/,verified-live,2026-08-15
ORG-01407,Harcourt Lodge No. 581,fraternal-chambers,fraternal-masonic — Craft Lodge — Toronto Don Valley District,Toronto Don Valley District (Toronto proper),http://www.harcourtlodge.ca/,verified-live,2026-08-15
ORG-01408,Remembrance Lodge No. 586,fraternal-chambers,fraternal-masonic — Craft Lodge — Toronto Don Valley District,Toronto Don Valley District (Toronto proper),https://www.tdvmasons.org/district-info/,verified-live,2026-08-15
ORG-01409,Fairbank Lodge No. 592,fraternal-chambers,fraternal-masonic — Craft Lodge — Toronto Don Valley District,Toronto Don Valley District (Toronto proper — Fairbank),https://www.tdvmasons.org/district-info/,verified-live,2026-08-15
ORG-01410,Quinte St. Alban's Lodge No. 620,fraternal-chambers,fraternal-masonic — Craft Lodge — Toronto Don Valley District,Toronto Don Valley District (Toronto proper),https://www.qsa620.com/,verified-live,2026-08-15
ORG-01411,Caledonia Lodge No. 637,fraternal-chambers,fraternal-masonic — Craft Lodge — Toronto Don Valley District,Toronto Don Valley District (Toronto proper),http://www.caledonialodge637.com/,verified-live,2026-08-15
ORG-01412,Scarboro Lodge No. 653,fraternal-chambers,fraternal-masonic — Craft Lodge — Toronto Don Valley District,Toronto Don Valley District (Toronto proper — Scarborough),https://www.tdvmasons.org/district-info/,verified-live,2026-08-15
ORG-01413,Grenville Lodge No. 629,fraternal-chambers,fraternal-masonic — Craft Lodge — Toronto Don Valley District,Toronto Don Valley District (Toronto proper),https://www.tdvmasons.org/district-info/,verified-live,2026-08-15
ORG-01414,Kroy Lodge No. 676,fraternal-chambers,fraternal-masonic — Craft Lodge — Toronto Don Valley District,Toronto Don Valley District (Toronto proper),https://www.tdvmasons.org/district-info/,verified-live,2026-08-15
ORG-01415,Universe Lodge No. 705,fraternal-chambers,fraternal-masonic — Craft Lodge — Toronto Don Valley District,Toronto Don Valley District (Toronto proper),http://ul705.com/,verified-live,2026-08-15
ORG-01416,Anniversary Lodge No. 733 (D),fraternal-chambers,fraternal-masonic — Craft Lodge — Toronto Humber Valley District,Toronto Humber Valley District (Weston to Etobicoke; Toronto proper),https://www.torontohumbervalley.ca/lodges-within-the-thv-district/,verified-live,2026-08-15
ORG-01417,Anthony Sayer Lodge No. 640,fraternal-chambers,fraternal-masonic — Craft Lodge — Toronto Humber Valley District,Toronto Humber Valley District (Toronto proper),https://www.torontohumbervalley.ca/lodges-within-the-thv-district/,verified-live,2026-08-15
ORG-01418,Antiquity Lodge No. 571,fraternal-chambers,fraternal-masonic — Craft Lodge — Toronto Humber Valley District,Toronto Humber Valley District (Toronto proper),https://www.torontohumbervalley.ca/lodges-within-the-thv-district/,verified-live,2026-08-15
ORG-01419,Astra Mt. Dennis Lodge No. 599,fraternal-chambers,fraternal-masonic — Craft Lodge — Toronto Humber Valley District,Toronto Humber Valley District (Toronto proper — Mount Dennis),https://www.torontohumbervalley.ca/lodges-within-the-thv-district/,verified-live,2026-08-15
ORG-01420,Bridgewood Lodge No. 713 (D),fraternal-chambers,fraternal-masonic — Craft Lodge — Toronto Humber Valley District,"Toronto Humber Valley District; meets in Mississauga (GTA-neighbour temple, district otherwise Toronto proper)",https://www.torontohumbervalley.ca/lodges-within-the-thv-district/,verified-live,2026-08-15
ORG-01421,Doric Lodge No. 316,fraternal-chambers,fraternal-masonic — Craft Lodge — Toronto Humber Valley District,Toronto Humber Valley District (Toronto proper),https://doric316.ca/,verified-live,2026-08-15
ORG-01422,General Mercer Lodge No. 548,fraternal-chambers,fraternal-masonic — Craft Lodge — Toronto Humber Valley District,Toronto Humber Valley District (Toronto proper),https://torontofreemasons.ca/,verified-live,2026-08-15
ORG-01423,Georgina Lodge No. 343,fraternal-chambers,fraternal-masonic — Craft Lodge — Toronto Humber Valley District,Toronto Humber Valley District (Toronto proper — Etobicoke),http://www.georginalodge.com/,verified-live,2026-08-15
ORG-01424,Heredom Lodge No. 749,fraternal-chambers,fraternal-masonic — Craft Lodge — Toronto Humber Valley District,Toronto Humber Valley District (Toronto proper),http://www.heredom.ca/,verified-live,2026-08-15
ORG-01425,Humber Lodge No. 305,fraternal-chambers,fraternal-masonic — Craft Lodge — Toronto Humber Valley District,Toronto Humber Valley District (Toronto proper — Weston),http://www.torontomasons.ca/,verified-live,2026-08-15
ORG-01426,Kilwinning Lodge No. 565,fraternal-chambers,fraternal-masonic — Craft Lodge — Toronto Humber Valley District,Toronto Humber Valley District (Toronto proper),https://www.kilwinning565.com/,verified-live,2026-08-15
ORG-01427,Kingsway Lodge No. 655,fraternal-chambers,fraternal-masonic — Craft Lodge — Toronto Humber Valley District,Toronto Humber Valley District (Toronto proper — Etobicoke),http://www.kingswaylodge.on.ca/,verified-live,2026-08-15
ORG-01428,Maple Leaf Lodge No. 600 (THVD),fraternal-chambers,fraternal-masonic — Craft Lodge — Toronto Humber Valley District,Toronto Humber Valley District (Toronto proper — Etobicoke),https://www.torontohumbervalley.ca/lodges-within-the-thv-district/,verified-live,2026-08-15
ORG-01429,Mississauga Lodge No. 524,fraternal-chambers,fraternal-masonic — Craft Lodge — Toronto Humber Valley District,Toronto Humber Valley District; meets in Mississauga (GTA-neighbour temple),http://www.mississaugalodge.com/,verified-live,2026-08-15
ORG-01430,Orient Lodge No. 339,fraternal-chambers,fraternal-masonic — Craft Lodge — Toronto Humber Valley District,Toronto Humber Valley District (Toronto proper),https://www.torontohumbervalley.ca/lodges-within-the-thv-district/,verified-live,2026-08-15
ORG-01431,Simcoe Lodge No. 644,fraternal-chambers,fraternal-masonic — Craft Lodge — Toronto Humber Valley District,Toronto Humber Valley District (Toronto proper),https://www.torontohumbervalley.ca/lodges-within-the-thv-district/,verified-live,2026-08-15
ORG-01432,Sunnylea Lodge No. 510,fraternal-chambers,fraternal-masonic — Craft Lodge — Toronto Humber Valley District,Toronto Humber Valley District (Toronto proper — Etobicoke),https://thesunnylealodge.ca/,verified-live,2026-08-15
ORG-01433,Superior Lodge No. 501,fraternal-chambers,fraternal-masonic — Craft Lodge — Toronto Humber Valley District,Toronto Humber Valley District (Toronto proper),https://www.torontohumbervalley.ca/lodges-within-the-thv-district/,verified-live,2026-08-15
ORG-01434,Trillium Lodge No. 575,fraternal-chambers,fraternal-masonic — Craft Lodge — Toronto Humber Valley District,Toronto Humber Valley District (Toronto proper — Etobicoke),https://www.torontohumbervalley.ca/lodges-within-the-thv-district/,verified-live,2026-08-15
ORG-01435,University Lodge No. 496,fraternal-chambers,fraternal-masonic — Craft Lodge — Toronto Humber Valley District,Toronto Humber Valley District (Toronto proper),https://university-lodge.ca/,verified-live,2026-08-15
ORG-01436,Victoria Lodge No. 474 (THVD),fraternal-chambers,fraternal-masonic — Craft Lodge — Toronto Humber Valley District,Toronto Humber Valley District (Toronto proper),http://victorialodge.ca/,verified-live,2026-08-15
ORG-01437,Zeta Shamrock Lodge No. 410,fraternal-chambers,fraternal-masonic — Craft Lodge — Toronto Humber Valley District,Toronto Humber Valley District (Toronto proper),https://www.torontohumbervalley.ca/lodges-within-the-thv-district/,verified-live,2026-08-15
ORG-01450,Royal Canadian Legion District D,fraternal-chambers,legion — Royal Canadian Legion — district hub,Greater Toronto Area,http://www.rcldistrictd.com/,verified-live,2026-08-15
ORG-01451,Royal Canadian Legion Branch 10 (Todmorden),fraternal-chambers,"legion — Royal Canadian Legion — branch (District D, Zone 3)",Toronto (Todmorden/East York),https://on.legion.ca/search/,verified-live,2026-08-15
ORG-01452,Royal Canadian Legion Branch 11 (East Toronto),fraternal-chambers,"legion — Royal Canadian Legion — branch (District D, Zone 3)",Toronto (East Toronto/Danforth),https://on.legion.ca/search/,verified-live,2026-08-15
ORG-01453,Royal Canadian Legion Branch 22 (Woodbine Heights),fraternal-chambers,"legion — Royal Canadian Legion — branch (District D, Zone 3)",Toronto (Woodbine Heights),https://on.legion.ca/search/,verified-live,2026-08-15
ORG-01454,Royal Canadian Legion Branch 66 (North York),fraternal-chambers,"legion — Royal Canadian Legion — branch (District D, Zone 3)",Toronto (North York),https://on.legion.ca/search/,verified-live,2026-08-15
ORG-01455,Royal Canadian Legion Branch 344 (Queen's Own Rifles),fraternal-chambers,"legion — Royal Canadian Legion — branch (District D, Zone 3)",Toronto (Lakeshore/South Etobicoke),https://on.legion.ca/search/,verified-live,2026-08-15
ORG-01456,Royal Canadian Legion Branch 1/42 (Baron Byng Beaches),fraternal-chambers,"legion — Royal Canadian Legion — branch (District D, Zone 3)",Toronto (the Beaches),https://on.legion.ca/search/,verified-live,2026-08-15
ORG-01457,Royal Canadian Legion Branch 75 (Fairbank),fraternal-chambers,"legion — Royal Canadian Legion — branch (District D, Zone 3)",Toronto (Fairbank),https://on.legion.ca/search/,verified-live,2026-08-15
ORG-01458,Royal Canadian Legion Branch 527 (Wilson),fraternal-chambers,"legion — Royal Canadian Legion — branch (District D, Zone 3)",Toronto (North York — Sheppard/Wilson),https://on.legion.ca/search/,verified-live,2026-08-15
ORG-01459,Royal Canadian Legion Branch 621 (General W. Anders),fraternal-chambers,"legion — Royal Canadian Legion — branch (District D, Zone 3)",Toronto,https://on.legion.ca/search/,verified-live,2026-08-15
ORG-01460,Royal Canadian Legion Branch 13,fraternal-chambers,"legion — Royal Canadian Legion — branch (District D, Zone 5)",Toronto (east end),https://on.legion.ca/search/,verified-live,2026-08-15
ORG-01461,Royal Canadian Legion Branch 73,fraternal-chambers,"legion — Royal Canadian Legion — branch (District D, Zone 5)",Toronto (east end),https://on.legion.ca/search/,verified-live,2026-08-15
ORG-01462,Royal Canadian Legion Branch 258,fraternal-chambers,"legion — Royal Canadian Legion — branch (District D, Zone 5)",Toronto (east end — Scarborough edge),https://on.legion.ca/search/,verified-live,2026-08-15
ORG-01463,Royal Canadian Legion Branch 165,fraternal-chambers,"legion — Royal Canadian Legion — branch (District D, Zone 5)",Toronto (east end),https://on.legion.ca/search/,verified-live,2026-08-15
ORG-01464,Royal Canadian Legion Branch 345,fraternal-chambers,"legion — Royal Canadian Legion — branch (District D, Zone 5)",Toronto (east end),https://on.legion.ca/search/,verified-live,2026-08-15
ORG-01465,Royal Canadian Legion Branch 614,fraternal-chambers,"legion — Royal Canadian Legion — branch (District D, Zone 5)",Toronto (Scarborough),https://on.legion.ca/search/,verified-live,2026-08-15
ORG-01466,Royal Canadian Legion Branch 617,fraternal-chambers,"legion — Royal Canadian Legion — branch (District D, Zone 5)",Toronto (Scarborough — Warden),https://on.legion.ca/search/,verified-live,2026-08-15
ORG-01473,Albany Club of Toronto,fraternal-chambers,private-social-club — Private club (business/political),Toronto (downtown),https://albanyclub.ca/,verified-live,2026-08-15
ORG-01474,Empire Club of Canada,fraternal-chambers,private-social-club — Speakers' forum / dining club,Toronto,https://empireclubofcanada.com/,verified-live,2026-08-15
ORG-01475,Toronto Club,fraternal-chambers,private-social-club — Private club (business/social),Toronto (downtown),https://www.torontoclub.com/,verified-live,2026-08-15
ORG-01476,National Club,fraternal-chambers,private-social-club — Private club (business/social),Toronto (downtown),https://www.nationalclub.com/,verified-live,2026-08-15
ORG-01534,Trinity College Meeting (TCM),post-secondary,"student government — Trinity College, University of Toronto",Toronto,http://trinlife.net/student-governance/tcm/,verified-live,2026-08-15
ORG-01535,Victoria University Students' Administrative Council (VUSAC),post-secondary,"student government — Victoria College, University of Toronto",Toronto,https://www.vusac.ca/,verified-live,2026-08-15
ORG-01536,University College Literary and Athletic Society (UC Lit),post-secondary,"student government — University College, University of Toronto",Toronto,https://uclit.ca/,verified-live,2026-08-15
ORG-01537,Innis College Student Society (ICSS),post-secondary,"student government — Innis College, University of Toronto",Toronto,https://innisicss.ca/,verified-live,2026-08-15
ORG-01538,New College Student Council (NCSC),post-secondary,"student government — New College, University of Toronto",Toronto,https://myncsc.ca,verified-live,2026-08-15
ORG-01539,Woodsworth College Students' Association (WCSA),post-secondary,"student government — Woodsworth College, University of Toronto",Toronto,http://www.mywcsa.com,verified-live,2026-08-15
ORG-01540,St. Michael's College Students' Union (SMCSU),post-secondary,"student government — St. Michael's College, University of Toronto",Toronto,https://usmcsu.ca/,verified-live,2026-08-15
ORG-01541,Centre for Community Partnerships (CCP),post-secondary,"campus organization — community-engaged learning/research centre, University of Toronto",Toronto,https://studentlife.utoronto.ca/department/centre-for-community-partnerships/,verified-live,2026-08-15
ORG-01542,First Nations House (Indigenous Student Services),post-secondary,"campus organization — Indigenous student services centre, University of Toronto (tri-campus)",Toronto,https://studentlife.utoronto.ca/department/first-nations-house/,verified-live,2026-08-15
ORG-01543,Multi-Faith Centre for Spiritual Study and Practice,post-secondary,"campus organization — interfaith/spiritual-life centre, University of Toronto (St. George)",Toronto,https://studentlife.utoronto.ca/department/multi-faith-centre/,verified-live,2026-08-15
ORG-01544,Hillel at the University of Toronto (Student Chapter),post-secondary,"student-club — Jewish campus life (Hillel chapter), University of Toronto St. George",Toronto,https://hillelontario.org/uoft/,verified-live,2026-08-15
ORG-01545,Muslim Students' Association (MSA) — UTM chapter,post-secondary,"student-club — Muslim campus life (MSA chapter), University of Toronto Mississauga",Peel,http://www.utmmsa.org,verified-live,2026-08-15
ORG-01546,Downtown Legal Services (DLS),post-secondary,"campus organization — community legal clinic, University of Toronto Faculty of Law",Toronto,https://downtownlegalservices.ca/,verified-live,2026-08-15
ORG-01547,UTSU Food Bank,post-secondary,"campus organization — student food bank (UTSU), University of Toronto",Toronto,https://www.utsu.ca/food-bank/,verified-live,2026-08-15
ORG-01548,The Varsity,post-secondary,"campus media — tri-campus student newspaper of record, University of Toronto",Toronto,https://thevarsity.ca/,verified-live,2026-08-15
ORG-01549,CIUT 89.5FM,post-secondary,"campus media — campus & community radio station, University of Toronto",Toronto,https://ciut.fm/,verified-live,2026-08-15
ORG-01550,The Medium,post-secondary,"campus media — independent student newspaper, University of Toronto Mississauga",Peel,https://themedium.ca/,verified-live,2026-08-15
ORG-01551,The Underground,post-secondary,"campus media — official student news publication, University of Toronto Scarborough",Toronto,https://the-underground.online/,verified-live,2026-08-15
ORG-01552,The Strand,post-secondary,"campus media — student newspaper of record, Victoria University (University of Toronto)",Toronto,https://thestrand.ca/,verified-live,2026-08-15
ORG-01553,The Mike,post-secondary,"campus media — student newspaper, St. Michael's College (University of Toronto)",Toronto,,verified-live,2026-08-15
ORG-01554,Alumni of Victoria College (AVC) / Victoria University Alumni Affairs & Advancement,post-secondary,"alumni association — Victoria University, University of Toronto",Toronto,https://www.vicu.utoronto.ca/alumni,verified-live,2026-08-15
ORG-01555,Diversity Institute (Ted Rogers School of Management),post-secondary,"campus organization — EDI/economic-inclusion applied-research institute, Ted Rogers School of Management (Toronto Metropolitan University)",Toronto,https://www.torontomu.ca/diversity/,verified-live,2026-08-15
ORG-01556,The Eyeopener,post-secondary,"campus media — independent student newspaper, Toronto Metropolitan University",Toronto,https://theeyeopener.com/,verified-live,2026-08-15
ORG-01557,Met Radio (CJRU 1280AM),post-secondary,"campus media — campus & community radio/multimedia hub, Toronto Metropolitan University",Toronto,https://www.metradio.ca/,verified-live,2026-08-15
ORG-01558,Hillel (TMU),post-secondary,"student-club — Jewish campus life (Hillel chapter), Toronto Metropolitan University",Toronto,https://www.hillelontario.org,verified-live,2026-08-15
ORG-01559,Muslim Student Association (TMU),post-secondary,"student-club — Muslim campus life (MSA chapter), Toronto Metropolitan University",Toronto,,verified-live,2026-08-15
ORG-01560,Indigenous TMU / Indigenous Student Services,post-secondary,"campus organization — Indigenous student services office, Toronto Metropolitan University",Toronto,https://www.torontomu.ca/indigenous/,verified-live,2026-08-15
ORG-01561,Toronto Metropolitan Faculty Association (TFA),post-secondary,faculty-union — Toronto Metropolitan University,Toronto,https://www.tfanet.ca/,verified-live,2026-08-15
ORG-01564,TMSU Good Food Centre,post-secondary,"campus organization — student food bank (TMSU), Toronto Metropolitan University",Toronto,https://yourtmsu.ca/food,verified-live,2026-08-15
ORG-01565,TMSU Legal Services,post-secondary,"campus organization — student legal services (TMSU), Toronto Metropolitan University",Toronto,https://yourtmsu.ca/services/legal-services/,verified-live,2026-08-15
ORG-01566,Cultural Policy Hub (OCAD University),post-secondary,"campus organization — cultural-policy research hub, OCAD University",Toronto,https://culturalpolicyhub.ocadu.ca/,verified-live,2026-08-15
ORG-01567,OCAD U Indigenous Student Centre,post-secondary,"campus organization — Indigenous student services office, OCAD University",Toronto,https://www.ocadu.ca/student-services/indigenous-student-centre,verified-live,2026-08-15
ORG-01568,OCAD U Muslim Student Association,post-secondary,"student-club — Muslim campus life, OCAD University",Toronto,,verified-live,2026-08-15
ORG-01569,OCAD U Jewish Club,post-secondary,"student-club — Jewish/Israeli campus life, OCAD University",Toronto,,verified-live,2026-08-15
ORG-01570,OCAD U Indigenous Student Association,post-secondary,"student-club — Indigenous students, OCAD University (distinct from the institutional Indigenous Student Centre)",Toronto,https://www.ocadu.ca/student-services/indigenous-student-centre/indigenous-student-association,verified-live,2026-08-15
ORG-01571,OCAD University Faculty Association (OCADFA),post-secondary,faculty-union — OCAD University,Toronto,https://ocadfa.ca/,verified-live,2026-08-15
ORG-01572,OCADSU Food & Materials,post-secondary,"campus organization — student food bank + grants (OCADSU), OCAD University",Toronto,https://www.ocadsu.org/services/food-materials,verified-live,2026-08-15
ORG-01573,OCADSU Legal Aid & Advocacy,post-secondary,"campus organization — student legal services + advocacy (OCADSU), OCAD University",Toronto,https://www.ocadsu.org/services/legal-and-advocacy-support,verified-live,2026-08-15
ORG-01574,Glendon College Student Union (GCSU / l'Association Étudiante du Collège Glendon),post-secondary,"student government — Glendon College, York University (bilingual; one of 9 Recognized College Student Governments)",Toronto,https://www.glendon.yorku.ca/gcsu/,verified-live,2026-08-15
ORG-01575,CERLAC (Centre for Research on Latin America and the Caribbean),post-secondary,"campus organization — Latin America/Caribbean & diaspora research centre, York University",York,https://www.yorku.ca/cerlac/,verified-live,2026-08-15
ORG-01576,Excalibur,post-secondary,"campus media — independent student newspaper, York University (Keele)",York,https://www.excal.on.ca/,verified-live,2026-08-15
ORG-01577,YFile,post-secondary,"campus media — official university news/communications outlet, York University",York,https://www.yorku.ca/yfile/,verified-live,2026-08-15
ORG-01582,YFS Food Support Centre,post-secondary,"campus organization — student food bank (YFS), York University (Keele)",York,https://www.yfs.ca/fsc,verified-live,2026-08-15
ORG-01583,University of Guelph-Humber Student Senators (University of Guelph Senate representation),post-secondary,student governance channel — University of Guelph-Humber (elected Senate representation to University of Guelph),Toronto,https://www.guelphhumber.ca/current-students/student-government,verified-live,2026-08-15
ORG-01584,"Office of Equity, Diversity, Inclusion & Belonging (EDIB)",post-secondary,"campus organization — equity, diversity, inclusion & belonging office, Humber College",Toronto,https://humber.ca/inclusion-belonging/edib,verified-live,2026-08-15
ORG-01585,Indigenous Education & Engagement,post-secondary,"campus organization — Indigenous student/community office, Humber College",Toronto,https://humber.ca/indigenous,verified-live,2026-08-15
ORG-01586,Humber Et Cetera,post-secondary,"campus media — journalism-program teaching newspaper, Humber College",Toronto,https://www.humberetc.ca/,verified-live,2026-08-15
ORG-01587,Radio Humber (96.9 CKHC-FM),post-secondary,"campus media — CRTC-licensed campus instructional radio station, Humber College",Toronto,https://radio.humber.ca/,verified-live,2026-08-15
ORG-01588,Humber Alumni (Advancement and Alumni),post-secondary,alumni association — Humber College,Toronto,https://humber.ca/alumni,verified-live,2026-08-15
ORG-01589,University of Guelph-Humber Alumni & Donors,post-secondary,alumni association — University of Guelph-Humber,Toronto,https://www.guelphhumber.ca/alumni,verified-live,2026-08-15
ORG-01590,IGNITE Soupbar,post-secondary,"campus organization — free-soup food-insecurity initiative (IGNITE), Humber College & University of Guelph-Humber",Toronto,https://ignitestudentunion.ca/soupbar/,verified-live,2026-08-15
ORG-01591,The Dialog,post-secondary,"campus media — independent student newspaper (Canadian University Press member), George Brown College",Toronto,http://dialognews.ca/,verified-live,2026-08-15
ORG-01592,OPSEU/SEFPO — College Faculty (CAAT-A FT/PL) sector,labour,"province-wide union sector — Ontario college full-time/partial-load academic faculty, counsellors & librarians (CAAT-A) across all 24 Ontario colleges, incl. George Brown, Seneca, Centennial, Humber",Ontario,https://opseu.org/sectors/colleges/faculty/,verified-live,2026-08-15
ORG-01593,SA Student Nutrition Access Program (SNAP),post-secondary,"campus organization — student food-security program (Student Association), George Brown College",Toronto,https://www.studentassociation.ca/snap/,verified-live,2026-08-15
ORG-01594,SA Student Legal Services,post-secondary,"campus organization — student legal services (Student Association), George Brown College",Toronto,https://www.studentassociation.ca/legal/,verified-live,2026-08-15
ORG-01595,First Peoples@Seneca,post-secondary,"campus organization — Indigenous student services centre, Seneca Polytechnic",Toronto,https://www.senecapolytechnic.ca/student-services-and-support/first-peoples.html,verified-live,2026-08-15
ORG-01596,SSF Food Support Program,post-secondary,"campus organization — student food-box program (SSF), Seneca Polytechnic",Toronto,https://ssfinc.ca/food-bank,verified-live,2026-08-15
ORG-01597,SSF Legal Aid Clinic,post-secondary,"campus organization — student legal aid clinic (SSF), Seneca Polytechnic",Toronto,https://ssfinc.ca/legal-aid,verified-live,2026-08-15
ORG-01598,"Innovation, Inclusion, Reconciliation and Healing (IIRH) Portfolio",post-secondary,"campus organization — decolonization/EDI/reconciliation portfolio, Centennial College",Toronto,https://www.centennialcollege.ca/about-centennial/innovation-inclusion-reconciliation-and-healing/,verified-live,2026-08-15
ORG-01600,Office of Development and Alumni Engagement,post-secondary,alumni association — Centennial College,Toronto,https://www.centennialcollege.ca/student-life/the-office-of-development-and-alumni-engagement/,verified-live,2026-08-15
ORG-01601,Indigenous Reconciliation and Healing (The Eighth Fire),post-secondary,"campus organization — Indigenous reconciliation department (under IIRH portfolio), Centennial College",Toronto,https://www.centennialcollege.ca/about-centennial/innovation-inclusion-reconciliation-and-healing/,verified-live,2026-08-15
ORG-01602,OPSEU/SEFPO Local 559 — Centennial College (College Support Full-Time),labour,"union local — Centennial College support staff (CAAT-S FT), OPSEU/SEFPO",Toronto,https://opseu.org/sectors/colleges/college-support-full-time/,verified-live,2026-08-15
ORG-01603,CCSAI Food Bank,post-secondary,"campus organization — student food bank (CCSAI), Centennial College",Toronto,https://ccsai.ca/food-bank/,verified-live,2026-08-15
ORG-01604,CCSAI Legal Services,post-secondary,"campus organization — student legal services (CCSAI), Centennial College",Toronto,https://ccsai.ca/legal-services/,verified-live,2026-08-15
ORG-01605,Flower City Lodge No. 689,fraternal-chambers,fraternal-masonic — Craft Lodge — Toronto West District (Peel Region),Peel (Brampton),https://www.torontowestdistrict.com/portfolio/flower-city-no-689/,verified-live,2026-08-16
ORG-01606,Chinguacousy Lodge No. 738,fraternal-chambers,fraternal-masonic — Craft Lodge — Toronto West District (Peel Region),Peel (Brampton),https://www.torontowestdistrict.com/portfolio/chinguacousy-no-738/,verified-live,2026-08-16
ORG-01607,Ibrox Lodge No. 740,fraternal-chambers,fraternal-masonic — Craft Lodge — Toronto West District (Peel Region),Peel (Brampton),https://www.torontowestdistrict.com/portfolio/ibrox-no-740/,verified-live,2026-08-16
ORG-01608,Ionic Lodge No. 229 (TWD),fraternal-chambers,fraternal-masonic — Craft Lodge — Toronto West District (Peel Region),Peel (Brampton),https://www.torontowestdistrict.com/portfolio/iconic-no-229/,verified-live,2026-08-16
ORG-01609,Unity Lodge No. 710,fraternal-chambers,fraternal-masonic — Craft Lodge — Toronto West District (Peel Region),Peel (Brampton),https://www.torontowestdistrict.com/portfolio/unity-no-710/,verified-live,2026-08-16
ORG-01610,Peel Lodge No. 468,fraternal-chambers,fraternal-masonic — Craft Lodge — Toronto West District (Peel Region),Peel (Caledon),https://www.torontowestdistrict.com/portfolio/peel-no-468/,verified-live,2026-08-16
ORG-01611,Joseph A. Hearn Lodge No. 685,fraternal-chambers,fraternal-masonic — Craft Lodge — Toronto West District (Peel Region),Peel (Streetsville/Mississauga),https://www.torontowestdistrict.com/portfolio/joseph-a-hearn-no-685/,verified-live,2026-08-16
ORG-01612,River Park Lodge No. 356,fraternal-chambers,fraternal-masonic — Craft Lodge — Toronto West District (Peel Region),Peel (Streetsville/Mississauga),https://www.torontowestdistrict.com/portfolio/river-park-lodge-no-685/,verified-live,2026-08-16
ORG-01613,South Gate Lodge No. 674,fraternal-chambers,fraternal-masonic — Craft Lodge — Toronto West District (Peel Region),Peel (Streetsville/Mississauga),https://www.torontowestdistrict.com/portfolio/south-gate-lodge-no-674/,verified-live,2026-08-16
ORG-01614,West Gate Lodge No. 734,fraternal-chambers,fraternal-masonic — Craft Lodge — Toronto West District (Peel Region),Peel (Streetsville/Mississauga),https://www.torontowestdistrict.com/portfolio/west-gate-lodge-no-734/,verified-live,2026-08-16
ORG-01617,Aurora Lodge No. 148 (IOOF),fraternal-chambers,fraternal-service — Independent Order of Odd Fellows — subordinate lodge,York (Aurora),,verified-live,2026-08-16
ORG-01618,Kin Canada (national office),fraternal-chambers,fraternal-service — Kin Canada — national governing body,Ontario,https://www.kincanada.ca/,verified-live,2026-08-16
ORG-01619,PROBUS Canada (national association),fraternal-chambers,fraternal-service — PROBUS — national association,Ontario,https://www.probuscanada.ca/,verified-live,2026-08-16
ORG-01622,"John H. Daniels Faculty of Architecture, Landscape and Design",university-department,"academic department — urban planning/urban design/architecture/landscape faculty, University of Toronto",Toronto,https://www.daniels.utoronto.ca/,verified-live,2026-08-16
ORG-01623,Dalla Lana School of Public Health (DLSPH),university-department,"academic department — public health graduate school, University of Toronto",Toronto,https://www.dlsph.utoronto.ca/,verified-live,2026-08-16
ORG-01624,Factor-Inwentash Faculty of Social Work (FIFSW),university-department,"academic department — social work faculty, University of Toronto",Toronto,https://socialwork.utoronto.ca/,verified-live,2026-08-16
ORG-01625,School of the Environment (University of Toronto),university-department,"academic department — environmental studies/sustainability programs, University of Toronto",Toronto,https://www.environment.utoronto.ca/,verified-live,2026-08-16
ORG-01626,"School of Urban and Regional Planning (Faculty of Community Services, TMU)",university-department,"academic department — urban planning school within TMU's Faculty of Community Services, Toronto Metropolitan University",Toronto,https://www.torontomu.ca/school-of-urban-and-regional-planning/,verified-live,2026-08-16
ORG-01627,School of Social Work (TMU),university-department,"academic department — undergraduate (BSW) and graduate (MSW) social work programs, Faculty of Community Services, Toronto Metropolitan University",Toronto,https://www.torontomu.ca/social-work/,verified-live,2026-08-16
ORG-01628,"School of Occupational and Public Health (Faculty of Community Services, TMU)",university-department,"academic department — public/occupational health school within TMU's Faculty of Community Services, Toronto Metropolitan University",Toronto,https://www.torontomu.ca/occupational-public-health/,verified-live,2026-08-16
ORG-01629,"School of Journalism (The Creative School, TMU)",university-department,"academic department — Canada's largest journalism school; Bachelor and Master of Journalism programs, Toronto Metropolitan University",Toronto,https://www.torontomu.ca/journalism/,verified-live,2026-08-16
ORG-01630,"RTA School of Media (The Creative School, TMU)",university-department,"academic department — top-ranked media production school; Media Production and Sport Media programs, Toronto Metropolitan University",Toronto,https://www.torontomu.ca/rta/,verified-live,2026-08-16
ORG-01631,Ted Rogers School of Management (TMU),university-department,"academic department — TMU's business school; hosts the Diversity Institute, Toronto Metropolitan University",Toronto,https://www.torontomu.ca/tedrogersschool/,verified-live,2026-08-16
ORG-01632,The G. Raymond Chang School of Continuing Education (TMU),university-department,"academic department — TMU's continuing-education division; certificates/microcredentials for adult learners, Toronto Metropolitan University",Toronto,https://continuing.torontomu.ca/,verified-live,2026-08-16
ORG-01633,"Faculty of Community Services (FCS, TMU)",university-department,"academic department — umbrella faculty housing Social Work, Urban & Regional Planning, Occupational & Public Health, Nursing, Nutrition, Disability Studies, Child & Youth Care, Early Childhood Studies, Midwifery, Toronto Metropolitan University",Toronto,https://www.torontomu.ca/fcs/,verified-live,2026-08-16
ORG-01634,"Faculty of Environmental & Urban Change (EUC, York University)",university-department,"academic department — York's signature environmental/urban faculty; undergrad programs in Cities Regions Planning, Environmental Arts & Justice, Environmental Science, Global Geography, Sustainable Environmental Management, York University",York,https://euc.yorku.ca/,verified-live,2026-08-16
ORG-01635,"School of Public Policy & Administration (SPPA, York University)",university-department,"academic department — public policy/administration school under LA&PS; partnered with IPAC, York University",York,https://www.yorku.ca/laps/sppa/,verified-live,2026-08-16
ORG-01636,"School of Social Work (SOWK, York University)",university-department,"academic department — social work school under LA&PS, York University",York,https://www.yorku.ca/laps/sowk/,verified-live,2026-08-16
ORG-01637,"Faculty of Liberal Arts & Professional Studies (LA&PS, York University)",university-department,"academic department — York's largest liberal arts faculty (~100 programs); parent faculty to SPPA, Social Work, Politics, Sociology, York University",York,https://www.yorku.ca/laps/,verified-live,2026-08-16
ORG-01638,Faculty of Health (York University),university-department,"academic department — houses School of Global Health, School of Health Policy & Management, School of Kinesiology & Health Science, School of Nursing, Dept. of Psychology, York University",York,https://www.yorku.ca/health/,verified-live,2026-08-16
ORG-01639,"Humber Journalism (Faculty of Media, Creative Arts, and Design, Humber College)",university-department,"academic department — Advanced Diploma and Ontario Graduate Certificate journalism programs; runs StoryLab collaborative newsroom, Humber College",Toronto,https://humber.ca/journalism,verified-live,2026-08-16
ORG-01640,Faculty of Social & Community Services (Humber College),university-department,"academic department — one of Humber's six academic faculties, Humber College",Toronto,https://humber.ca/about-humber,verified-live,2026-08-16
ORG-01641,Faculty of Health & Life Sciences (Humber College),university-department,"academic department — one of Humber's six academic faculties, Humber College",Toronto,https://humber.ca/about-humber,verified-live,2026-08-16
ORG-01642,George Brown Polytechnic — Community Services & Early Childhood degree cluster,university-department,"academic department — Honours Bachelor of Interpretation (ASL); Early Childhood Education; Honours Bachelor of Early Childhood Leadership, George Brown College",Toronto,https://www.georgebrown.ca/,verified-live,2026-08-16
ORG-01643,George Brown Polytechnic — School of Architectural Studies (Limberlost Place),university-department,"academic department — 10-storey mass-timber building opened 2025, Ontario's first institutional building of its kind; also houses a research institute and child care centre, George Brown College",Toronto,https://www.georgebrown.ca/,verified-live,2026-08-16
ORG-01644,Seneca Polytechnic — School of Community and Health,university-department,"academic department — Community Services, Social Service Worker, Child and Youth Care, Behavioural Sciences, Early Childhood Education, Environmental Landscape Management, Recreation and Leisure Services, Public Safety and Police Studies, Nursing, Seneca Polytechnic",Toronto,https://www.senecapolytechnic.ca/,verified-live,2026-08-16
ORG-01645,Seneca Polytechnic — Media / Seneca Film Institute,university-department,"academic department — program area under the Communication, Art & Design school, Seneca Polytechnic",Toronto,https://www.senecapolytechnic.ca/,verified-live,2026-08-16
ORG-01646,Centennial College — Community and Child Services program cluster,university-department,"academic department — Addiction and Mental Health Worker, Child and Youth Care, Community and Child Studies Foundations, Community and Justice Services, Community Development Work, Developmental Services Worker, Early Childhood Education, Social Service Worker, Centennial College",Toronto,https://www.centennialcollege.ca/community-and-child-services/,verified-live,2026-08-16
ORG-01647,Centennial College — School of Media and Creative Arts (Broadcasting program),university-department,"academic department — Broadcasting - Film, Television, Digital Media and Radio; Ontario College Advanced Diploma, 30+ years running, Centennial College",Toronto,https://www.centennialcollege.ca/programs-courses/full-time/radio-television-film-digital-media,verified-live,2026-08-16
ORG-01648,Student Organisation Portal (SOP),campus-infrastructure,"club-registry platform — U of T's official tri-campus student-group recognition and directory platform (~1,830 substantive listed groups per 2026-08-15 pagination count), University of Toronto",Toronto,https://sop.utoronto.ca/,verified-live,2026-08-16
ORG-01649,UTMSU Clubs (utmsu.ca/clubs),campus-infrastructure,"club-registry platform — UTM student union's own parallel club list/recognition process, run alongside SOP (~135 individually named clubs), University of Toronto Mississauga",Peel,https://utmsu.ca/clubs/,verified-live,2026-08-16
ORG-01650,TMSU Campus Group Directory (Student Groups),campus-infrastructure,"club-registry platform — TMSU's own in-house club directory, flat WordPress page (183 clubs counted directly, 2026-08-15), Toronto Metropolitan University",Toronto,https://yourtmsu.ca/groups/,verified-live,2026-08-16
ORG-01651,OCAD U Student Clubs directory,campus-infrastructure,"club-registry platform — university-run Drupal club directory with a 15-category Group Type filter (""over 50 student groups"" per OCAD's own stated figure), OCAD University",Toronto,https://www.ocadu.ca/campus-life/student-clubs,verified-live,2026-08-16
ORG-01652,OCAD U Student Clubs — Advocacy,campus-infrastructure,"club-registry platform — category-filtered view of the OCAD U club registry (8 clubs counted via live category filter, 2026-08-15), OCAD University",Toronto,https://www.ocadu.ca/campus-life/student-clubs,verified-live,2026-08-16
ORG-01653,OCAD U Student Clubs — Political,campus-infrastructure,"club-registry platform — category-filtered view of the OCAD U club registry (1 club — OCAD U Revolutionary Communist Party, 2026-08-15), OCAD University",Toronto,https://www.ocadu.ca/campus-life/student-clubs,verified-live,2026-08-16
ORG-01654,YU Connect,campus-infrastructure,"club-registry platform — York's official CampusGroups-powered (Ready Education) co-curricular platform; system of record for all recognized student clubs and college/faculty student governments, admin'd by SCLD (login-walled, no public count), York University",York,https://yuconnect.yorku.ca/,verified-live,2026-08-16
ORG-01655,YFS Clubs Directory,campus-infrastructure,"club-registry platform — York Federation of Students' own public clubs directory, YFS-ratified clubs only (""close to 400 clubs"" per YFS's own stated figure), York University (Keele)",York,https://www.yfs.ca/clubsdirectory,verified-live,2026-08-16
ORG-01656,IGNITE Clubs (MyIGNITE club directory),campus-infrastructure,"club-registry platform — IGNITE's official club registry for Humber + Guelph-Humber, hosted on the MyIGNITE portal (login-walled, no public count), Humber College",Toronto,https://ignitestudentunion.ca/clubs/,verified-live,2026-08-16
ORG-01657,University of Guelph-Humber Societies,campus-infrastructure,"club-registry platform — UofGH's own separate student-club layer (""Societies,"" not clubs), 20 named societies publicly listed, University of Guelph-Humber (Humber College)",Toronto,https://www.guelphhumber.ca/current-students/societies,verified-live,2026-08-16
ORG-01658,SA Clubs & Student-Led Networks,campus-infrastructure,"club-registry platform — club registry hosted directly on the SA's own site, not a third-party platform (57 active clubs total, hand-counted 2026-08-15), George Brown College",Toronto,https://www.studentassociation.ca/clubs/,verified-live,2026-08-16
ORG-01659,SA Clubs directory — Academic Student Clubs,campus-infrastructure,"club-registry platform — category-level club count within the SA's clubs directory (17 clubs), George Brown College",Toronto,https://www.studentassociation.ca/clubs/,verified-live,2026-08-16
ORG-01660,SA Clubs directory — Social and Cultural Student Clubs,campus-infrastructure,"club-registry platform — category-level club count within the SA's clubs directory (19 clubs), George Brown College",Toronto,https://www.studentassociation.ca/clubs/,verified-live,2026-08-16
ORG-01661,SA Clubs directory — Health and Counselling Student Clubs,campus-infrastructure,"club-registry platform — category-level club count within the SA's clubs directory (2 clubs), George Brown College",Toronto,https://www.studentassociation.ca/clubs/,verified-live,2026-08-16
ORG-01662,SA Clubs directory — Recreational Student Clubs,campus-infrastructure,"club-registry platform — category-level club count within the SA's clubs directory (19 clubs), George Brown College",Toronto,https://www.studentassociation.ca/clubs/,verified-live,2026-08-16
ORG-01663,SSF Clubs Hub (clubs.ssfinc.ca),campus-infrastructure,"club-registry platform — third-party CampusGroups-powered (Ready Education) platform branded ""SSF Clubs Hub"" (entirely login-walled, no public count), Seneca Polytechnic",Toronto,https://clubs.ssfinc.ca/,verified-live,2026-08-16
ORG-01664,CCSAI Clubs directory,campus-infrastructure,"club-registry platform — hosted on CCSAI's own WordPress site (13 clubs confirmed via direct pagination fetch, 2026-08-15), Centennial College",Toronto,https://ccsai.ca/clubs/,verified-live,2026-08-16
ORG-01673,Weston Village Residents' Association (WVRA),neighbourhood-association-federation,"resident/ratepayer association — Weston Village, Toronto (York/Weston); distinct elected executive (Chair/Vice-Chairs/Corporate Secretary/Treasurer/Directors) plus a Steering Committee, confirmed via live fetch 2026-08-16 — resolves the prior ambiguity noted on ORG-01350's own row (a 'Facebook-only Weston Village Residents Association') into a distinct, actively governed sibling org",Toronto,https://welcometoweston.ca/about-the-wvra/who-we-are,verified-live,2026-08-16
ORG-01675,"Toronto ACS (Auxiliary Communications Service, formerly Toronto ARES)",emergency-resilience,ham-radio auxiliary communications group physically embedded inside Toronto's Emergency Operations Centre (callsign VA3EOT); also operates VE3EST at the City's Community & Neighbourhood Services ops centre,Toronto,https://acs.meskes.ca,verified-live,2026-08-16
ORG-01678,OpenSports,sport-recreation,"Toronto-based (10 Dundas St E) web+app platform for pickup-sports organizers: events, payment, waitlists, refunds, communication; used by ""hundreds of pickleball clubs""",Toronto,https://opensports.net/,verified-live,2026-08-16
ORG-01679,AccessNow,civil-society-advocacy,Toronto-founded (Maayan Ziv) crowdsourced accessibility-mapping app/platform rating building and public-transit accessibility; expanded to 30+ countries; Governor General's Innovation Award recipient,Toronto,https://accessnow.com/,verified-live,2026-08-16
ORG-01680,Toronto Tenant Union (TTU),tenant-housing-advocacy,citywide tenant union formed by merger of York South-Weston Tenant Union and Climate Justice TO; documents the largest rent strike in Toronto history (1440/1442 Lawrence Ave W),Toronto,https://www.tenantunion.ca/,verified-live,2026-08-16
ORG-01681,RenovictionsTO,tenant-housing-advocacy,"volunteer-run project documenting renovictions, own-use evictions, and above-guideline-increase applications; interactive Map, searchable Tracker, anonymous Report intake form; published report on 160+ documented cases",Toronto,https://renovictionsto.com/,verified-live,2026-08-16
ORG-01682,WISCA (Women in Software and Computing Association),professional-association,legacy volunteer/leader spinoff of Women Who Code Toronto and Women Who Code Vancouver; Toronto-specific Slack/Instagram/X/Facebook/LinkedIn community distinct from the parallel Vancouver chapter,Toronto,http://www.womeninsoftware.ca/,verified-live,2026-08-16
ORG-01683,GTALUG (Greater Toronto Area Linux User Group),oss-community,"monthly meetings 2nd Tuesday, hybrid format at TMU's George Vari Engineering and Computing Centre + self-hosted Nextcloud video call; long institutional history",Toronto,https://www.gtalug.org/,verified-live,2026-08-16
ORG-01684,REFACTOR (formerly #TechMasters),professional-association,"largest general-purpose Toronto-native open developer community found across the tech census — 17,000+ members claimed; explicit multi-org partner model (DevTO, Full Stack Toronto, NodeDay, Functions17)",Toronto,https://techmasters.chat/,verified-live,2026-08-16
ORG-01685,Code for Canada,deliberation-civic-tech,"national GovTech nonprofit, HQ Toronto; pivoted from fellowship to consulting services",Toronto,https://codefor.ca/,verified-live,2026-08-16
ORG-01693,Fintech Cadence,business-incubator,"Canada's fintech hub/accelerator (Montreal-founded, Toronto office); no-fee no-equity Fintech Hub program, partly City of Toronto-backed",Toronto,https://fintechcadence.com,verified-live,2026-08-16
ORG-01694,Toronto DAO,deliberation-civic-tech,"self-described DAO aiming to be an online city hall for Toronto residents; small recurring meetup, not an operating platform",Toronto,https://tdao.to,verified-live,2026-08-16
ORG-01695,AI Tinkerers Toronto,professional-association,"curated demo-first AI builder community; part of a 247-city global network; ~5,300-5,500 Toronto members",Toronto,https://toronto.aitinkerers.org/,verified-live,2026-08-16
ORG-01699,NPower Canada (Toronto),education-training,free 15-week tech training + paid internships for underserved youth/adults,Toronto,https://npowercanada.ca/programs/,verified-live,2026-08-16
ORG-01700,Endeavour (Volunteer Consulting for Non-Profits),business-incubator,Toronto-based pro bono management-consulting matching skilled volunteers to nonprofits,Toronto,https://endeavourvolunteer.ca/,verified-live,2026-08-16
ORG-01703,UofTHacks,professional-association,"University of Toronto student hackathon, 500+ participants",Toronto,https://uofthacks.com/,verified-live,2026-08-16
ORG-01705,Free Geek Toronto,civil-society-advocacy,technology reuse/refurbishment nonprofit; delivered 80 laptops to Pathways to Education Regent Park in 2025/26,Toronto,https://www.freegeektoronto.org/,verified-live,2026-08-16
ORG-01706,Schwartz Reisman Institute for Technology and Society (SRI),research-policy,UofT interdisciplinary institute on AI/technology and society; Research + Solutions streams,Toronto,https://srinstitute.utoronto.ca/,verified-live,2026-08-16
ORG-01707,Citizen Lab,civil-society-advocacy,"world-renowned UofT/Munk School research unit on digital threats to rights, democracy, and security",Toronto,https://citizenlab.ca/,verified-live,2026-08-16
ORG-01711,McConnell Foundation,philanthropy-social-finance,Montreal-based national foundation; funds The Dais and Toronto Public Library's Centre for Democracy,Ontario,https://www.mcconnellfoundation.ca/,verified-live,2026-08-16
ORG-01714,The City Institute at York University (CITY),research-policy,"York's urban studies research institute; hosted the 2021 CivicLabTO Summit; runs a seminar series, grad symposium, and the Toronto Urban Journal",York,https://www.yorku.ca/cityinstitute/,verified-live,2026-08-16
ORG-01715,Cohere,ai-industry,"LLM/enterprise-AI firm, Toronto HQ; merging with Aleph Alpha, valued ~$20B on close",Toronto,https://cohere.com,verified-live,2026-08-16
ORG-01716,Signal 1,ai-industry,"healthcare AI governance/management platform (AIMS), built with Unity Health Toronto/St. Michael's",Toronto,https://signal1.ai,verified-live,2026-08-16
ORG-01717,TorontoAI / torontoai.org meetup,professional-association,"6,738-10,000+ members claimed; organizer also founder of Databricks-partner consultancy BeCloudReady",Toronto,https://www.meetup.com/torontoai/,verified-live,2026-08-16
ORG-01718,Open Council,community-media,"Ontario-wide municipal-government transparency/tracking site: motions, election dates, candidate interviews, transparency checklists",Ontario,https://opencouncil.ca,verified-live,2026-08-16
ORG-01720,Grantbook,business-incubator,"strategic tech consultancy exclusively serving philanthropy/grantmakers — digital strategy, software audit/selection, implementation; first Canadian company majority-owned by an Employee Ownership Trust",Toronto,https://grantbook.com,verified-live,2026-08-16
ORG-01721,TechSoup Canada,civil-society-advocacy,national nonprofit tech donation/discount program plus training; AI services via the Tapp Network partnership,Ontario,https://techsoup.ca,verified-live,2026-08-16
ORG-01722,Toronto Midnight Runners,sport-recreation,run crew with a Strava-club presence; RSVP/coordination via Heylo alongside Instagram for identity/recruitment,Toronto,https://www.strava.com/clubs/midnightrunnerstoronto,verified-live,2026-08-16
ORG-01724,IEEE Toronto Section,professional-association,"well-resourced professional engineering body; won IEEE Canada's ""Exemplary Large Section"" award (2023); already hosting a 2027 flagship conference (40th CCECE) booked at TMU",Toronto,https://www.ieeetoronto.ca/,verified-live,2026-08-16
ORG-01727,Toronto Open Data Portal,government-program,"City of Toronto's open data catalogue; 2026 roadmap incl. Open Data Incubator, AI search, community-built MCP server prototype.",Toronto,,verified-live,2026-08-16
ORG-01728,City of Toronto Open Data Portal / Data & Analytics Unit,government-program,"City division est. 2019 operating the Open Data Portal; 28,522 downloads Q1 2026, 2026 roadmap published. Distinct from the public-facing portal row above (this is the operating division).",Toronto,,verified-live,2026-08-16
ORG-01731,Toronto Public Library — AI Upskilling Initiative,program-or-instrument,"City-wide AI literacy/adoption initiative funded by $2.7M Google.org grant; targets 11,000+ community members. Parent: Toronto Public Library (ORG-00114).",Toronto,,verified-live,2026-08-16
ORG-01732,Co-designing Inclusive Cities (IDRC),program-or-instrument,IDRC sub-project: inclusive design framework for connected cities/neighbourhoods. Parent: Inclusive Design Research Centre (ORG-01208).,Toronto,,verified-live,2026-08-16
ORG-01733,City of Toronto — Student Connect,government-program,"City's own paid student election-day-worker program; high schoolers 16+ work as Access/Customer Service/Tabulator Officers, $280/day.",Toronto,,verified-live,2026-08-16
ORG-01735,Toronto Centre Projects (Go Vocal instance),government-program,"Ward-level participatory budgeting/engagement platform instance on Go Vocal, run by Councillor Chris Moise's office (Ward 13).",Toronto (Ward 13),,verified-live,2026-08-16
ORG-01737,ACCES Employment — Women in Technology,program-or-instrument,"Newcomer-women-specific IT training + workplace-culture coaching; ~250 women trained, ~90% placement. Parent: ACCES Employment (ORG-00030).",Toronto,,verified-live,2026-08-16
ORG-01743,Computer Science Student Union (CSSU) — UofT,program-or-instrument,"Represents 5,000+ CS students at UofT St. George; runs UofTHacks flagship hackathon. Parent: University of Toronto (campus course union).",Toronto,,verified-live,2026-08-16
ORG-01746,AI4Good Lab (Toronto cohort),program-or-instrument,"National program (HQ Mila/Montreal), Toronto cohort via Vector Institute + CIFAR + TMU's Design Fabrication Zone; 7-week ML bootcamp for women/gender-diverse people. Parent: Mila (Quebec AI Institute, not independently registered); delivered locally via Vector Institute (ORG-00716).",Toronto,,verified-live,2026-08-16
ORG-01750,Toronto Emergency Management (TEM),government-program,"City division (formerly Office of Emergency Management), HQ 703 Don Mills Rd; ~40 staff, ~$4.97M budget (2024); 2026 FIFA World Cup security planning role.",Toronto,,verified-live,2026-08-16
ORG-01751,PurpleAir sensor network (U of T Wunch Group),program-or-instrument,"27 PurpleAir air-quality sensors across Toronto/Mississauga/Scarborough. Parent: University of Toronto, Department of Physics (Wunch Group); partnership with Environment and Climate Change Canada.",Toronto,,verified-live,2026-08-16
ORG-01760,City of Toronto Technology Services Division (TSD),government-program,City's central IT/digital division; large operating and capital budget,Toronto,,verified-live,2026-08-16
ORG-01762,ConnectTO,government-program,Public Wi-Fi + digital-equity program; ~300 locations by end 2025,Toronto,,verified-live,2026-08-16
ORG-01763,311 Toronto,government-program,City's non-emergency service request channel; Salesforce-based,Toronto,,verified-live,2026-08-16
ORG-01777,Shelley Carroll PB (Ward 17/33),government-program,Toronto's longest-running councillor-led PB process; 21+ projects funded since 2015,Toronto (Ward 17/33),,verified-live,2026-08-16
ORG-01781,City of Toronto Business Incubation & Commercialization Grant Program,government-program,City grant funding not-for-profit incubators/accelerators; incl. CED Funding Program ($5K-$50K),Toronto,,verified-live,2026-08-16
ORG-01782,TBDC (Toronto Business Development Centre),business-incubator,City-established nonprofit; repositioned toward Go Global market-expansion programs and trades training,Toronto,,verified-live,2026-08-16
ORG-01791,Toronto Finance International (TFI),civil-society-advocacy,Public-private partnership promoting Toronto as financial centre; fintech is one mandate strand,Toronto,,verified-live,2026-08-16
ORG-01798,Neo Financial,tech-company,Consumer banking/credit app; first pure-play fintech to join Interac network under RPAA,"Toronto (Calgary HQ, expanding into Toronto)",,verified-live,2026-08-16
ORG-01802,ETHToronto / Blockchain Futurist Conference,festival-events,Toronto's largest recurring web3 event; acquired by Emerald Expositions,Toronto,,verified-live,2026-08-16
ORG-01803,WonderFi Technologies (TSX: WNDR),tech-company,"Toronto crypto consolidator; owns Bitbuy, Coinsquare, Coinberry, Bitvo, CoinSmart",Toronto,,verified-live,2026-08-16
ORG-01805,York University blockchain.lab,research-science,"Academic blockchain research lab; past projects with Bank of Canada, StatCan, UN, Ontario ministries",Toronto,,verified-live,2026-08-16
ORG-01808,CanadaHelps,tech-company,"Canada's largest online donation/fundraising platform; supports 27,000+ charities",Toronto,,verified-live,2026-08-16
ORG-01810,WomenTech Network / Women in Tech Toronto,festival-events,Global conference brand running a Toronto edition,Toronto,,verified-live,2026-08-16
ORG-01813,UN Global Compact Network Canada,civil-society-advocacy,Canadian local network of UN Global Compact; corporate-sustainability focus,Toronto,,verified-live,2026-08-16
ORG-01818,Centre for Analytics & AI Engineering (CARTE),research-science,UofT Engineering's applied-AI translation centre (research + training + industry/public-sector partnerships); hosts Civic Tech Toronto events,Toronto,,verified-live,2026-08-16
ORG-01823,Balsam Foundation,philanthropy-social-finance,"Foundation managed by Generation Capital; funds families/systems-of-care and 'Community Assets' (physical community infrastructure), primarily in Ontario",Toronto,,verified-live,2026-08-16
ORG-01824,Digital Citizen Initiative (Canadian Heritage),government-program,Federal program funding anti-disinformation/digital-media-literacy research,Ontario (federal),,verified-live,2026-08-16
ORG-01829,Digital Public Square,civil-society-advocacy,Nonprofit serving 'communities-in-need with good technology' globally (Americas/Europe/Middle East/Africa/Asia); grew out of but no longer institutionally tied to UofT,Toronto,,verified-live,2026-08-16
ORG-01831,Toronto Urban Fellows,government-program,"City of Toronto paid 12-month research-capacity program for recent Master's/LLB/JD/PhD grads; two 6-month project rotations across City divisions, open to internationally-educated applicants",Toronto,,verified-live,2026-08-16
ORG-01836,Riipen (UofT instance),program-or-instrument,Work-integrated-learning platform matching UofT students/courses with real-world community-org projects ('Consult for Impact' stream),Toronto,,verified-live,2026-08-16
ORG-01837,UofT Experiential Learning Hub,program-or-instrument,"Central UofT clearinghouse for co-op, WIL, community-engaged learning types",Toronto,,verified-live,2026-08-16
ORG-01838,Seneca Polytechnic — Master of AI Design & Development,education-training,Seneca's first master's degree; applied/work-integrated AI program with 8-month internship component,Toronto,,verified-live,2026-08-16
ORG-01839,York University Lassonde School of Engineering,university-department,York's engineering faculty; launched first professional master's (MEng Sustainable Energy Systems) June 2026; 11 undergrad programs incl. CS,Toronto,,verified-live,2026-08-16
ORG-01840,UofT Alumni Relations — tech/innovation events,program-or-instrument,UofT's alumni engagement office; runs tech/AI-themed alumni events tied to Hinton's UofT legacy,Toronto,,verified-live,2026-08-16
ORG-01841,Waabi,tech-company,"Self-driving truck/robotaxi AI, founded by ex-Uber ATG lead Raquel Urtasun; raised up to $1B Jan 2026",Toronto,,verified-live,2026-08-16
ORG-01842,Ada (Ada Support),tech-company,"AI customer-service automation platform, Toronto-founded; ~$1.2B valuation",Toronto,,verified-live,2026-08-16
ORG-01843,Deep Genomics,tech-company,"AI-driven RNA-biology/genetic-medicine discovery platform, UofT spinout",Toronto,,verified-live,2026-08-16
ORG-01844,Xanadu,tech-company,"Photonic quantum computing, Toronto-based; first pure-play photonic quantum co. to go public (Nasdaq/TSX) 2026",Toronto,,verified-live,2026-08-16
ORG-01845,Tenstorrent,tech-company,"AI chip/semiconductor design firm; ~370 employees, 5 global offices",Toronto,,verified-live,2026-08-16
ORG-01846,Ideogram,tech-company,"Text-to-image generative AI, Toronto-founded by ex-Google Brain team; released open-weight Ideogram 4.0 June 2026",Toronto,,verified-live,2026-08-16
ORG-01849,Google DeepMind (Toronto),tech-company,Research office within Google's Toronto offices; retained when Edmonton site closed Jan 2023,Toronto,,verified-live,2026-08-16
ORG-01850,NVIDIA Toronto AI Lab,tech-company,"Research lab led by Sanja Fidler (UofT, Vector faculty); focus spatial intelligence, 3D content, physical AI; part of 200-person Toronto+Seattle team",Toronto,,verified-live,2026-08-16
ORG-01851,ElevenLabs (Toronto),tech-company,"AI voice/conversational-AI firm (London-founded, NYC-HQ'd); Toronto office opening 'over coming months'",Toronto,,verified-live,2026-08-16
ORG-01852,Toronto Machine Learning Summit (TMLS),festival-events,"Flagship annual Toronto AI/ML conference; part of 15,000+ practitioner global community",Toronto,,verified-live,2026-08-16
ORG-01854,Election Systems and Software Canada ULC (ES&S),tech-company,"Toronto's actual tabulator/vote-counting equipment vendor — NOT Dominion; won 2021 nRFP over Dominion, Clear Ballot, Hart InterCivic",Toronto,,verified-live,2026-08-16
ORG-01855,MyVote / VoterView (Toronto),government-program,Toronto's voter list lookup + registration tool; built on VoterView platform also used province-wide by Elections Ontario,Toronto,,verified-live,2026-08-16
ORG-01859,Simply Voting Inc.,tech-company,Montreal-based hosted online-election vendor; offers hybrid paper+internet and telephone voting; partners with Intelivote,Toronto,,verified-live,2026-08-16
ORG-01861,Dominion Voting Systems,tech-company,"Not Toronto's tabulator vendor, but WAS online-voting contractor for 51 Ontario municipalities hit by 2018 outage; supplies Elections Ontario's Voting Technology Sharing Program",Toronto,,verified-live,2026-08-16
ORG-01864,AMO 2026 Elections results portal,government-program,Association of Municipalities of Ontario's province-wide 2026 municipal election results site,Ontario,,verified-live,2026-08-16
ORG-01865,Canadian Digital Media Research Network (CDMRN),research-policy,Heritage-Canada-funded network on Canadian information-ecosystem resilience/disinformation research,Ontario (federal-funded network),,verified-live,2026-08-16
ORG-01866,Media Ecosystem Observatory (MEO),research-policy,McGill/UofT collaboration running Canadian Election Misinformation Project; primarily federal-election-focused,Toronto/Montreal (McGill/UofT collaboration),,verified-live,2026-08-16
ORG-01867,TASK (Toronto Area Security Klatch),professional-association,Long-running Toronto infosec community meetup; free membership; 2026 sessions confirmed,Toronto,,verified-live,2026-08-16
ORG-01868,SecTor,festival-events,"Canada's largest cybersecurity conference; Oct 5-8 2026, Metro Toronto Convention Centre; now under Black Hat/Informa umbrella",Toronto,,verified-live,2026-08-16
ORG-01869,BSides Toronto,festival-events,"Community-run infosec conference; Oct 3-4 2026 at TMU, immediately preceding SecTor",Toronto,,verified-live,2026-08-16
ORG-01870,OWASP Toronto Chapter,professional-association,Application-security-focused meetup; 2026 events confirmed,Toronto,,verified-live,2026-08-16
ORG-01873,City of Toronto Office of the CISO,government-program,"Dedicated municipal cybersecurity division; 82.0 staff positions, $34.526M 2025 net operating budget",Toronto,,verified-live,2026-08-16
ORG-01876,LocalWiki Toronto,civil-society-advocacy,"Grassroots collaborative wiki for Toronto local knowledge; most recent edit 16 hours before research, prior edits days/weeks apart",Toronto,,verified-live,2026-08-16
ORG-01879,ACORN Canada (Toronto tenant organizing),tenant-housing-advocacy,Tenant union organizing multi-residential apartment buildings across Toronto since 2004; runs Centre for Tenant Organizing online hub,Toronto,,verified-live,2026-08-16
ORG-01880,Toronto Strong Neighbourhoods Strategy (TSNS) / Neighbourhood Improvement Areas program,government-program,City program identifying under-served neighbourhoods for place-based investment,Toronto,,verified-live,2026-08-16
ORG-01881,Toronto Recreation online registration/booking system,government-program,City-run recreation program registration/facility booking portal,Toronto,,verified-live,2026-08-16
ORG-01882,Community Fridges Toronto (CFTO),base-of-pyramid,Volunteer/mutual-aid network of a dozen+ public fridges/pantries across Toronto neighbourhoods; partners with NFFTT,Toronto,,verified-live,2026-08-16
ORG-01883,CLEO — Steps to Justice,program-or-instrument,"CLEO's flagship public legal info site for Ontario; step-by-step guides, live chat, fillable forms, referral info",Toronto,,verified-live,2026-08-16
ORG-01884,CLEO — Guided Pathways,program-or-instrument,Free online interview tool that fills out legal forms/drafts documents/identifies next steps,Toronto,,verified-live,2026-08-16
ORG-01887,Pro Bono Ontario — Free Legal Advice Hotline,civil-society-advocacy,Phone-based free 30-min legal advice for civil matters; staffed by volunteer lawyers,Toronto,,verified-live,2026-08-16
ORG-01888,JusticeNet,civil-society-advocacy,24/7 online directory matching low/moderate-income Ontarians with sliding-scale lawyers/paralegals/mediators,Toronto,,verified-live,2026-08-16
ORG-01893,Tribunals Ontario Portal (incl. LTB e-filing),government-program,New case-management system; LTB first tribunal onboarded; online filing/payment/status/evidence upload/messaging,Toronto,,verified-live,2026-08-16
ORG-01894,Ontario Courts Public Portal (OCPP) / Justice Services Online,government-program,Toronto residents use OCPP for civil/bankruptcy/estates/Small Claims/family court e-filing; non-Toronto use Justice Services Online,Toronto,,verified-live,2026-08-16
ORG-01900,Openroom.ca,tech-company,"Crowdsourced LTB order database, founded 2022; by 2026 pivoted to tenant-screening + rental-debt-to-Equifax reporting, registered Consumer Reporting Agency",Toronto,,verified-live,2026-08-16
ORG-01914,Transit app (TTC partnership),tech-company,"Official TTC partner app; in-station step-by-step navigation, real-time detour-detection pilot, free premium until June 2027",Toronto,,verified-live,2026-08-16
ORG-01915,Citymapper Toronto,tech-company,"Third-party multimodal trip planner covering TTC, GO, UP Express",Toronto,,verified-live,2026-08-16
ORG-01918,UrbanToronto Database + UTPro,tech-company,"Tracks 5,000+ development projects across Greater Golden Horseshoe; manual + automated PDF-to-structured-data pipeline",Toronto,,verified-live,2026-08-16
ORG-01919,City of Toronto Application Information Centre (AIC),government-program,"Official portal for all active Community Planning, Committee of Adjustment, TLAB applications",Toronto,,verified-live,2026-08-16
ORG-01920,Inside Airbnb — Toronto,civil-society-advocacy,Independent (Murray Cox) STR data-scraping/advocacy project; still lists Toronto as active city page,Toronto,,verified-live,2026-08-16
ORG-01922,MyAccesstoHousingTO,government-program,City's centralized RGI/affordable-housing waitlist portal,Toronto,,verified-live,2026-08-16
ORG-01923,Ratio.City (now Esri Canada),tech-company,Geospatial planning-policy/zoning aggregation platform for 50+ Canadian municipalities incl. Toronto; customers include CreateTO,Toronto,,verified-live,2026-08-16
ORG-01924,Promise Robotics,tech-company,"AI-powered robotic prefab/modular home construction; second factory Calgary, partnership w/ Mattamy for GTA prefab factory",Toronto,,verified-live,2026-08-16
ORG-01925,Bike Share Toronto (Lyft-operated),government-program,"City-owned, Lyft-operated system; adding 200 e-bikes, 750 standard bikes, ~1,200 solar docks in 2026; ~7.8M trips 2025",Toronto,,verified-live,2026-08-16
ORG-01926,CaféTO curb-lane program + CurbIQ,government-program,City's now-permanent outdoor-dining curb program; CurbIQ is digital curb-regulation/visualization tool used in program planning,Toronto,,verified-live,2026-08-16
ORG-01927,Vision Zero Dashboard / KSI open data,government-program,Official City dashboard + Killed-or-Seriously-Injured dataset (2006-present),Toronto,,verified-live,2026-08-16
ORG-01931,SickKids AI (SKAI),program-or-instrument,"SickKids' flagship AI program: in-house deployment, research, AI-literacy/community arms; part of SickKids 2030 Strategy",Toronto,,verified-live,2026-08-16
ORG-01932,Unity Health Toronto — AI at Unity Health,research-science,Unity Health's institutional AI program; 50+ deployed AI/analytics tools across St. Michael's/St. Joseph's/Providence,Toronto,,verified-live,2026-08-16
ORG-01933,CHARTwatch,program-or-instrument,"Real-time AI early-warning system for hospitalized patients at risk of unexpected death/ICU transfer, St. Michael's GIM ward",Toronto,,verified-live,2026-08-16
ORG-01936,CAN Health Network,civil-society-advocacy,"Federally supported not-for-profit validating Canadian health-tech in real-world hospital settings, fast-tracks procurement",Ontario (national),,verified-live,2026-08-16
ORG-01937,OTN (Ontario Telemedicine Network),government-program,Legacy telehealth video platform; now part of Ontario Health's Verified Virtual Visit Solutions,Ontario,,verified-live,2026-08-16
ORG-01938,OntarioMD,civil-society-advocacy,Physician-owned org managing EMR certification/adoption support for Ontario family doctors,Ontario,,verified-live,2026-08-16
ORG-01944,BounceBack Ontario,program-or-instrument,"Free CBT-based phone-coaching program for depression/anxiety, ages 15+, run by CMHA",Toronto,,verified-live,2026-08-16
ORG-01945,ConnexOntario,government-program,"Free 24/7 helpline (phone/chat/text/email) for mental health, addictions, gambling; 5,320+ programs",Ontario,,verified-live,2026-08-16
ORG-01948,Temerty Centre for AI Research and Education in Medicine (T-CAIREM),program-or-instrument,"UofT's AI-in-medicine centre: research grants, education/upskilling, Health Data Nexus dataset repository",Toronto,,verified-live,2026-08-16
ORG-01950,Toronto Public Health — AI Working Group,government-program,Internal TPH AI governance body working with Technology Services Division and CISO; oversees MS Chat use and three active pilots,Toronto,,verified-live,2026-08-16
ORG-01951,DineSafe,government-program,"Toronto Public Health's food-safety inspection open dataset; ~15,000 establishments",Toronto,,verified-live,2026-08-16
ORG-01952,RideFair (RideFair TO),civil-society-advocacy,"Coalition of transit advocates, environmentalists, drivers, researchers pushing rideshare regulation in Toronto; publishes data-driven reports using city open trip data",Toronto,,verified-live,2026-08-16
ORG-01953,UFCW Canada — Uber agreement,labour,"National representation agreement between Uber Canada and UFCW Canada (non-Rand-formula, not certified bargaining unit)",Toronto,,verified-live,2026-08-16
ORG-01954,Centre for Future Work,research-policy,"Progressive labour-economics research institute (Jim Stanford, director); consults with Gig Workers United and RideFair on gig-platform policy loopholes",Toronto,,verified-live,2026-08-16
ORG-01955,Social Capital Partners,philanthropy-social-finance,Non-profit financial innovator advancing Employee Ownership Trusts (EOTs) in Canada,Toronto,,verified-live,2026-08-16
ORG-01957,gigworkers.ca (Gig Workers Group Canada),labour,"Self-described non-registered driver advocacy/protest network, distinct from Gig Workers United; runs a driver pay calculator",Toronto,,verified-live,2026-08-16
ORG-01960,Ontario Co-operative Association,credit-union-coop,Sector association; ON Board governance-training program free to members; developing 2026 'guided advocacy resource' tool,Ontario,,verified-live,2026-08-16
ORG-01961,Parkdale Neighbourhood Land Trust (PNLT) / CLT Tool Kit,civil-society-advocacy,Toronto west-end community land trust; publishes CLT Tool Kit sharing financial modelling tools nationally on conventional WordPress/Mailchimp stack,Toronto,,verified-live,2026-08-16
ORG-01962,Alterna Savings — Community Microfinance Program,credit-union-coop,"$10M+ invested, 1,500+ impact loans, GTA + Ottawa; BDC co-lending partnership",Toronto,,verified-live,2026-08-16
ORG-01964,The Atmospheric Fund (TAF),environment-climate,City-agency-adjacent climate finance body; grants + impact investing + policy; runs GTHA Carbon Emissions Inventory tool at carbon.taf.ca,Toronto,,verified-live,2026-08-16
ORG-01965,TransformTO Net Zero Strategy,government-program,"City of Toronto's climate action plan, net zero by 2040; new Action Plan 2026-2030 approved Dec 17 2025",Toronto,,verified-live,2026-08-16
ORG-01966,Toronto Sector-Based Emissions Inventory (SBEI) Dashboard,government-program,"City's own interactive emissions-tracking dashboard; 2023 data 16.1 Mt CO2e, city off-pace for 2025/2030 targets",Toronto,,verified-live,2026-08-16
ORG-01967,Toronto Climate Week (TOCW),festival-events,"Canada's climate convening week; 2026 ran June 1-7, 10,000+ attendees, 199+ events",Toronto,,verified-live,2026-08-16
ORG-01968,Project Neutral,environment-climate,"Toronto-born charity; personal/household carbon footprint calculator using real utility-bill/transport data; 9,000+ households used the quiz",Toronto,,verified-live,2026-08-16
ORG-01969,Carbonhound,tech-company,Toronto-based SaaS for SMB emissions measurement/reporting/target-setting; $1.3M CAD pre-seed raised; sponsor of TOCW 2026,Toronto,,verified-live,2026-08-16
ORG-01970,MaRS Climate (MaRS Discovery District),program-or-instrument,MaRS cleantech vertical; 5 of 9 Canadian 2026 Global Cleantech 100 firms are MaRS portfolio; runs MaRS FOAK Lab,Toronto,,verified-live,2026-08-16
ORG-01971,Evergreen Brick Works,environment-climate,Canada's first large-scale community environmental centre; $15.6M 'Brick Works 2.0' revitalization launched March 2026,Toronto,,verified-live,2026-08-16
ORG-01972,TD Future Cities Centre (rebranded from Future Cities Canada),program-or-instrument,'Future Cities Canada' (2018-era) absorbed into Evergreen's core programming as Evergreen Ignite Speaker Series and The Evergreen Conference,Toronto,,verified-live,2026-08-16
ORG-01973,SolarShare,environment-climate,"Canada's largest renewable-energy co-op (project of TREC); 2,000+ members, 51 solar PV projects across Ontario; SolarBond program reopened Feb 1 2026",Toronto,,verified-live,2026-08-16
ORG-01975,BetterHomesTO,government-program,City's one-stop resident portal for home energy retrofits; umbrella brand for HELP loans + Furnace Upgrade Program,Toronto,,verified-live,2026-08-16
ORG-01976,Home Energy Loan Program (HELP),government-program,"Zero/low-interest loan up to $125,000, repaid via property tax, up to 15-yr term",Toronto,,verified-live,2026-08-16
ORG-01977,Toronto Hydro — Utility of the Future / Grid Modernization,government-program,"2025-29 investment plan; smart meters, outage sensors, FLISR automation, self-healing grid vision; Multiplex PowerPlay pilot",Toronto,,verified-live,2026-08-16
ORG-01978,Flashfood,tech-company,"Grocery-deals app (up to 50% off near-expiry items); 160M+ lbs food rerouted from landfill, 2,000+ partner stores",Toronto,,verified-live,2026-08-16
ORG-01982,Circular Innovation Council (CIC),environment-climate,National circular-economy non-profit (rebranded 2020 from Recycling Council of Ontario); runs Circular Food Innovators Fund via City of Toronto grant,Ontario (national),,verified-live,2026-08-16
ORG-01983,Swim Guide (Swim Drink Fish),program-or-instrument,"Water-quality app; Toronto Monitoring Hub established 2016, monitors 8 Toronto Harbour shoreline locations in summer",Toronto,,verified-live,2026-08-16
ORG-01984,City Nature Challenge — Toronto & GTA (iNaturalist),environment-climate,Global citizen-science bioblitz; Toronto/GTA edition organized by EcoSpark + TRCA,Toronto,,verified-live,2026-08-16
ORG-01987,Secret Canada,community-media,"Globe and Mail national FOI-request database/tool (300,000+ summaries) + how-to-file guides + FOI news",Toronto,,verified-live,2026-08-16
ORG-01988,TMMIS (Toronto Meeting Management Information System),government-program,City's own agenda/minutes/decision tracker for Council and committees; widely regarded as clunky,Toronto,,verified-live,2026-08-16
ORG-01989,Toronto Council Scorecard (councilscorecard.ca),community-media,"Independent tracker of Council voting records and councillor alignment with mayor's agenda, 16 years of historical data",Toronto,,verified-live,2026-08-16
ORG-01991,Civic Searchlight,community-media,"Canada's National Observer's AI-powered searchable transcript database of municipal council meetings, 650+ municipalities nationally",Toronto,,verified-live,2026-08-16
ORG-01992,Village Media,media-production,Ontario-based local news platform/publisher operating 27+ community news sites plus The Trillium; July 2026 US expansion,Ontario,,verified-live,2026-08-16
ORG-01993,TorontoToday.ca,community-media,Village Media's hyperlocal downtown-Toronto news site; 9-person editorial team,Toronto,,verified-live,2026-08-16
ORG-01994,Local News Research Project (LNRP),program-or-instrument,April Lindgren's research project on Canadian 'news poverty'; runs crowd-sourced Local News Map,Toronto,,verified-live,2026-08-16
ORG-01995,Canadian Journalism Foundation (CJF),media-production,"Awards, training, digital-first creator programs; 2026 'Emerging News Voices Program' and 'NextGen Creator-Journalists Training Program'",Toronto,,verified-live,2026-08-16
ORG-01996,MediaSmarts,media-production,Canada's media/digital-literacy charity; Feb 2026 open letter urging National Strategy for Digital Media Literacy,Ottawa (national reach),,verified-live,2026-08-16
ORG-01997,TMU Social Media Lab,program-or-instrument,"Interdisciplinary misinformation/disinformation research lab, co-directed by Anatoliy Gruzd and Philip Mai",Toronto,,verified-live,2026-08-16
ORG-01999,Journalism Futures Fund,philanthropy-social-finance,"Multi-million-dollar independent-journalism fund from Canadian philanthropic foundations (Inspirit, McConnell, Euphrosine, Sonor)",Toronto,,verified-live,2026-08-16
ORG-06400,Canadian Journalism Collective (CJC-CCJ),philanthropy-social-finance,Distributes Google's mandated $100M/year to Canadian news businesses incl. independent/local/Indigenous outlets,Ontario (national),,verified-live,2026-08-16
ORG-06401,Toronto Games Week,festival-events,"Citywide 'video game month' — 50+ community-led events, no central operator; co-organized by indie devs with Interactive Ontario support",Toronto,,verified-live,2026-08-16
ORG-06402,TOJam (Toronto Game Jam),festival-events,"Free 3-day in-person game jam at George Brown College, 400+ makers, 118 entries in 2026",Toronto,,verified-live,2026-08-16
ORG-06405,VRTO Spatial Media World Conference & Expo,festival-events,Canada's longest-running XR/spatial-computing conference,Toronto,,verified-live,2026-08-16
ORG-06406,FIVARS (Festival of International Virtual and Augmented Reality Stories),festival-events,"Immersive storytelling festival — VR, AR, WebXR, 360 video, spatial audio, installation",Toronto,,verified-live,2026-08-16
ORG-06407,OldTO,arts-culture,"Interactive map of 30,000+ digitized historical Toronto Archives photos, geocoded to locations",Toronto,,verified-live,2026-08-16
ORG-06408,LIVE Music Toronto,arts-culture,"New CIMA/MusicOntario membership tier/advocacy initiative for Toronto's independent live-music sector; 40+ founding members, developed with City's Music Office",Toronto,,verified-live,2026-08-16
ORG-06409,Toronto Arts Council (TAC),government-program,Grants via 'TAC Grants Online'; new Strategic Plan 2026-2030; sector contributes $11.4B to city economy per TAC's own figures,Toronto,,verified-live,2026-08-16
ORG-06410,Mass Culture / DNA (Data Narratives for the Arts),arts-culture,"National arts-service org; DNA Platform holds financial/operational data from 4,500+ arts orgs",Ontario (national),,verified-live,2026-08-16
ORG-06411,Toronto Ward Museum,arts-culture,Storytelling-focused heritage org centering newcomer narratives; runs 'Dishing Up Toronto' digital storytelling project,Toronto,,verified-live,2026-08-16
ORG-06412,Nuit Blanche Toronto,festival-events,Free all-night contemporary/digital art festival; open call incl. digital/interactive/data-driven works,Toronto,,verified-live,2026-08-16
ORG-06414,Toronto KOI (formerly Toronto Ultra / Toronto Defiant),tech-company,"OverActive Media-owned esports org; Toronto Defiant (Overwatch) discontinued, folded into Ultra then rebranded to Toronto KOI",Toronto,,verified-live,2026-08-16
ORG-06415,TiE Toronto,ethnocultural-diaspora,"Global entrepreneurship org, Toronto chapter (South Asian-founded, now pan-); runs TiEQuest 2026 (20th annual accelerator)",Toronto,,verified-live,2026-08-16
ORG-06416,Association of Filipino Canadian Engineers (AFCE),ethnocultural-diaspora,"Broader engineering association (civil, mechanical, electrical, electronics, environmental, chemical, industrial)",Toronto,,verified-live,2026-08-16
ORG-06419,Indo Canada Chamber of Commerce (ICCC) — ICT Committee,ethnocultural-diaspora,"Chamber sectoral committee bridging IT communities between Canada and India; also separate 'IT, Startups, Tech, & AI' committee",Toronto,,verified-live,2026-08-16
ORG-06420,Canada India Tech Council (CITC),ethnocultural-diaspora,"Peer-network/leadership council of senior Indo-Canadian tech executives (CIOs/CTOs/VPs at TD, BMO, Manulife, Meta etc.); partners with TiE Toronto and ICCC",Toronto,,verified-live,2026-08-16
ORG-06426,Top Hat,tech-company,"Higher-ed active-learning/course-content platform, 1,500+ institutions, 3M+ students; TIME World's Top EdTech 2026",Toronto,,verified-live,2026-08-16
ORG-06427,TVO ILC (Independent Learning Centre) / TVO Learn,government-program,"Public secular online high school; 140+ courses, OSSD-recognized; $40/course subsidized fee for most Ontario residents",Ontario,,verified-live,2026-08-16
ORG-06428,Kids Help Phone — AI/digital innovation,civil-society-advocacy,"5-year, $3.2M Wellcome-funded partnership with TMU launched May 2026: generative-AI conversation simulator to train crisis-response volunteers",Toronto (national reach),,verified-live,2026-08-16
ORG-06429,Rogers Screen Break,program-or-instrument,"5-year, $50M national corporate-funded program to help Canadian youth balance screen time; incl. YMCA grants and annual research",Toronto,,verified-live,2026-08-16
ORG-06430,Toronto Council on Aging — Digital Literacy Program,seniors-membership,Partnership with Connected Canadians + NORC Innovation Center; 18 workshops Sept-March,Toronto,,verified-live,2026-08-16
ORG-06431,Toronto Public Library — Seniors E-Connect,program-or-instrument,"Teen volunteers (13-17) paired with seniors for computer-skills mentoring, at branches with capacity",Toronto,,verified-live,2026-08-16
ORG-06432,Connected Canadians / Canadiens Branches,civil-society-advocacy,"One-on-one senior tech support, digital literacy workshops, cyber safety, device programs","Ontario (national, confirmed Toronto-area delivery)",,verified-live,2026-08-16
ORG-06435,Deloitte AI Institute (Canada),tech-company,Big-4 AI research/adoption forum; runs 'State of AI in the Enterprise' research series and 'Global AI Fest',Toronto,,verified-live,2026-08-16
ORG-06436,Aggregate Intellect / AI.Science,tech-company,"Boutique AI implementation/consulting firm; 'KnowledgeOps for professional services firms'; community of 6,000+ AI practitioners (AISC)",Toronto,,verified-live,2026-08-16
ORG-06437,Radical Ventures,tech-company,"Toronto-based VC, AI-focused, ~$1.8B AUM; portfolio includes Cohere",Toronto,,verified-live,2026-08-16
ORG-06438,NGen (Next Generation Manufacturing Canada),government-program,Federally-backed Global Innovation Cluster for advanced manufacturing; announced $79.5M in new AI projects March 2026,Ontario (federal-backed),,verified-live,2026-08-16
ORG-06439,Toronto Region Board of Trade — AI Business Catalyst (AIBC),program-or-instrument,"$2.4M FedDev Ontario-funded program to help southern Ontario SMEs adopt AI; readiness assessments, workshops, 6-month C-suite program",Toronto,,verified-live,2026-08-16
ORG-06440,Ontario Centre of Innovation (OCI) — Digital Competence Centre,government-program,Provincial AI/digital adoption funding infrastructure; DCC supported 816 SME projects ($15.4M + $17.8M matched private),Ontario,,verified-live,2026-08-16
ORG-06441,BDC LIFT (Lead with Innovation and Focus on Technology),government-program,$500M national loan program pairing SME owners with AI advisors; loans $25K-$2M or up to $5M for physical AI/robotics,Ontario (federal Crown corp),,verified-live,2026-08-16
ORG-06442,RAISE (Responsible AI Adoption for Social Impact),program-or-instrument,Joint initiative: Human Feedback Foundation + The Dais (TMU) + Creative Destruction Lab; nonprofit AI accelerator cohort,Toronto,,verified-live,2026-08-16
ORG-06443,MISA (Municipal Information Systems Association) — Ontario Chapter,professional-association,"Association of municipal IT/digital professionals across Ontario; 2026 Annual Conference June 7-10, London ON",Ontario,,verified-live,2026-08-16
ORG-06444,Scale AI (Pan-Canadian AI Supercluster),tech-company,"Federally-backed AI supercluster under Global Innovation Clusters umbrella, Montreal-HQ'd; lobbyist registration 'Active' as of June 2026","Montreal (national supercluster, federally-backed)",,verified-live,2026-08-16
ORG-06445,Capacity Canada,civil-society-advocacy,Nonprofit board governance/capacity-building org; runs 'TechMatch' pairing corporate tech professionals with nonprofits,Waterloo (national reach),,verified-live,2026-08-16
ORG-06446,"Microsoft (Canada HQ, Toronto)",tech-company,"Canada HQ at CIBC Square (132,000 sq ft), houses Data Innovation Centre of Excellence and Envisioning Centre; $19B CAD Canada investment 2023-2027",Toronto,,verified-live,2026-08-16
ORG-06448,Amazon / AWS (Toronto),tech-company,"Downtown Toronto Tech Hub, 8,500+ corporate/tech employees; Amazon Science Toronto runs automated-reasoning/logistics-optimization research; AWS Summit Toronto held annually",Toronto,,verified-live,2026-08-16
ORG-06457,TinEye (Idée Inc.),tech-company,"Toronto-originated reverse-image-search engine (pixel-fingerprint matching), predates Google's comparable tool by ~3 years; index exceeds 82.5 billion images",Toronto,,verified-live,2026-08-16
ORG-06458,Databricks (Toronto),tech-company,"Office at 150 King St West, Toronto; engineering expansion site alongside SF HQ and Amsterdam R&D",Toronto,,verified-live,2026-08-16
ORG-06459,Snowflake (Toronto Canadian HQ),tech-company,"Canadian HQ at 16 York St, 52,000 sq ft, opened April 16 2024, one of 5 global Snowflake Engineering Hubs",Toronto,,verified-live,2026-08-16
ORG-06462,ThinkData Works,tech-company,"Toronto-HQ'd; Namara platform (data cataloging/management, AI-ready data products); 17 employees March 2026; partnered with Open Data Exchange (ODX)",Toronto,,verified-live,2026-08-16
ORG-06468,Toronto Amateur Radio Club (TARC),emergency-resilience,"GTA ham radio club, Edithvale Community Centre, North York; feeds ACS volunteer pool",Toronto,,verified-live,2026-08-16
ORG-06469,Skywide Amateur Radio Club,emergency-resilience,GTA ham club (VE3SKY/VE3SKI); runs own detailed ACS/SET training protocol incl. Winlink digital-traffic procedures,Toronto,,verified-live,2026-08-16
ORG-06470,Better Impact,tech-company,"Hamilton, Ontario-headquartered volunteer-management/scheduling/engagement software; acquired by The Brydon Group (Dec 2024)",Hamilton (Ontario-wide reach),,verified-live,2026-08-16
ORG-06478,Gig Workers United (Local 10-4),labour,CUPW-supported community union for app-based delivery couriers; descendant of Foodsters United,Toronto,,verified-live,2026-08-16
ORG-06480,Have Your Say Toronto,government-program,"City of Toronto's official public consultation portal, running on Social Pinpoint software",Toronto,,verified-live,2026-08-16
ORG-06487,Maple Leaf Sports & Entertainment Partnership (MLSE),sports-org-parent,"[sports-org-parent] Parent ownership/operating entity for Toronto Maple Leafs (NHL), Toronto Raptors (NBA), Toronto FC (MLS), Toronto Marlies (AHL), Toronto Argonauts (CFL, MLSE-operated since 2018); operates Scotiabank Arena, BMO Field, Coca-Cola Coliseum",Toronto,https://www.mlse.com/,verified-live,2026-08-16
ORG-06490,International Economic Forum of the Americas (IEFA) / Toronto Global Forum,conference-organizer,"[conference-organizer] Produces the Toronto Global Forum, an annual international economic/business/government conference, 20th edition 2026; IEFA also runs sister forums in Montreal, Miami, Paris, Buenos Aires, Phoenix",Toronto (event); IEFA HQ Montreal,https://www.forum-americas.org/conferences/toronto,verified-live,2026-08-16
ORG-06520,York Club,fraternal-chambers,[private-club] private social club,"Toronto (135 St. George St, the Annex)",https://www.theyorkclub.org/,verified-live,2026-08-16
ORG-06521,University Club of Toronto,fraternal-chambers,[private-club] private social club,Toronto (University Ave),https://universitycluboftoronto.com/,verified-live,2026-08-16
ORG-06522,Arts & Letters Club of Toronto,fraternal-chambers,[private-club] private arts/social club,"Toronto (St George's Hall, Elm St)",https://www.artsandlettersclub.ca/,verified-live,2026-08-16
ORG-06523,The Boulevard Club,fraternal-chambers,[private-club] private social/recreation club,Toronto (1491 Lake Shore Blvd W),https://www.boulevardclub.com/,verified-live,2026-08-16
ORG-06524,Granite Club,fraternal-chambers,[private-club] private multi-sport social club,Toronto (2350 Bayview Ave),https://www.graniteclub.com/,verified-live,2026-08-16
ORG-06526,Verity (Women's Club),fraternal-chambers,[private-club] private women's club,"Toronto (111d Queen St E, downtown)",https://www.verity.ca/,verified-live,2026-08-16
ORG-06527,Cambridge Club,fraternal-chambers,[athletic-club] private executive athletic club,"Toronto (financial district, Sheraton Centre)",https://www.thecambridgeclub.com/,verified-live,2026-08-16
ORG-06529,Toronto Athletic Club (TAC),fraternal-chambers,[athletic-club] private executive athletic club,"Toronto (financial district, since 1985)",https://www.torontoathleticclub.com/,verified-live,2026-08-16
ORG-06531,Badminton & Racquet Club of Toronto,fraternal-chambers,[racquet-club] private tennis/squash/badminton club,Toronto (25 St. Clair Ave W),https://www.thebandr.com/,verified-live,2026-08-16
ORG-06539,Mississaugua Golf and Country Club,sport-recreation,[golf-club] private golf club,"Peel (Mississauga, 1725 Mississauga Rd N)",https://mississauguagolf.com/,verified-live,2026-08-16
ORG-06540,Donalda Club,sport-recreation,[golf-club] private golf/multi-sport club,"Toronto (12 Bushbury Dr, Don Mills)",https://donaldaclub.ca/,verified-live,2026-08-16
ORG-06546,Brampton Curling Club,sport-recreation,[curling-club] curling club,"Peel (Brampton, 46 McMurchy Ave S)",http://bramptoncc.com,verified-live,2026-08-16
ORG-06547,Chinguacousy Curling Club,sport-recreation,[curling-club] curling club,"Peel (Brampton, 9050 Bramalea Rd)",http://chingcurling.com,verified-live,2026-08-16
ORG-06548,Dixie Curling Centre,sport-recreation,[curling-club] curling club,"Peel (Mississauga, 3071 Palstan Rd)",http://dixiecurlingclub.com,verified-live,2026-08-16
ORG-06549,East York Curling Club,sport-recreation,[curling-club] curling club (City of Toronto-owned),"Toronto (East York, 901 Cosburn Ave)",http://eastyorkcurling.ca,verified-live,2026-08-16
ORG-06550,High Park Club,sport-recreation,[curling-club] curling + lawn-tennis club,"Toronto (100 Indian Rd, High Park)",http://highparkclub.com,verified-live,2026-08-16
ORG-06551,King Curling Club,sport-recreation,[curling-club] curling club,"York Region (Schomberg, 25 Dillane Dr)",http://kingcurling.com,verified-live,2026-08-16
ORG-06552,Leaside Curling Club,sport-recreation,[curling-club] curling club,"Toronto (1075 Millwood Rd, Leaside)",http://leasidecurling.ca,verified-live,2026-08-16
ORG-06553,Oakville Curling Club,sport-recreation,[curling-club] curling club,"Halton (224 Allan St, Oakville)",http://oakvillecurlingclub.com,verified-live,2026-08-16
ORG-06554,Oshawa Curling Club,sport-recreation,[curling-club] curling club,"Durham (226 Bond St E, Oshawa)",http://oshawacurlingclub.com,verified-live,2026-08-16
ORG-06555,Oshawa Golf and Curling Club,sport-recreation,[curling-club] golf + curling club,"Durham (160 Alexandra St, Oshawa)",http://oshawagolf.com,verified-live,2026-08-16
ORG-06556,Port Perry Curling Club,sport-recreation,[curling-club] curling club,"Durham (483 Bay St, Port Perry)",http://portperrycurling.com,verified-live,2026-08-16
ORG-06557,Richmond Hill Curling Club,sport-recreation,[curling-club] curling club,"York Region (121 Elgin Mills Rd E, Richmond Hill)",http://rhcurling.ca,verified-live,2026-08-16
ORG-06558,Royal Canadian Curling Club,sport-recreation,[curling-club] curling club,Toronto (131 Broadview Ave),http://royalcanadiancurling.com,verified-live,2026-08-16
ORG-06559,Tam Heather Curling and Tennis Club,sport-recreation,[curling-club] curling + tennis club,"Toronto (730 Military Trail, Scarborough)",http://tamheather.ca,verified-live,2026-08-16
ORG-06560,The Thornhill Club,sport-recreation,[curling-club] curling club,"York Region (7994 Yonge St, Thornhill)",http://thethornhillclub.ca,verified-live,2026-08-16
ORG-06561,Unionville Curling Club,sport-recreation,[curling-club] curling club (member-owned),"York Region (257 Carlton Rd, Unionville)",http://unionvillecurlingclub.com,verified-live,2026-08-16
ORG-06562,Whitby Curling Club,sport-recreation,[curling-club] curling club (member-owned),"Durham (815 Brock St N, Whitby)",http://whitbycurlingclub.com,verified-live,2026-08-16
ORG-06563,York Curling Club,sport-recreation,[curling-club] curling club,"York Region (220 Muriel St, Newmarket)",http://yorkcurlingclub.ca,verified-live,2026-08-16
ORG-06564,Central Ontario Bridge Association,hobby-club,[hobby-club] bridge association (regional umbrella),Halton/Hamilton/Burlington/Oakville,http://unit166.ca/clubs.html,verified-live,2026-08-16
ORG-06565,Credit Valley Bridge Association,hobby-club,[hobby-club] bridge association (regional umbrella),"Brampton, Caledon, North Halton, Dufferin",http://unit166.ca/clubs.html,verified-live,2026-08-16
ORG-06566,Metropolitan Toronto Bridge Association,hobby-club,[hobby-club] bridge association (regional umbrella),Toronto + Mississauga,http://unit166.ca/clubs.html,verified-live,2026-08-16
ORG-06567,ACBL Unit 166 (Duplicate Bridge Toronto and Southern Ontario),hobby-club,[hobby-club] bridge governing body,"Golden Horseshoe (Toronto, Peel, Halton, Hamilton, to Durham/York borders)",http://unit166.ca/,verified-live,2026-08-16
ORG-06568,Bronte Bridge Club,hobby-club,[hobby-club] duplicate bridge club,"Halton (Burlington East Presbyterian Church, 505 Walker's Line)",,verified-live,2026-08-16
ORG-06569,Halton Bridge Club,hobby-club,[hobby-club] duplicate bridge club,Halton (Burlington East Presbyterian Church),,verified-live,2026-08-16
ORG-06570,Shoreline Bridge Club,hobby-club,[hobby-club] duplicate bridge club,Halton (Burlington East Presbyterian Church),,verified-live,2026-08-16
ORG-06571,Oakville Bridge Club,hobby-club,[hobby-club] duplicate bridge club,"Halton (Trinity United Church, 1250 McCraney St E)",,verified-live,2026-08-16
ORG-06572,Albion Hills Bridge Club,hobby-club,[hobby-club] duplicate bridge club,"Peel/Caledon (Mayfield United Church, 12496 Dixie Rd)",,verified-live,2026-08-16
ORG-06573,Marilyn's Bridge Club,hobby-club,[hobby-club] duplicate bridge club,"Peel (Flower City Seniors Centre, Brampton)",,verified-live,2026-08-16
ORG-06574,MOBridge,hobby-club,[hobby-club] duplicate bridge club,"Peel (Sherwood Village, 2225 Erin Mills Pkwy, Mississauga)",http://mobridge.club,verified-live,2026-08-16
ORG-06575,Bridge at the Temple,hobby-club,[hobby-club] duplicate bridge club,"Toronto (Temple Sinai Synagogue, 210 Wilson Ave)",https://www.bridgewebs.com/stephen/,verified-live,2026-08-16
ORG-06576,Dreamland Bridge Club,hobby-club,[hobby-club] duplicate bridge club,"Toronto (1051 McNicoll Ave, Scarborough)",,verified-live,2026-08-16
ORG-06577,Etobicoke Bridge Centre,hobby-club,[hobby-club] duplicate bridge club,"Toronto (Etobicoke Olympium, 590 Rathburn Rd)",http://www.etobicokebridge.com,verified-live,2026-08-16
ORG-06578,Hart House Bridge Club,hobby-club,[hobby-club] duplicate bridge club,"Toronto (Hart House, University of Toronto)",https://sites.utoronto.ca/bridge/,verified-live,2026-08-16
ORG-06579,Ina & Friends,hobby-club,[hobby-club] duplicate bridge club,"Toronto (Temple Sinai Synagogue, 210 Wilson Ave)",,verified-live,2026-08-16
ORG-06580,Midtown Toronto Novice DBC,hobby-club,[hobby-club] duplicate bridge club (novice-focused),"Toronto (Armour Heights Presbyterian Church, 105 Wilson Ave, North York)",,verified-live,2026-08-16
ORG-06581,Senior Tamils' Centre Bridge Club,hobby-club,[hobby-club] duplicate bridge club,"Toronto (2975 Don Mills Rd, North York)",,verified-live,2026-08-16
ORG-06582,Stepping Stones Bridge,hobby-club,[hobby-club] duplicate bridge club (beginner-focused),"Toronto (Armour Heights Presbyterian Church, North York)",https://www.bridgewebs.com/steppingstones/,verified-live,2026-08-16
ORG-06583,Toronto Bridge Club,hobby-club,[hobby-club] duplicate bridge club,"Toronto (Leaside Memorial Gardens, 1073 Millwood Rd)",https://www.bridgewebs.com/torontobridge/,verified-live,2026-08-16
ORG-06584,Toronto East Bridge Club,hobby-club,[hobby-club] duplicate bridge club,"Toronto (St. Nicholas Birch Cliff Anglican Church, Scarborough)",https://www.bridgewebs.com/torontoeast/home.html,verified-live,2026-08-16
ORG-06585,West End Duplicate Bridge Club,hobby-club,[hobby-club] duplicate bridge club,Toronto (71 Baby Point Rd),,verified-live,2026-08-16
ORG-06586,Annex Chess Club,hobby-club,[hobby-club] chess club,"Toronto (918 Bathurst St, the Annex)",https://annexchessclub.com/,verified-live,2026-08-16
ORG-06592,West Toronto Stamp Club,hobby-club,[hobby-club] philatelic (stamp) club,Toronto,https://www.westtorontostampclub.org/,verified-live,2026-08-16
ORG-06597,Troyak Club,hobby-club,[hobby-club] combined coin + stamp club,"Peel (Mississauga, John Paul II Polish Cultural Centre, 4300 Cawthra Rd)",https://troyakclub.com/,verified-live,2026-08-16
ORG-06598,"Etobicoke-Mississauga Coin, Stamp and Collectibles Club (EMCSCC)",hobby-club,[hobby-club] combined coin/stamp/collectibles club,Toronto (Etobicoke) + Peel (Mississauga),https://www.gta-collects.ca/,verified-live,2026-08-16
ORG-06612,BMW Car Club of Canada / BMW True North,hobby-club,[automobile-club] marque car club,GTA-wide,https://www.bmwtn.ca/,verified-live,2026-08-16
ORG-06615,RClub Toronto,hobby-club,[automobile-club] exotic/performance car club,Toronto (Leaside garage/clubhouse),https://www.rclubtoronto.com/home/,verified-live,2026-08-16
ORG-06616,Fast Lane Drive — Toronto Chapter,hobby-club,[automobile-club] exotic/performance car club,Toronto,https://fastlanedrive.com/chapter/toronto/,verified-live,2026-08-16
ORG-06617,Toronto North Probus,seniors-membership,[seniors-membership] PROBUS fellowship club,Toronto (North York),https://torontonorthprobus.ca/,verified-live,2026-08-16
ORG-06618,Probus Club of North York,seniors-membership,[seniors-membership] PROBUS fellowship club,Toronto (North York),https://www.probusnorthyork.ca/,verified-live,2026-08-16
ORG-06619,East York Probus Club,seniors-membership,[seniors-membership] PROBUS fellowship club,Toronto (East York),https://eastyorkprobus.ca/,verified-live,2026-08-16
ORG-06621,Men's Probus Club of Newmarket,seniors-membership,[seniors-membership] PROBUS fellowship club (men's),York Region (Newmarket),https://www.mensprobusclubofnewmarket.ca/,verified-live,2026-08-16
ORG-06623,Hanlan Boat Club,sport-recreation,[rowing-club] rowing club,Toronto (downtown waterfront),https://www.hanlanboatclub.ca/,verified-live,2026-08-16
ORG-06626,Able Sail Toronto,sport-recreation,[fitness-community] accessible/adaptive sailing program,"Toronto (1 Stadium Rd, waterfront)",,verified-live,2026-08-16
ORG-06627,Alexandra Yacht Club,sport-recreation,[yacht-club] yacht club,"Toronto (2 Stadium Rd, waterfront)",,verified-live,2026-08-16
ORG-06628,Aquatic Park Sailing Club,sport-recreation,[yacht-club] sailing club,"Toronto (2255B Queen St E, the Beaches)",,verified-live,2026-08-16
ORG-06629,Ashbridges Bay Yacht Club,sport-recreation,[yacht-club] yacht club,Toronto (30 Ashbridge's Bay Park Rd),,verified-live,2026-08-16
ORG-06630,Blind Sailing Association of Canada,sport-recreation,[yacht-club] accessible sailing organization,Toronto (7-B Pleasant Blvd),,verified-live,2026-08-16
ORG-06631,Bluffer's Park Yacht Club,sport-recreation,[yacht-club] yacht club,"Toronto (2369 Kingston Rd, Scarborough)",,verified-live,2026-08-16
ORG-06632,Broad Reach Foundation for Youth Leaders,sport-recreation,[yacht-club] youth sail-training charity,Toronto (20 Lower Spadina Ave),,verified-live,2026-08-16
ORG-06633,Canadian Albacore Association,sport-recreation,[yacht-club] dinghy-class racing association,Toronto (970 Queen St E),,verified-live,2026-08-16
ORG-06634,Cathedral Bluffs Yacht Club,sport-recreation,[yacht-club] yacht club,"Toronto (2975 Kingston Rd, Scarborough)",,verified-live,2026-08-16
ORG-06635,Diane Reid Sail Training and Coaching,sport-recreation,[yacht-club] sail-training program,Toronto (Scarborough),,verified-live,2026-08-16
ORG-06636,Etobicoke Yacht Club,sport-recreation,[yacht-club] yacht club,"Toronto (300 Humber Bay Park Rd, Etobicoke)",,verified-live,2026-08-16
ORG-06637,Etobicoke Yacht Club Junior Sail Program,sport-recreation,[fitness-community] youth sailing program,"Toronto (300 Humber Bay Park Rd, Etobicoke)",,verified-live,2026-08-16
ORG-06638,Great Lakes Sailing School,sport-recreation,[yacht-club] sailing school,Toronto (1 Leslie St),,verified-live,2026-08-16
ORG-06639,Harbour City Yacht Club,sport-recreation,[yacht-club] yacht club,Toronto (PO Box 5936 Station A),,verified-live,2026-08-16
ORG-06640,Highland Yacht Club,sport-recreation,[yacht-club] yacht club,"Toronto (5 Bluffers Park Rd, Scarborough)",,verified-live,2026-08-16
ORG-06641,Humber Bay Sailing Centre,sport-recreation,[yacht-club] sailing centre,"Toronto (100 Humber Bay Park Rd, Etobicoke)",,verified-live,2026-08-16
ORG-06642,Island Yacht Club,sport-recreation,[yacht-club] yacht club,"Toronto (Mugg's Island, Toronto Islands)",,verified-live,2026-08-16
ORG-06643,Lakeshore Yacht Club,sport-recreation,[yacht-club] yacht club,"Toronto (76 Colonel Sam Smith Park Dr, Etobicoke)",,verified-live,2026-08-16
ORG-06644,Mimico Cruising Club,sport-recreation,[yacht-club] cruising/yacht club,"Toronto (200 Humber Bay Park Rd, Etobicoke)",,verified-live,2026-08-16
ORG-06645,Mooredale Sailing Club,sport-recreation,[yacht-club] sailing club,Toronto (8 Regatta Rd),,verified-live,2026-08-16
ORG-06646,National Yacht Club,sport-recreation,[yacht-club] yacht club,"Toronto (1 Stadium Rd, waterfront)",,verified-live,2026-08-16
ORG-06647,Outer Harbour Centreboard Club,sport-recreation,[yacht-club] sailing club,Toronto (14 Regatta Rd),,verified-live,2026-08-16
ORG-06648,Outer Harbour Sailing Federation,sport-recreation,[yacht-club] sailing federation,Toronto (Regatta Rd),,verified-live,2026-08-16
ORG-06649,Queen City Yacht Club,sport-recreation,[yacht-club] yacht club,"Toronto (Algonquin Island, Toronto Islands)",https://www.qcyc.ca/,verified-live,2026-08-16
ORG-06650,Sailing Strong,sport-recreation,[yacht-club] sailing club,"Toronto (70 Eleventh St, Etobicoke)",,verified-live,2026-08-16
ORG-06651,Scarborough Bluffs Sailing Club,sport-recreation,[yacht-club] sailing club,"Toronto (2975 Kingston Rd, Scarborough)",,verified-live,2026-08-16
ORG-06652,St. James Town Sailing Club,sport-recreation,[yacht-club] sailing club,Toronto (10 Regatta Rd),,verified-live,2026-08-16
ORG-06653,Toronto Harbour Nautical Centre,sport-recreation,[yacht-club] sailing/nautical centre,Toronto (275 Queens Quay W),,verified-live,2026-08-16
ORG-06654,Toronto Hydroplane & Sailing Club,sport-recreation,[yacht-club] yacht club,Toronto (20 Ashbridges Bay Park Rd),,verified-live,2026-08-16
ORG-06655,Toronto Island Sailing Club,sport-recreation,[yacht-club] sailing club,Toronto (Toronto Islands),,verified-live,2026-08-16
ORG-06656,Toronto Multihull Cruising Club,sport-recreation,[yacht-club] cruising club (multihull/catamaran),Toronto (16 Regatta Rd),,verified-live,2026-08-16
ORG-06657,Toronto Sailing & Canoe Club,sport-recreation,[yacht-club] sailing/canoe club,Toronto (391 Lake Shore Blvd W),,verified-live,2026-08-16
ORG-06658,Toronto Windsurfing Club,sport-recreation,[yacht-club] windsurfing club,Toronto (1015 Lakeshore Blvd),,verified-live,2026-08-16
ORG-06659,TorontoSail.ca,sport-recreation,[yacht-club] sailing club,"Toronto (200 Humber Bay Park Rd W, Etobicoke)",,verified-live,2026-08-16
ORG-06660,Voyageur Sailing,sport-recreation,[yacht-club] sailing club,Toronto,,verified-live,2026-08-16
ORG-06661,Water Rat Sailing Club,sport-recreation,[yacht-club] sailing club,Toronto (970 Queen St E),,verified-live,2026-08-16
ORG-06662,Westwood Sailing Club,sport-recreation,[yacht-club] sailing club,Toronto (970 Queen St E),,verified-live,2026-08-16
ORG-06663,Bronte Harbour Yacht Club,sport-recreation,[yacht-club] yacht club,Halton (Oakville),,verified-live,2026-08-16
ORG-06664,Bronte Sailing Club,sport-recreation,[yacht-club] sailing club,Halton (Oakville),,verified-live,2026-08-16
ORG-06665,Oakville Yacht Squadron,sport-recreation,[yacht-club] yacht club,Halton (Oakville),,verified-live,2026-08-16
ORG-06666,The Oakville Club,sport-recreation,[yacht-club] private multi-sport waterfront club,"Halton (56 Water St, Oakville)",,verified-live,2026-08-16
ORG-06667,Port Credit Yacht Club,sport-recreation,[yacht-club] yacht club,Peel (Mississauga),,verified-live,2026-08-16
ORG-06668,Mississauga Sailing Club,sport-recreation,[yacht-club] sailing club,Peel (Mississauga),,verified-live,2026-08-16
ORG-06669,Cook Bay Yacht Club,sport-recreation,[yacht-club] yacht club,York Region (Newmarket / Lake Simcoe),,verified-live,2026-08-16
ORG-06670,Fairport Yacht Club,sport-recreation,[yacht-club] yacht club,Durham (Pickering),,verified-live,2026-08-16
ORG-06671,Frenchman's Bay Yacht Club,sport-recreation,[yacht-club] yacht club,Durham (Pickering),,verified-live,2026-08-16
ORG-06672,Newcastle Yacht Club,sport-recreation,[yacht-club] yacht club,Durham (Newcastle),,verified-live,2026-08-16
ORG-06673,Whitby Yacht Club,sport-recreation,[yacht-club] yacht club,Durham (Whitby),,verified-live,2026-08-16
ORG-06674,CrossFit SMASHBOX (Performance & Fitness),sport-recreation,[fitness-community] CrossFit/HYROX affiliate gym,"Toronto (Corktown, Yorkville, Islington/Lake Shore, Junction — 4 locations)",https://www.smashboxfit.ca/,verified-live,2026-08-16
ORG-06676,Downsview parkrun,sport-recreation,[fitness-community] free weekly timed 5K,"Toronto (Downsview Park, North York)",https://www.parkrun.ca/downsview/,verified-live,2026-08-16
ORG-06677,20s Run Club,sport-recreation,"[fitness-community] run club (informal, weekly)",York Region (Richmond Hill),https://runclubs.ca/toronto/20s-run-club,verified-live,2026-08-16
ORG-06678,261 Fearless Club Toronto,sport-recreation,"[fitness-community] run club (women-only, informal)",Toronto (Ramsden Park),https://runclubs.ca/toronto/261-fearless-club-toronto,verified-live,2026-08-16
ORG-06679,3K Run Club,sport-recreation,"[fitness-community] run club (informal, weekly)",Toronto (Scarborough — Milliken Rec),https://runclubs.ca/toronto/3k-run-club,verified-live,2026-08-16
ORG-06680,Actualize Running Club,sport-recreation,"[fitness-community] run club (informal, weekly)",Toronto,https://runclubs.ca/toronto/actualize-running-club,verified-live,2026-08-16
ORG-06681,A Cup of Run,sport-recreation,"[fitness-community] run club (women-only, informal)",Toronto (rotating location),https://runclubs.ca/toronto/a-cup-of-run,verified-live,2026-08-16
ORG-06682,Alegro Running Division,sport-recreation,"[fitness-community] run club (informal, weekly)",Toronto (Davenport Rd),https://runclubs.ca/toronto/alegro-running-division,verified-live,2026-08-16
ORG-06683,Almonte Run Club,sport-recreation,"[fitness-community] run club (informal, weekly, pub-based)",Toronto,https://runclubs.ca/toronto/almonte-run-club,verified-live,2026-08-16
ORG-06684,Asian Toronto Running Club,sport-recreation,"[fitness-community] run club (informal, weekly)",Toronto (Canoe Landing Park),https://runclubs.ca/toronto/asian-toronto-running-club,verified-live,2026-08-16
ORG-06685,Bay Street Run Club,sport-recreation,"[fitness-community] run club (informal, weekly)",Toronto (financial district),https://runclubs.ca/toronto/bay-street-run-club,verified-live,2026-08-16
ORG-06686,Beer Run,sport-recreation,"[fitness-community] run club (informal, weekly, brewery-based)",Toronto (rotating breweries),https://runclubs.ca/toronto/beer-run,verified-live,2026-08-16
ORG-06687,BeneFIT Pro Run Club,sport-recreation,"[fitness-community] run club (informal, weekly)",Toronto (Balmoral Park),https://runclubs.ca/toronto/benefit-pro-run-club,verified-live,2026-08-16
ORG-06688,Blacktoe Midtown,sport-recreation,"[fitness-community] run club (retail-affiliated, weekly)",Toronto (midtown),https://runclubs.ca/toronto/blacktoe-midtown,verified-live,2026-08-16
ORG-06689,BlackToe Running,sport-recreation,"[fitness-community] run club (retail-affiliated, weekly)",Toronto (95 Bathurst St + other locations),https://runclubs.ca/toronto/blacktoe-running,verified-live,2026-08-16
ORG-06690,Brown Girls Run,sport-recreation,"[fitness-community] run club (women-of-colour focused, weekly)",Toronto (Queens Quay & Stadium Rd),https://runclubs.ca/toronto/brown-girls-run,verified-live,2026-08-16
ORG-06691,Culture Athletics,sport-recreation,"[fitness-community] run club (informal, weekly)",Toronto (972 Queen St E),https://runclubs.ca/toronto/culture-athletics,verified-live,2026-08-16
ORG-06692,Curre Club,sport-recreation,"[fitness-community] run club (informal, weekly, coffee-based)",Toronto (Neo Coffee Bar),https://runclubs.ca/toronto/curre-club,verified-live,2026-08-16
ORG-06693,Daily Acta,sport-recreation,"[fitness-community] run club (informal, weekly)",Toronto (The Well),https://runclubs.ca/toronto/daily-acta,verified-live,2026-08-16
ORG-06694,Dupont Run Club,sport-recreation,"[fitness-community] run club (informal, weekly)",Toronto (Dupont/Ossington),https://runclubs.ca/toronto/dupont-run-club,verified-live,2026-08-16
ORG-06695,Eastbound Run Crew (EBRC),sport-recreation,"[fitness-community] run club (brewery-based, weekly)",Toronto (Eastbound Brewing Co),https://runclubs.ca/toronto/eastbound-run-crew-ebrc,verified-live,2026-08-16
ORG-06696,Founders Run Club,sport-recreation,"[fitness-community] run club (startup/tech-networking, weekly)",Toronto (Union Station),https://runclubs.ca/toronto/founders-run-club,verified-live,2026-08-16
ORG-06697,Front Runners Toronto,sport-recreation,"[fitness-community] run club (LGBTQ2S, est. 1987)",Toronto (Barbara Hall Park / The 519),https://www.frontrunnerstoronto.ca/about,verified-live,2026-08-16
ORG-06698,Girls run the 6ix,sport-recreation,"[fitness-community] run club (women-only, informal)",Toronto (Queens Quay & Stadium Rd),https://runclubs.ca/toronto/girls-run-the-6ix,verified-live,2026-08-16
ORG-06699,GLB Run Club,sport-recreation,"[fitness-community] run club (brewery-based, weekly)","Toronto (Great Lakes Brewery, Etobicoke)",https://runclubs.ca/toronto/glb-run-club,verified-live,2026-08-16
ORG-06700,High Park Rogue Runners,sport-recreation,"[fitness-community] run club (mid/long-distance, weekly)",Toronto (High Park),https://highparkroguerunners.com/,verified-live,2026-08-16
ORG-06701,Humber Bay Run Club,sport-recreation,"[fitness-community] run club (informal, weekly)","Toronto (Humber Bay Shores, Etobicoke)",https://runclubs.ca/toronto/humber-bay-run-club,verified-live,2026-08-16
ORG-06702,Humber Bay Running Club,sport-recreation,"[fitness-community] run club (informal, weekly)","Toronto (Humber Bay Shores, Etobicoke)",https://runclubs.ca/toronto/humber-bay-running-club,verified-live,2026-08-16
ORG-06703,Humber Bay Shores – OTF Parklawn,sport-recreation,"[fitness-community] run club (gym-affiliated, weekly)",Toronto (Etobicoke),https://runclubs.ca/toronto/humber-bay-shores-otf-parklawn-run-club,verified-live,2026-08-16
ORG-06704,IDRC (I Don't Run Club),sport-recreation,"[fitness-community] run club (ex-athlete focused, weekly)",Toronto (The Well),https://runclubs.ca/toronto/i-don't-run-club,verified-live,2026-08-16
ORG-06705,Kolbe.15,sport-recreation,"[fitness-community] run club (informal, weekly)",Toronto (Harbourfront Centre),https://runclubs.ca/toronto/kolbe-15,verified-live,2026-08-16
ORG-06706,Ladies Run Crew,sport-recreation,"[fitness-community] run club (women-only, informal)",Toronto (625 King St W),https://runclubs.ca/toronto/ladies-run-crew,verified-live,2026-08-16
ORG-06707,Le 6am Club,sport-recreation,"[fitness-community] run club (informal, weekly, coffee-based)","Toronto (Balzac's Coffee, Market St)",https://runclubs.ca/toronto/le-6am-club-toronto,verified-live,2026-08-16
ORG-06708,Liberty Village Striders,sport-recreation,"[fitness-community] run club (neighbourhood, weekly)",Toronto (Liberty Village),https://runclubs.ca/toronto/liberty-village-striders,verified-live,2026-08-16
ORG-06709,Longboat Roadrunners,sport-recreation,"[fitness-community] run club (training club, historic)",Toronto (University Settlement House),https://runclubs.ca/toronto/longboat-roadrunners,verified-live,2026-08-16
ORG-06710,Lululemon QSW Run Club,sport-recreation,"[fitness-community] run club (retail-affiliated, weekly)",Toronto (Queen St W),https://runclubs.ca/toronto/lululemon-qsw-run-club,verified-live,2026-08-16
ORG-06711,Me Versus Me,sport-recreation,"[fitness-community] run club (informal, weekly)",Toronto (Canoe Landing Park),https://runclubs.ca/toronto/me-versus-me,verified-live,2026-08-16
ORG-06712,Mica Run Club,sport-recreation,"[fitness-community] run club (LGBTQ+-inclusive, informal)",Toronto (North York Centre),https://runclubs.ca/toronto/mica-run-club,verified-live,2026-08-16
ORG-06713,Night Terrors Run Crew,sport-recreation,"[fitness-community] run club (women-founded, multi-night)",Toronto (multiple locations),https://runclubs.ca/toronto/night-terrors-run-crew,verified-live,2026-08-16
ORG-06714,Not A Run Club (NARC),sport-recreation,"[fitness-community] run club (seasonal, informal)",Toronto (Coronation Park),https://runclubs.ca/toronto/not-a-run-club-narc,verified-live,2026-08-16
ORG-06715,Parkdale Roadrunners,sport-recreation,"[fitness-community] run club (neighbourhood, weekly since 2010)",Toronto (Parkdale),https://runclubs.ca/toronto/parkdale-roadrunners,verified-live,2026-08-16
ORG-06716,Patagonia Toronto,sport-recreation,"[fitness-community] run club (retail-affiliated, weekly)",Toronto (King St W),https://runclubs.ca/toronto/patagonia-toronto,verified-live,2026-08-16
ORG-06717,Piccolo Run Club,sport-recreation,"[fitness-community] run club (cafe-affiliated, weekly)",Toronto (Piccolo Caffe e Vino),https://runclubs.ca/toronto/piccolo-run-club,verified-live,2026-08-16
ORG-06718,Portland Runners Toronto,sport-recreation,"[fitness-community] run club (informal, weekly)",Toronto (Ace Hotel),https://runclubs.ca/toronto/portland-runners-toronto,verified-live,2026-08-16
ORG-06719,Queer Run Club (QRC),sport-recreation,"[fitness-community] run club (queer/trans/NB-centred, weekly)",Toronto (Ethica Coffee Roaster),https://runclubs.ca/toronto/queer-run-club-qrc,verified-live,2026-08-16
ORG-06720,Raeden Run Club,sport-recreation,"[fitness-community] run club (informal, weekly)",Toronto (Scarborough — Midland Ave),https://runclubs.ca/toronto/raeden-run-club,verified-live,2026-08-16
ORG-06721,Ravers Run Club,sport-recreation,"[fitness-community] run club (music/DJ-themed, weekly)",Toronto (Union Station),https://runclubs.ca/toronto/ravers-run-club,verified-live,2026-08-16
ORG-06722,Riverdale Park 5K,sport-recreation,"[fitness-community] run/walk/jog club (informal, weekly)",Toronto (Riverdale Park East),https://runclubs.ca/toronto/riverdale-park-5k,verified-live,2026-08-16
ORG-06723,Running Rats Run Club,sport-recreation,"[fitness-community] run club (downtown, weekly)",Toronto (CF Eaton Centre),https://runclubs.ca/toronto/running-rats-run-club,verified-live,2026-08-16
ORG-06724,Run the Beaches TO,sport-recreation,"[fitness-community] run club (neighbourhood, weekly)",Toronto (the Beaches),https://runclubs.ca/toronto/run-the-beaches-to,verified-live,2026-08-16
ORG-06725,RunTOBeer,sport-recreation,"[fitness-community] run club (brewery/bar tour, informal)",Toronto (rotating bars/breweries),https://runclubs.ca/toronto/runtobeer,verified-live,2026-08-16
ORG-06726,Scarboro Runs,sport-recreation,"[fitness-community] run club (neighbourhood, weekly)",Toronto (Scarborough — Thomson Park),https://runclubs.ca/toronto/scarboro-runs,verified-live,2026-08-16
ORG-06727,Single Friends Run Club,sport-recreation,"[fitness-community] run club (singles-focused, weekly)",Toronto (The Well),https://runclubs.ca/toronto/single-friends-run-club,verified-live,2026-08-16
ORG-06728,Slow as F*ck Canucks,sport-recreation,"[fitness-community] run club (inclusive/slow-pace, weekly)","Toronto (west end, varies)",https://runclubs.ca/toronto/slow-canucks,verified-live,2026-08-16
ORG-06729,Small World Run Club,sport-recreation,"[fitness-community] run club (neighbourhood, weekly)",Toronto (Trinity Bellwoods),https://runclubs.ca/toronto/small-world-run-club,verified-live,2026-08-16
ORG-06730,So Fun Run Crew,sport-recreation,"[fitness-community] run club (informal, weekly)",Toronto (1345 Queen St E),https://runclubs.ca/toronto/so-fun-run-crew,verified-live,2026-08-16
ORG-06731,SparQ Runners,sport-recreation,"[fitness-community] run club (queer community, weekly)",Toronto (varies),https://runclubs.ca/toronto/sparq-runners,verified-live,2026-08-16
ORG-06732,Stable Boxing Club,sport-recreation,"[fitness-community] run + boxing club (informal, weekly)",Toronto (CN Tower base),https://runclubs.ca/toronto/stable-boxing-club,verified-live,2026-08-16
ORG-06733,TC Run Club,sport-recreation,"[fitness-community] run club (charity-linked, weekly)",Toronto (College St & University Ave),https://runclubs.ca/toronto/tc-run-club,verified-live,2026-08-16
ORG-06734,Team Ultra Black,sport-recreation,"[fitness-community] run club (informal, weekly)","Toronto (Princes' Gate, Exhibition Place)",https://runclubs.ca/toronto/team-ultra-black,verified-live,2026-08-16
ORG-06735,The Running Experiment,sport-recreation,"[fitness-community] run club (informal, weekly)",Toronto (Queen's Park),https://runclubs.ca/toronto/the-running-experiment,verified-live,2026-08-16
ORG-06736,Toronto Running Club,sport-recreation,"[fitness-community] run club (structured, weekly)",Toronto (midtown — North Toronto Memorial CC),https://runclubs.ca/toronto/toronto-running-club,verified-live,2026-08-16
ORG-06737,Toronto Trail Runners,sport-recreation,[fitness-community] trail-running club (oldest in city per own claim),Toronto (Edwards Gardens / Sunnybrook / Serena Gundy),https://runclubs.ca/toronto/toronto-trail-runners,verified-live,2026-08-16
ORG-06738,TO Run Collective,sport-recreation,"[fitness-community] run club (informal, weekly)",Toronto (Exhibition Place / Olympic Park),https://runclubs.ca/toronto/to-run-collective,verified-live,2026-08-16
ORG-06739,TRIBE Social Run Club,sport-recreation,"[fitness-community] run club (social/casual, weekly)",Toronto (North York — Yonge St),https://runclubs.ca/toronto/tribe-social-run-club,verified-live,2026-08-16
ORG-06740,University of Toronto Run Club,sport-recreation,"[fitness-community] run club (campus-affiliated, multi-day)",Toronto (University College steps),https://runclubs.ca/toronto/university-of-toronto-run-club,verified-live,2026-08-16
ORG-06741,Washed Up,sport-recreation,"[fitness-community] run club (ex-athlete focused, weekly)",Toronto (the Beaches — Silver Birch Boat House),https://runclubs.ca/toronto/washed-up,verified-live,2026-08-16
ORG-06742,XSNRG,sport-recreation,"[fitness-community] run club (interval/speed-focused, weekly)",Toronto (Leaside/Sunnybrook Park),https://runclubs.ca/toronto/xsnrg,verified-live,2026-08-16
ORG-06743,Your Pace Or Mine?,sport-recreation,"[fitness-community] run/walk club (beginner-focused, weekly)",Toronto (Clarence Square Park),https://runclubs.ca/toronto/your-pace-or-mine,verified-live,2026-08-16
ORG-07000,Citizens' Climate Lobby -- Toronto Chapter,international-chapter,"[global-civic-movements] global deliberative/advocacy network -- carbon-pricing lobby chapter — global parent: Citizens' Climate Lobby International (chapters in 70+ countries); Canadian national body: Citizens' Climate Lobby Canada, HQ 2195 Armstrong Street, Sudbury, ON P3E 4W2",Toronto proper (own chapter slug 'CAN_Toronto_Downtown' implies a specific downtown-Toronto chapter; other Toronto-area chapters not ruled out),https://citizensclimatelobby.org/chapters/CAN_Toronto_Downtown/,verified-live,2026-08-16
ORG-07009,"SGI Canada Culture Centre (National Headquarters, Toronto)",international-chapter,"[global-faith-movements] global faith movement -- national HQ + Toronto local centre — global parent: Soka Gakkai International (SGI) -- 12 million practitioners in 192 countries/territories, per own site","Toronto proper (2050 Dufferin St, Toronto, ON M6E)",https://www.sgicanada.org/,verified-live,2026-08-16
ORG-07010,Brahma Kumaris Toronto -- Inspiration House (Main GTA Centre),international-chapter,"[global-faith-movements] global faith/meditation movement -- main GTA centre — global parent: Brahma Kumaris World Spiritual University (BKWSU), international Raja Yoga meditation movement",Toronto proper (North York),https://toronto.brahmakumaris.ca/,verified-live,2026-08-16
ORG-07011,Brahma Kumaris Brampton,international-chapter,[global-faith-movements] global faith/meditation movement -- GTA centre — global parent: Brahma Kumaris World Spiritual University (BKWSU),"GTA (Brampton, Peel Region)",https://brampton.brahmakumaris.ca/,verified-live,2026-08-16
ORG-07012,Brahma Kumaris Burlington,international-chapter,[global-faith-movements] global faith/meditation movement -- GTA centre — global parent: Brahma Kumaris World Spiritual University (BKWSU),"GTA (Burlington, Halton Region)",https://burlington.brahmakumaris.ca/,verified-live,2026-08-16
ORG-07013,Brahma Kumaris Mississauga,international-chapter,[global-faith-movements] global faith/meditation movement -- GTA centre — global parent: Brahma Kumaris World Spiritual University (BKWSU),"GTA (Mississauga, Peel Region)",https://mississauga.brahmakumaris.ca/,verified-live,2026-08-16
ORG-07014,Brahma Kumaris Scarborough,international-chapter,[global-faith-movements] global faith/meditation movement -- Toronto-proper centre — global parent: Brahma Kumaris World Spiritual University (BKWSU),"Scarborough, Toronto proper",https://scarborough.brahmakumaris.ca/,verified-live,2026-08-16
ORG-07015,Focolare Movement -- Toronto (Word of Life group),international-chapter,"[global-faith-movements] global faith movement -- informal Toronto small-group presence — global parent: Focolare Movement (international Gospel-based ecclesial movement for spiritual/social renewal, interfaith dialogue)",Toronto proper,https://www.focolare.us/,verified-live,2026-08-16
ORG-07016,"AIESEC Canada Inc. (national HQ, Toronto-registered)",international-chapter,"[global-youth] global youth-leadership/exchange network -- national legal entity, Toronto-registered — global parent: AIESEC International (global youth-leadership and exchange org; UN ECOSOC consultative status; present 120+ countries)","Toronto proper (national HQ; Charity Number 129835872RR0001 registered in Toronto, Ontario)",https://www.aiesec.ca/,verified-live,2026-08-16
ORG-07017,The Canadian Internet Society (TCIS),international-chapter,[internet-governance] internet governance -- national advocacy body — global parent: Self-described independent Canadian internet-policy advocacy body; relationship to the Internet Society (isoc.org) official 'Chapters' program NOT independently confirmed the 2026-08-16 census pass,Canada-wide (Toronto-specific HQ address not published on fetched page),https://internetsociety.ca/,verified-live,2026-08-16
ORG-07018,BPW Ontario (Business and Professional Women of Ontario),fraternal-chambers,[global-womens-orgs] global women's professional network -- provincial body — global parent: BPW International (global women's business/professional federation) via BPW Canada (the Canadian Federation of Business and Professional Women),Ontario-wide (provincial body),https://bpwontario.com/,verified-live,2026-08-16
ORG-07019,BPW North Toronto,fraternal-chambers,[global-womens-orgs] global women's professional network -- Toronto-proper club — global parent: BPW International via BPW Canada / BPW Ontario,Toronto proper (North Toronto),https://northtorontobpw.com/,verified-live,2026-08-16
ORG-07020,BPW Brampton Caledon,fraternal-chambers,[global-womens-orgs] global women's professional network -- GTA club — global parent: BPW International via BPW Canada / BPW Ontario,"GTA (Brampton/Caledon, Peel Region)",https://bpwbramptoncaledon.com/,verified-live,2026-08-16
