source_program,source_file,source_id,source_kind,question
abundance,research/abundance/QUESTION_BANK_EXTENDED.md,AB49,bank,"[EXT] If intelligence itself becomes abundant, most of what a sovereign fund holds today — financial expertise, active management, credentialed analysis — reprices toward zero, and the things that STAY scarce (land, waterfront, energy generation, water, relationships, trust) become the only assets worth holding. So is ABUNDANCE's real job to convert every dollar of soon-to-be- cheap financial claim into the handful of things that stay scarce *before* the repricing hits — and what's the honest list, in acquisition order, of what Toronto should own by the time intelligence is cheap?"
abundance,research/abundance/QUESTION_BANK_EXTENDED.md,AB50,bank,"[EXT] The acquisition-window question, honestly: if there IS a window (⚠️ this is his thesis, not a finding — the timing is contested and PROJ-0063 owns the context), does moving early mean buying assets at today's prices before an AI-driven asset boom, or does it mean the opposite — that a fund racing to accumulate during a bubble is exactly how sovereign funds get burned? What would tell us the window is real versus a story we're telling to justify urgency?"
abundance,research/abundance/QUESTION_BANK_EXTENDED.md,AB51,bank,"[EXT] The last-gift's uncomfortable edge: if the fund's whole premise is ""acquire the commons before the repricing,"" is ABUNDANCE itself accumulating — the very thing his Seed 2 calls the root problem? Reconcile it honestly: a commons fund that hoards commons assets for the people is FLOW (held in trust, dividends and access flowing out) not HOARD (held for return, gains retained) — but what's the structural test that keeps a ""commons acquisition fund"" from quietly becoming just another accumulator with better branding?"
abundance,research/abundance/QUESTION_BANK_EXTENDED.md,AB52,bank,"[EXT] What does a fund do that credentialed expertise USED to do, once expertise is cheap? If AI can run world-class portfolio analysis, sovereign-wealth strategy, and risk modeling for near-free, the fund's scarce value moves entirely to *governance, trust, and legitimacy* — the things AI can't confer. Does that mean ABUNDANCE's most important asset isn't its AUM at all but its trustee bench and its capture wall (AB33) — the human legitimacy that makes people trust the fund with the commons?"
abundance,research/abundance/QUESTION_BANK_EXTENDED.md,AB53,bank,"[EXT] What is Toronto's honest fiscal starting position — the operating budget, the capital budget, the ⚠️ reserve and reserve-fund balances, the debt and debt-service load, and the structural gap the City covers with one-time measures each year? Before ABUNDANCE claims it can fund post-scarcity without new taxes, put the real municipal arithmetic on the wall: how much headroom actually exists, and how much of the ""fund the commons"" ask has to come from genuinely new value versus reshuffling money the City already spends?"
abundance,research/abundance/QUESTION_BANK_EXTENDED.md,AB54,bank,"[EXT] What endowment logic does Toronto ALREADY run — the ⚠️ Toronto Foundation, the hospital foundations, the university endowments, the toronto-area pension capital — and what is the honest total already sitting in commons-adjacent long-term capital in this city? If billions already run on endowment logic (AB17), is ABUNDANCE's first move to build a new fund at all, or to federate and redirect the return-mandate of capital that already exists?"
abundance,research/abundance/QUESTION_BANK_EXTENDED.md,AB55,bank,"[EXT] The unlock-rate baseline (AB25 made a number): what percentage of Toronto's already-built capacity actually flows — school gyms after 6pm, empty offices, idle church halls, underused civic buildings, ⚠️ vacant public land? Before a dollar is raised, what is the honest city-wide unlock rate today, and what would raising it 10 points be worth in avoided spending — the cheapest abundance, quantified?"
abundance,research/abundance/QUESTION_BANK_EXTENDED.md,AB56,bank,"[EXT] The money-leaving-the-city baseline (the ABUNDANCE-scale version of LIVELIHOOD's extraction audit): how much money enters Toronto's public and household economy each year and how fast does it leak out to ⚠️ non-local banks, asset managers, platforms, and absentee owners before circulating locally even once? What is the city's honest ""money velocity,"" and which single plugged leak would keep the most value inside the commons — the honest figure, not the inflated buy-local claim?"
abundance,research/abundance/QUESTION_BANK_EXTENDED.md,AB57,bank,"[EXT] The unclaimed-money baseline: waste streams, procurement inefficiency, unclaimed savings, energy burned as heat, ⚠️ dormant accounts and unclaimed balances. What is the honest total of money nobody has to be taxed to recover — the ""found money"" that AB8 and AB9 point at — and how much of it is real versus an accounting mirage that vanishes into next year's budget the moment you reach for it?"
abundance,research/abundance/QUESTION_BANK_EXTENDED.md,AB58,bank,"[EXT] The fund manager's next role. If active management reprices toward zero (AB52) and the movement runs its own capital, what is the dignified transformation for Toronto's asset managers, analysts, and portfolio managers — from maximizing return for the few to stewarding the commons for the many? What does a world-class investment professional DO inside a fund whose north star is needs-met-without-money rather than AUM, and how do we make that role feel like a promotion of purpose, not a demotion of prestige?"
abundance,research/abundance/QUESTION_BANK_EXTENDED.md,AB59,bank,"[EXT] The banker and the financial advisor as partners. His Seed 2 names bank fees as extraction — but the teller, the loan officer, the branch manager, and the fee-only fiduciary advisor are inside this system and most are not the enemy. What's the partners-never-adversaries transformation for them — public-banking and credit-union roles, commons-advisory roles, the ""financial guide who helps you need less"" instead of ""the salesman who helps you buy more"" — and which of these plugs the fee leak without pretending the risk-bearing and liquidity functions of banking simply vanish (the intermediary-honesty test applied to finance itself)?"
abundance,research/abundance/QUESTION_BANK_EXTENDED.md,AB60,bank,"[EXT] The foundation, charity, and development-officer transformation. The city runs billions through charitable infrastructure (AB17) staffed by skilled, mission-driven people — grant officers, major-gift fundraisers, foundation program staff. If ABUNDANCE changes how giving works (sections O and P below), what is their next role — from raising money to designing FLOW, from managing scarcity-grants to stewarding an abundance commons? How do we transform the fundraising profession without destroying the very institutions and relationships we'll need to run the fund?"
abundance,research/abundance/QUESTION_BANK_EXTENDED.md,AB61,bank,"[EXT] The exit ramp for extractive wealth — designed, not demanded. His Seed 2 is explicit: solutions must not trigger fear in ""those who have accumulated wealth and power through extraction — they need a way out."" So what is the actual instrument — a dignified, celebrated, legally-clean off-ramp that lets someone who built a fortune extractively convert it into commons legacy without shame, clawback, or public humiliation? What does the ramp look like such that a billionaire *wants* to walk down it, and how do we build it so it's a genuine transformation of their capital, not an indulgence that launders reputation while the extraction continues?"
abundance,research/abundance/QUESTION_BANK_EXTENDED.md,AB62,bank,"[EXT] Dignity for the wealthy WITHOUT laundering the extraction. The hardest edge of AB61: the exit ramp cannot become a reputation-laundering machine where extractive fortunes buy clean legacies while the extractive business keeps running. Where exactly is the line between a genuine exit (the extraction STOPS, the capital converts) and a greenwash (the extraction continues, the philanthropy is PR)? What's the honest test the fund applies — and does refusing dirty money that wants to walk down the ramp cost the movement more than it can afford (the refused-money list, AB42, at the wealth-ladder scale)?"
abundance,research/abundance/QUESTION_BANK_EXTENDED.md,AB63,bank,"[EXT] FLOW vs HOARD as the actual measured distinction. His own edge case answers his own question: the person giving $990k of a $1m day is not accumulating, they're a conduit. So is the honest metric not wealth or income at all but *flow-through rate* — what share of what passes through you moves back out to the commons and the world? Can ABUNDANCE define a clean, gameable- resistant flow-through measure, and does that single reframe dissolve his tension — accumulation isn't shameful, *hoarding* is, and the wealthy are invited to become high-flow conduits rather than shamed for having wealth?"
abundance,research/abundance/QUESTION_BANK_EXTENDED.md,AB64,bank,"[EXT] Aspiration, never shame — the public framing rule. His private conviction (""accumulation considered shameful"") is sharper than anything that can ship publicly without triggering exactly the fear response his own seed forbids. So how does ABUNDANCE make FLOW *aspirational* — the celebrated, high-status, obviously-admirable thing — without ever running a shame campaign against HOARD? Is the answer that we never point at the hoarders at all, we only ever celebrate and elevate the flow-ers, and let the culture shift by aspiration the way SPORT and the practice-culture programs make virtue attractive rather than mandatory?"
abundance,research/abundance/QUESTION_BANK_EXTENDED.md,AB65,bank,"[EXT] The generosity ladder — giving as a gamified practice (his practice-culture ethos, applied to FLOW). The movement makes virtue aspirational through visible progression (the Game of Life 3.0 skill-tree). Is there a *generosity ladder* — a dignified, opt-in, gate-nothing progression of flow-through, from the first gift to the high-flow conduit — that makes giving a practice people level up in rather than a tax they resent? How do we build it so it celebrates growth without turning generosity into a leaderboard, a status arms race, or the L33 ""should we even measure this"" trap (the CONNECTION Reciprocity-Ledger-Halved discipline applied to giving)?"
abundance,research/abundance/QUESTION_BANK_EXTENDED.md,AB66,bank,"[EXT] Giving as practice, not transaction — the culture layer. The 99%-practice ethos says most people are always *practising*, never at mastery. Applied to generosity: most people are learning to give, learning to flow, and should be allowed to be beginners at it without shame. So what does a *practice culture of generosity* feel like — where flowing wealth is a skill you develop, grandmother-mentors model it, and the beginner giving their first small gift is honored exactly as much as the high-flow conduit? Is *that* how the virtue becomes aspirational — not a moral demand but a practice anyone can start today?"
abundance,research/abundance/QUESTION_BANK_EXTENDED.md,AB67,bank,"[EXT] The religious and spiritual anchor on accumulation (the PROJ-0057 UNITY OF ACTION seam). His Seed 2 anchors the whole money conversation in ""almost every religious, spiritual and philosophy on the planet"": accumulation condemned near-universally, flow and generosity honored near-universally. ⚠️ This is well-documented terrain (the traditions' own texts on wealth, usury, tithing, zakat, dana, jubilee) but it crosses PROJ-0057 which owns the deep treatment. So the DESIGN question for ABUNDANCE only: does the fund draw its legitimacy and its FLOW-vs-HOARD framing from this near-universal moral anchor — making the fund not a financial novelty but the operationalization of what almost every"
abundance,research/abundance/QUESTION_BANK_EXTENDED.md,AB68,bank,"[EXT] The ESG materiality failure, turned into a design principle. His Seed 2 diagnosis is sharp and ⚠️ largely supportable by the evidence lane (single-vs-double materiality, ratings divergence, best-in-class-vs-absolute scoring): oil and gas companies score high ESG ""vs peers"" while fundamentally pillaging. So what does ABUNDANCE measure INSTEAD to avoid repeating the materiality failure — absolute impact not relative, double materiality not single, the real-world outcome not the disclosure? Is the fund's screen the inverse of ESG's mistake: never ""best in a bad class,"" only ""genuinely regenerative in absolute terms"" (Regen > Degen made into an investment rule)?"
abundance,research/abundance/QUESTION_BANK_EXTENDED.md,AB69,bank,"[EXT] Impact and responsible investing, extrapolated honestly. His Seed 2 sends the fleet to ""explore impact investment, sustainable investments, responsible investments... and extrapolate into the future."" ⚠️ The evidence is mixed — real capital moving to real outcomes, tangled with impact-washing and concessionary-return debates. What does impact investing look like when it's the *default* mandate of a commons fund rather than a niche allocation — does ABUNDANCE refuse the market-rate-return framing entirely (the point is the impact, the return is the floor not the goal), and what breaks in fund solvency if it does?"
abundance,research/abundance/QUESTION_BANK_EXTENDED.md,AB70,bank,"[EXT] Effective altruism, post-FTX, carried honestly. His Seed 2 points squarely at EA's territory — and the standing cautionary is unavoidable: ⚠️ FTX, the collapse, the harm done in EA's name. What does ABUNDANCE take from EA's genuine contribution (rigorous cost-effectiveness, ""do the most good per dollar,"" the honest number over the hoped-for one) while explicitly rejecting what FTX exposed (ends-justify-means, unaccountable concentration, longtermism as a license for present harm)? Is the honest lesson that EA's *arithmetic* is a gift and EA's *power structure* was the poison — and how does the fund keep one without the other?"
abundance,research/abundance/QUESTION_BANK_EXTENDED.md,AB71,bank,"[EXT] The honest cost-effectiveness question, his own standing demand applied to giving. His voice always asks for the honest number over the hoped-for one. So does ABUNDANCE hold every gift, grant, and impact investment to a published cost-effectiveness test — dollars in versus real-world good out — even when the answer is uncomfortable (the beloved local program that does less good per dollar than a boring intervention elsewhere)? Where's the line between EA-grade rigor and the coldness that reduces a neighbour's dignity to a QALY, and does the fund need BOTH a measured-impact lane and an honored-but-unmeasured lane (the LIVELIHOOD do-not-measure list at fund scale)?"
abundance,research/abundance/QUESTION_BANK_EXTENDED.md,AB72,bank,"[EXT] The money-removed ledger as ABUNDANCE's proudest number. His whole frame inverts the usual: success is measured by how LITTLE anyone needs, not how big the fund gets (the one-liner). So does ABUNDANCE publish a ""money removed from systems"" ledger *beside* its balance sheet — every dollar of need demonetized away, every extraction leak plugged, every essential made free — and is that ledger the number the movement is actually proud of, the balance sheet merely the means? What's the honest accounting rule so this ledger can't be gamed (claiming ""removed"" money that just moved somewhere less visible)?"
abundance,research/abundance/QUESTION_BANK_EXTENDED.md,AB73,bank,"[EXT] The honesty rider, fund-wide (AB23 generalized). When money leaves a system, it was quietly funding something — research, cross-subsidies, jobs, unions, a nonprofit's overhead, someone's livelihood. What's the standing rule that forces ABUNDANCE to NAME what the removed money was doing and either fund it on purpose or own the loss out loud? Is the discipline that no ""money removed"" entry is allowed on the ledger until its shadow-funded dependencies are listed beside it — so demonetization never quietly defunds something the city needed?"
abundance,research/abundance/QUESTION_BANK_EXTENDED.md,AB74,bank,"[EXT] Subtraction as the fund's cheapest revenue. AB1's numerator-vs-denominator question, made concrete: is the single highest-leverage thing ABUNDANCE can do not to raise a dollar but to *remove* the need for many — demonetize the food floor, transit, tool libraries, care — so the fund it needs shrinks faster than it could ever grow? Which subtraction is worth more than the entire health-data fund, honestly, and does the money-removed ledger prove that needing-least beats fund-size as the strategy (LIVELIHOOD's prosperity-as-needing-least, on the fund side)?"
abundance,research/abundance/QUESTION_BANK_EXTENDED.md,AB75,bank,"[EXT] A fund designed to make itself unnecessary — is that even coherent? Every fund's institutional instinct is self-perpetuation; ABUNDANCE's premise (AB46) is the opposite — it's bridge financing that should shrink as the commons it builds takes over. So how do you build an institution whose success criterion is its own obsolescence, and what's the honest failure mode where the ""bridge"" fund entrenches itself, grows a bureaucracy, and outlives its purpose the way every temporary agency in history has? What structural device forces the bridge to actually retire?"
abundance,research/abundance/QUESTION_BANK_EXTENDED.md,AB76,bank,"[EXT] What does ""turned off"" mean for a fund, honestly? AB46 asks it and it's genuinely hard: a fund can't just stop the way a service can. Does ""turned off"" mean the assets distribute into permanent commons ownership (land into CLTs, energy into co-ops, data-dignity into irrevocable public trust) and the fund's *management function* dissolves — the assets stay, the fund-as-manager ends? Or does the bridge stay standing as a maintenance body forever? What's the honest end-state, and is a fund that never ends actually a fund that failed its own thesis?"
abundance,research/abundance/QUESTION_BANK_EXTENDED.md,AB77,bank,"[EXT] The fast-but-safe transition rule for money (bridges not cliffs). His parallel- system method: build new alongside old, keep the old as backup until it can be turned off, never trigger the meltdown. Applied to a fund, this means old-system dollars keep flowing until the commons can carry the load — but a fund racing to build the parallel economy could destabilize the very old system it depends on for its own capital. What's the honest interface — how does ABUNDANCE harvest old-system returns to fund the new economy without either moving so slow it never arrives or so fast it collapses the backup before the bridge is finished?"
abundance,research/abundance/QUESTION_BANK_EXTENDED.md,AB78,bank,"[EXT] The planned obsolescence date — real commitment or comforting fiction? A bridge with no obsolescence date is just a permanent structure. But nobody can honestly name the year the commons carries the load. So does ABUNDANCE commit to *checkpoints* rather than a date (the LIVELIHOOD staged-trajectory mold) — at each checkpoint, what share of the commons is self- sustaining, how much smaller can the bridge get, and what evidence would tell us the bridge should START winding down versus keep growing? What checkpoint failure would honestly tell us the bridge is here to stay and we should say so?"
abundance,research/abundance/QUESTION_BANK_EXTENDED.md,AB79,bank,"[EXT] A world-class trustee bench — what makes it world-class, and what makes it safe? His Seed 2 imagines convening world-class sovereign-wealth governance figures (vault-redacted) as trustees. World-class expertise is exactly what a commons fund needs and exactly what could capture it — the same people who ran extractive sovereign funds now steering a regenerative one. So what's the trustee-selection design that gets world-class competence WITHOUT importing the old model's values — is the test that a trustee must have visibly chosen FLOW over HOARD in their own life, and how do you verify that without it becoming a purity test that excludes everyone competent?"
abundance,research/abundance/QUESTION_BANK_EXTENDED.md,AB80,bank,"[EXT] The governance innovation he asked for — ""let's innovate."" His Seed 2 explicitly wants ABUNDANCE to innovate on sovereign-wealth governance, not copy it. ⚠️ The reference designs (Norway's arms-length model and fiscal rule, ⚠️ Singapore's dual-fund structure, the Santiago Principles for sovereign-fund governance) are the standing precedents to study and BEAT. What's the genuinely new governance shape — participatory (AGORA runs allocation, AB34), commons-owned, capture-walled (AB33), obsolescence-planned (AB75) — that no existing sovereign fund has, and what does the fund gain by innovating that it couldn't get by copying Norway?"
abundance,research/abundance/QUESTION_BANK_EXTENDED.md,AB81,bank,"[EXT] The trustee's role, transformed. Extending the role-transformation axis to the very top: a sovereign-wealth trustee's traditional job is fiduciary return-maximization for the state's beneficiaries. In ABUNDANCE, the beneficiary is the commons and the north star is needs- met-without-money. So what is the *transformed* trustee role — from return-fiduciary to commons- steward — and how do we recruit world-class governance talent into a role that asks them to optimize for something the entire profession was trained to treat as secondary? Is this the most senior version of ""partners, never adversaries,"" offered to the people at the very top of the old system?"
abundance,research/abundance/QUESTION_BANK_EXTENDED.md,AB82,bank,"[EXT] The $0-for-me condition as trustee-bench law. His unredacted north-star: ""$0 for me please; I just want to ensure my wife and kids are taken care of."" Does that personal condition become the trustee bench's founding covenant — no trustee, no founder, no movement leader ever draws extractive personal wealth from the fund, family-provided-for the only permitted personal condition? How is that verified (not promised), and does it become the single clearest signal to the world that this fund is FLOW not HOARD — the people steering it took $0 for themselves?"
abundance,research/abundance/QUESTION_BANK_EXTENDED.md,AB83,bank,"[EXT] What would it actually take for a Toronto child to never think about money? Play it forward concretely: a child never thinks about money when food, shelter, transit, care, learning, and play are all provisioned without a transaction they have to navigate. So what is the honest list of what has to be free-at-point-of-use for a child's whole world to be money-invisible, what does that cost the commons to provision, and is *the child's experience of money-invisibility* a cleaner, more honest north star for ABUNDANCE than any financial metric — the fund succeeds when a kid grows up in Toronto never once anxious about money?"
abundance,research/abundance/QUESTION_BANK_EXTENDED.md,AB84,bank,"[EXT] Money-largely-invisible UX — the design question. His hope isn't necessarily *no* money but money made *invisible*. There's a real design tradition here (⚠️ money that fades into the background of provisioned life — the way you don't ""pay"" for a public library book or a breath of air). What does money-invisible UX look like for daily life in Toronto — and where does invisibility become dangerous (invisible money is easy to not-notice being extracted; the LIVELIHOOD surveillance-of-a-cashless-economy warning applies)? How do we make money invisible to the child without making extraction invisible to the adult?"
abundance,research/abundance/QUESTION_BANK_EXTENDED.md,AB85,bank,"[EXT] The honest gap between ""no Toronto child"" and ""no child on earth."" His hope is planetary; ABUNDANCE is a city fund. Is the honest claim that Toronto demonstrates money- invisibility for its children so the world can copy the model (the standing ""Toronto demonstrates, the world copies"" thesis), or is a city-scale fund making a planetary promise it can't keep? What exactly does a Toronto fund owe the ""no child on earth"" hope — is it the proof-of-concept, the open-source blueprint, the export revenue that seeds other cities' funds — and where's the line between honest inspiration and overreach?"
abundance,research/abundance/QUESTION_BANK_EXTENDED.md,AB86,bank,"[EXT] The rails-agnostic ruling, inherited and tested (AB32). DR3 ruled rails-agnostic, fiat-first: the mechanism must work in a credit union, crypto an option never a dependency. His Seed 2 presses harder — ""are there any viable solutions except global adoption of web3?"" So the DESIGN question for ABUNDANCE: does the fund inherit rails-agnostic as its standing prior (PROJ- 0062 tests it, doesn't assume it), and what would have to be TRUE in PROJ-0062's findings for ABUNDANCE to override rails-agnostic and commit to web3 rails — versus the honest likelihood that a commons fund is safest on boring, regulated, fiat-first infrastructure regardless of what crypto promises?"
abundance,research/abundance/QUESTION_BANK_EXTENDED.md,AB87,bank,"[EXT] The DAO as a governance option for the fund itself — design question, not endorsement. If PROJ-0062 finds DAOs viable, the DESIGN question is whether ABUNDANCE's own governance (the allocation loop, AB34; the trustee bench, AB79) could run partly as a DAO — transparent, programmable, capture-resistant by code. But ⚠️ DAO history includes governance capture by token-holders, low participation, and code-is-law disasters. So what would a DAO give ABUNDANCE's governance that a well-designed statutory trust plus AGORA deliberation can't — and is the honest answer that DAOs solve transparency but not legitimacy, and legitimacy is the fund's actual scarce asset (AB52)?"
abundance,research/abundance/QUESTION_BANK_EXTENDED.md,AB88,bank,"[EXT] Financial-system fragility as a fund-design input (PROJ-0063 context, PROJ-0062 tech). His Seed 2: ""can the current financial system continue as it is? is it not incredibly unstable?"" ⚠️ This is contested — published sources argue both fragility and resilience, and PROJ-0062/0063 own the deep treatment. ABUNDANCE's DESIGN question only: if there's a real chance the old system is fragile, does that make the fund's parallel-rails redundancy (a commons that can function even if the old system stutters) a *resilience feature* rather than a crypto-ideology choice — and how does the fund build backup capacity without becoming a doomsday prepper burning present resources on a collapse that ma"
abundance,research/abundance/QUESTION_BANK_EXTENDED.md,AB89,bank,"[EXT] What does ""sovereign wealth"" mean on land that was never ceded? A fund calling itself *sovereign* on treaty territory has to answer the sovereignty question honestly — whose sovereignty, over whose wealth, from whose land? Through the protocol (PROJ-0058), is the honest design that Indigenous nations are co-owners of the fund's land-and-resource assets from day one, not beneficiaries of its charity — and ⚠️ what published precedents (resource-revenue-sharing agreements, Indigenous trusts and own-source-revenue structures) does the protocol point to as the models to study? This question is flagged for the protocol to lead, not for the fleet to answer."
abundance,research/abundance/QUESTION_BANK_EXTENDED.md,AB90,bank,"[EXT] Benefit-sharing versus co-ownership — the honest distinction, protocol-led. There's a real difference between a fund that *shares benefits* with Indigenous nations (charity shape) and one that recognizes *co-ownership* of the commons it holds (sovereignty shape). Which is the protocol's design, and how does ABUNDANCE avoid the extractive-precedent trap where ""benefit- sharing"" became a thin consolation for continued dispossession? This is protocol-flagged: the answer comes through PROJ-0058 and published Indigenous voices, never authored by the fleet."
abundance,research/abundance/QUESTION_BANK_EXTENDED.md,AB91,bank,"[EXT] Natural-asset accounting on treaty land — whose asset? AB30 asks whether Toronto's ravines become fund assets. On treaty territory that question can't be answered without the protocol: if the ravines, watersheds, and tree canopy are ""natural assets,"" they are also ⚠️ often the subject of Indigenous rights and relationships that predate any accounting. Does natural-asset accounting on this land require Indigenous co-authorship of what counts as an asset and who holds it — and is there a real risk that ""booking nature as infrastructure"" is a new enclosure wearing green accounting (REGENERATION's boundary AND the protocol, together)?"
abundance,research/abundance/QUESTION_BANK_EXTENDED.md,AB92,bank,"[EXT] What did each program's charter already PROMISE this fund? ABUNDANCE inherits fifteen charters, and several already pointed funding asks here — LIVELIHOOD's dignity-floor endowment and Insulation Charter, VITALITY's health-data SWF, HOMES' Elder Equity Bridge, HARVEST's fake-GDP/circular-plate revenue, DR3's localize-the-spend, TorontoOS's export revenue, and more. So the capstone's first honest job: assemble the *complete ledger of promises already made to this fund by its siblings*, total them, and answer whether the fund as designed can actually carry all of them — or whether some charter promises were written assuming a fund that can't exist at that scale."
abundance,research/abundance/QUESTION_BANK_EXTENDED.md,AB93,bank,"[EXT] Claim-ordering between programs — who gets funded first when the fund can't fund everyone? Fifteen programs with real needs, one fund, finite capital. AB38 ranked three claims on fund income (dividend, commons investment, the floor's endowment); the capstone version ranks across *programs*: when LIVELIHOOD's dignity floor, GENESIS's first-1,000-days, ELDERS' care, and HOMES' housing all claim the same dollar, what's the seniority rule? Is the floor senior by design (the first dollar always feeds the dignity floor, LIVELIHOOD's Insulation Charter), and what's the honest, published, un-gameable priority ladder so claim-ordering isn't decided by whichever program lobbies hardest?"
abundance,research/abundance/QUESTION_BANK_EXTENDED.md,AB94,bank,"[EXT] Being the funding spine without becoming the funding boss. ABUNDANCE holds the money for fifteen programs — which is exactly the power that lets a fund quietly govern everything it funds (fund the program, own the program). How does the capstone stay the *spine* (structural support, load-bearing, invisible) without becoming the *boss* (setting priorities the programs didn't choose, capturing the series through the purse)? What's the structural wall that keeps ABUNDANCE's control of the money from becoming control of the movement (the AB33 capture wall, pointed inward at the fund's power over its own siblings)?"
abundance,research/abundance/QUESTION_BANK_EXTENDED.md,AB95,bank,"[EXT] The whole-series arithmetic on the wall. The capstone's honest baseline (section M, summed): what does the ENTIRE series cost to run at scale, per year, and can ABUNDANCE's revenue architecture — health data, exports, savings, waste, commons unlock, FLOW from the wealthy — carry it ""without new taxes""? Put the total series cost and the total honest revenue on the wall side by side. If they don't balance, the whole ""without new taxes"" thesis fails at the capstone, and the honest program says so — which brings us to the falsification set."
abundance,research/abundance/QUESTION_BANK_EXTENDED.md,AB96,bank,"[EXT] Is connection the fund's cheapest and deepest asset? The whole movement rests on the claim that a well-connected community provisions its own — the gift economy runs on trust, the people's-capital graph is the non-rich's actual capital. So is ABUNDANCE's most material long-term asset not land or data or energy but *social capital* — the trust and relationships that let a community share the langar, unlock the gym, gift the tool, carry the high-need neighbour? If so, does the fund's highest-return investment turn out to be funding CONNECTION itself, because a connected commons needs a fraction of the capital an atomized one does?"
abundance,research/abundance/QUESTION_BANK_EXTENDED.md,AB97,bank,"[EXT] The langar test as the fund's philosophical anchor (AB5, followed through). The gurdwaras run abundance without a fund — ⚠️ meals sustainably provisioned for centuries on seva and donation, no sovereign wealth required. What does that model actually know that sovereign-wealth thinking doesn't, and is the honest lesson that the deepest abundance is *relational, not financial* — that a fund is a crutch a truly connected community needs less of? What's the langar's honest scaling limit, and does ABUNDANCE's real goal become making itself as unnecessary as the gurdwara makes a food-budget line-item (the obsolescence thesis, AB75, grounded in a living example)?"
abundance,research/abundance/QUESTION_BANK_EXTENDED.md,AB98,bank,"[EXT] **Kill-criterion for ""without new taxes.""** His load-bearing constraint (AB20, AB53–AB57, AB95). Pre-register the falsification: if the honest whole-series arithmetic (AB95) shows that health data is worth an order of magnitude less than hoped, exports don't scale, savings/waste recapture is a mirage, and FLOW from the wealthy is unreliable — such that the revenue architecture *cannot arithmetically carry the dignity floor* without new taxes — then the ""without new taxes"" thesis is falsified. What's the exact revenue-shortfall threshold that triggers this call, and does ABUNDANCE then honestly pivot to ""here are the taxes it would take,"" rather than pretending the fund closes a gap it "
abundance,research/abundance/QUESTION_BANK_EXTENDED.md,AB99,bank,"[EXT] **Kill-criterion for the capture wall (the AB33 build/no-build gate).** His standing rule: no-verifiable-wall = no-fund. Pre-register it: if the capture wall — the structural guarantee that no politician, billionaire, founder, trustee, or future movement leadership can ever touch the commons capital — cannot be built as a *verifiable, irrevocable* structure (only promised, not proven), then the fund should NOT be built, because a commons fund without a verifiable capture wall is the biggest honeypot the movement will ever create. Who is empowered to declare the wall unbuildable, and does that finding alone stop the fund cold?"
abundance,research/abundance/QUESTION_BANK_EXTENDED.md,AB100,bank,"[EXT] **Kill-criterion for the health-data sovereign wealth fund (AB6).** The fund-stack's flagship revenue story. Pre-register: if population health data is honestly worth ⚠️ an order of magnitude less than hoped (the market comparables come in low), OR if selling it can never be reconciled with CONNECTION's data-dignity rulings, then the health-data *revenue* thesis is falsified and the fund's first product must be data-dignity itself (governed access, never sale) with no revenue attached. What's the valuation threshold and the consent test that trigger this call, and does the fund honestly report the low number rather than the hoped-for one?"
abundance,research/abundance/QUESTION_BANK_EXTENDED.md,AB101,bank,"[EXT] **Kill-criterion for the insulation devices (the OBIP test, AB18).** LIVELIHOOD's load-bearing cautionary: anything real must survive a hostile administration. Pre-register: if the ranked insulation devices (statutory trust, constitutionalized beneficiary rights, co-op member ownership, endowment irrevocability, federation) fail their FIRST simulated or real hostile- administration stress test — if a determined hostile government could raid, starve, or capture the fund the way ⚠️ Alberta's Heritage Fund was raided — then the insulation thesis is falsified and the fund is not safe to hold the commons. What's the stress test, who runs it, and does failure force a redesign before a dollar"
abundance,research/abundance/QUESTION_BANK_EXTENDED.md,AB102,bank,"[EXT] **Kill-criterion for FLOW-not-HOARD (the exit ramp, AB61–AB62).** His Seed 2 bet: the wealthy will walk down a dignified exit ramp and convert extraction into commons legacy. Pre-register: if, in honest observation, the exit ramp is used primarily to *launder reputation while the extraction continues* (AB62's greenwash) rather than to genuinely convert and stop extraction — if the ramp becomes an indulgence, not a transformation — then the exit-ramp thesis is falsified and the fund must refuse ramp-money that doesn't stop the extraction, even at real cost. What's the observable test that distinguishes genuine exit from laundering, and what refusal rate would tell us the ramp isn't work"
abundance,research/abundance/QUESTION_BANK_EXTENDED.md,AB103,bank,"[EXT] **Kill-criterion for the obsolescence thesis (AB75–AB78).** His bridge-with- planned-obsolescence claim. Pre-register: if at every checkpoint the fund only ever GROWS — never gets smaller, never distributes assets into permanent commons ownership, never begins winding down — then the ""bridge technology"" thesis is falsified and ABUNDANCE has become exactly the self- perpetuating institution it claimed it wouldn't be. What's the checkpoint at which continued growth (rather than beginning to shrink) counts as proof the bridge became a permanent structure, and who is empowered to say the obsolescence promise was a comforting fiction?"
abundance,research/abundance/QUESTION_BANK_EXTENDED.md,AB104,bank,"[EXT] **Kill-criterion for the last-gift / acquisition-window thesis (AB49–AB51).** His timing thesis: acquire the commons before intelligence gets cheap. Pre-register: if the fund's acquisition strategy, judged honestly in hindsight, bought scarce assets *at a bubble top* (the AB50 warning) rather than ahead of a real repricing — if ""move early"" turns out to have meant ""overpay during a mania"" — then the acquisition-window thesis is falsified. And the deeper falsification: if intelligence getting cheap does NOT reprice the assets the fund raced to acquire, what does that mean for the whole last-gift premise? Who judges the window was real versus a story?"
abundance,research/abundance/QUESTION_BANK_EXTENDED.md,AB105,bank,"[EXT] **Kill-criterion for the money-removed ledger (AB72–AB74).** The scoreboard's proudest number. Pre-register: if audit shows the ""money removed from systems"" ledger is systematically gamed — money claimed as ""removed"" that actually just moved to a less-visible place, or demonetization that quietly defunded something the city needed (AB73's shadow dependencies going unnamed) — then the money-removed ledger is falsified as an honest metric and reverts to a vanity number. What's the audit that catches the gaming, and does a failed audit mean the ledger comes DOWN off the wall until it can be made honest?"
abundance,research/abundance/QUESTION_BANK_EXTENDED.md,AB106,bank,"[EXT] **Kill-criterion for the whole-series funding spine (AB92–AB95).** The capstone claim: ABUNDANCE can carry all fifteen chartered programs. Pre-register: if the assembled ledger of promises (AB92) exceeds the honest revenue architecture (AB95) by a margin no realistic growth closes, then the funding-spine thesis is falsified — some charter promises were written against a fund that can't exist at that scale, and the honest move is to tell those programs their funding assumption was wrong BEFORE they build on it. What's the shortfall threshold, and who tells fifteen chartered programs the spine can't carry the weight they promised their charters?"
abundance,research/abundance/QUESTION_BANK_EXTENDED.md,AB107,bank,"[EXT] **Kill-criterion for connection-as-the-underlying-answer at fund scale (AB96– AB97).** The movement's deepest claim. Pre-register: if funding CONNECTION does NOT reduce the capital a commons needs — if a well-connected Toronto still needs the same dollars an atomized one would, if social capital turns out not to substitute for financial capital the way the langar suggests — then the ""connection is the underlying answer"" thesis is falsified at the fund level, and ABUNDANCE is a conventional capital fund after all, not a connection multiplier. What's the measured relationship between connection investment and reduced capital need that would confirm or kill this, and does the whole cheape"
abundance,research/abundance/QUESTION_BANK_EXTENDED.md,AB108,bank,"[EXT] **His own standing honesty, extended — the boring-tax test (AB48).** His verbatim discipline: ""if the numbers say a boring tax does more good than a beautiful fund, does ABUNDANCE say so?"" Pre-register the strongest form: if, thesis by thesis, the honest evidence shows that a plain, well-designed tax-and-transfer system would deliver MORE commons good per dollar, with less capture risk and less complexity, than the entire beautiful fund architecture — then ABUNDANCE's standing rule is to SAY SO, publicly, and recommend the boring tax over its own existence. Who is empowered to make that call, at what evidence threshold, and is a fund that would honestly recommend its own replacement by"
agora,research/agora/QUESTION_BANK_EXTENDED.md,A1,bank,"Where is Toronto's civic participation ACTUALLY at — the honest, measured baseline, not the imagined one: municipal-election turnout (Toronto's has hovered around the low 30s in percentage terms and fell further in 2022), who votes and who doesn't by age / income / newcomer status / ward, deputation and public-consultation attendance, and the gap between the population and the handful of people who actually show up to a committee? Meet the city where it IS before designing where it could go."
agora,research/agora/QUESTION_BANK_EXTENDED.md,A2,bank,"WHY have people checked out — separating the honest causes cleanly, since re-engaging the apathetic is impossible until we know what ""apathy"" actually is: rational disengagement (my one vote every four years changes nothing), learned futility (I showed up and nothing changed), exclusion (the process was never built for someone like me), time and survival (I work two jobs), distrust (the fix is in), or genuine disinterest? What does the evidence say actually re-engages each group, and what does the program refuse to mistake for engagement (a like is not a voice)?"
agora,research/agora/QUESTION_BANK_EXTENDED.md,A3,bank,"What is the honest evidence on the participation instruments themselves — participatory budgeting, citizens' assemblies, deliberative polling, town halls, online consultation — including their real, documented limits (self-selection so the engaged get more engaged, the professional commenter who dominates, consultation fatigue, ""participation-washing"" where input is gathered and ignored, and the finding that badly-run participation can lower trust further than no participation at all)? Which instruments have actually moved outcomes, and which are theatre? *(Evidence honesty: the promise and the failure modes, straight.)*"
agora,research/agora/QUESTION_BANK_EXTENDED.md,A4,bank,"What is the CULTURE problem underneath the technology problem — since the operator's deepest bet is that this is not a software gap but a relationship gap: how much of Toronto's disengagement is the absence of a tool versus the absence of trust, belonging, agency, and the felt experience that participating changes anything? What is the design that treats governance as a relationship to be rebuilt, not a platform to be shipped, and how do we know which one we're actually solving?"
agora,research/agora/QUESTION_BANK_EXTENDED.md,A5,bank,"How do we make participation genuinely EASY and ENJOYABLE the way the operator asks — since most civic participation is tedious, intimidating, and time-expensive by design: what does the evidence (behavioural, UX, community-organizing) say lowers the real cost of showing up — time, jargon, childcare, language, the fear of speaking, the three-hour wait to give a two-minute deputation — and what makes the doing of it feel good rather than dutiful? *(Behavioural economics + practice over theory; friction is the enemy.)*"
agora,research/agora/QUESTION_BANK_EXTENDED.md,A6,bank,"What does the evidence actually say makes a civic behaviour high-status and desirable — since ""cool and sexy"" is a behavioural-design problem with real answers (identity and belonging, social proof, visible norms, storytelling, the shift from ""you should"" to ""people like me do this"")? What has genuinely made a public behaviour aspirational at population scale (the way voting became a badge, or volunteering a marker of a certain identity), and what is the honest design that makes showing up to shape your city a thing people want to be seen doing? *(Making virtue aspirational — the operator's, and the movement's, standing frame.)*"
agora,research/agora/QUESTION_BANK_EXTENDED.md,A7,bank,"How do we build STATUS and recognition into participation without corrupting it — since the moment you reward civic engagement you risk gaming, performativity, and the loudest chasing points instead of the quiet doing the work: what is the design where status flows to genuine contribution (the person who did the reading, bridged a disagreement, showed up for the boring meeting) rather than to volume and visibility, and how do we avoid turning deliberation into a popularity contest — the exact pathology A-S7 exists to prevent? *(Do-no-harm applied to incentives; Goodhart at the door.)*"
agora,research/agora/QUESTION_BANK_EXTENDED.md,A8,bank,"How do we make participation COOL for the people it currently excludes, not just the already- civic — since ""cool"" is culturally specific and a badly-designed status game excludes newcomers, the working class, the young, and the marginalized the way ""wellness"" excludes the people who need it most? What does it look like to make civic participation aspirational across every origin, class, and age in Toronto — meeting people through what they already love (music, sport, food, faith, neighbourhood) rather than importing one narrow culture of ""engaged citizen""? *(Marginalized-voice protection; connection through what people already do.)*"
agora,research/agora/QUESTION_BANK_EXTENDED.md,A9,bank,"How do we make participation a THING WE DO TOGETHER rather than a solo civic chore — since the operator's whole thesis is connection, and the strongest driver of showing up is that your people are there: what is the design where deliberation happens in the pub, the temple, the dance floor, the community kitchen, the sports club — embedded in existing social life so that shaping your city is a social pleasure done with friends, not a form filled alone at midnight? *(Connection as the underlying answer; blends with A-S4's in-person/online frame.)*"
agora,research/agora/QUESTION_BANK_EXTENDED.md,A10,bank,"What does the actual SCIENCE of small-group deliberation tell us that must survive contact with scale — the findings on group size, facilitation, information provision, the conditions under which deliberation improves judgment versus the conditions under which it produces polarization, groupthink, and the tyranny of the articulate? What is the honest map of ""what makes deliberation work"" and ""what makes it fail,"" and which findings break when you go from twelve people in a room to ten thousand puroks? *(The science the whole program rests on, held with its failure modes.)*"
agora,research/agora/QUESTION_BANK_EXTENDED.md,A11,bank,"How does deliberation actually SCALE without becoming either a poll or a mob — since the hardest unsolved problem in the field is that real deliberation is high-bandwidth and small, while scale is low-bandwidth and large: what are the genuine mechanisms for scaling considered judgment (nested / networked deliberation, sortition-selected mini-publics that represent the many, clustering the unstructured many like Pol.is and Talk-to-the-City do, deliberation ""relays"" up the ladder), and what does each honestly preserve and lose as it climbs from the individual to the world? *(Extends the deliberation charter's scale problem directly; does not re-catalogue its tools.)*"
agora,research/agora/QUESTION_BANK_EXTENDED.md,A12,bank,"What are ALL the models, what is each FOR, and which do we recommend when and why — mapping the real menu (majority vote, ranked and approval and Condorcet methods, quadratic voting and funding, consensus and consent / sociocracy, citizens' assemblies and sortition, participatory budgeting, deliberative polling, liquid / delegative democracy, futarchy and prediction markets, conviction voting) against the decision type, the stakes, the scale, and the trust conditions — since no single method is right for everything and the art is the matching? What is the honest decision-tree: for THIS kind of decision, at THIS level of the ladder, use THIS, because...? *(The operator's ""what's used when and"
agora,research/agora/QUESTION_BANK_EXTENDED.md,A13,bank,"How do we build the META-DELIBERATION layer the operator names twice — ""conversations about how to have the conversations"" and ""decisions about how to make decisions"" — as real infrastructure rather than a slogan: who decides the rules of the game, how are those meta-rules themselves chosen legitimately and revised without endless regress, and how do we keep the meta-layer from becoming a hidden control point captured by whoever writes the process? What is the honest design for a system that can rewrite its own rules without breaking its own legitimacy? *(The operator's meta-question, taken literally and structurally.)*"
agora,research/agora/QUESTION_BANK_EXTENDED.md,A14,bank,"How do we operationalize DO-NO-HARM as a decision-making constraint the process cannot waive — since the operator asks for it directly: what is the mechanism (a rights / dignity floor, a reversibility test, an impact-on-the-most-vulnerable check, a ""who bears the cost of being wrong"" question) that sits under every deliberation so that no majority, no consensus, and no efficient process can produce an outcome that harms a minority or forecloses a future the harmed can't reopen? Where is the line between a legitimate collective decision and a harm dressed as one? *(Do-no-harm as a hard gate, not an aspiration; composes with marginalized-voice protection.)*"
agora,research/agora/QUESTION_BANK_EXTENDED.md,A15,bank,"How do we EXPERIMENT our way to the best process rather than declaring it — since the operator asks to ""experiment with different solutions to decide on the best"": what does rigorous civic experimentation look like (parallel pilots, honest metrics, A/B'd process designs, published results, the humility to kill what doesn't work) without turning residents into lab rats or letting ""it's just a pilot"" become an excuse to skip consent and rigour? What is the ethics of experimenting on a city's own governance? *(Experimentation with a two-key ethics gate on anything touching real people; practice over theory.)*"
agora,research/agora/QUESTION_BANK_EXTENDED.md,A16,bank,"What can we genuinely learn from the WISDOM LINEAGES and the elders and space-holders about holding hard conversations — the circle traditions, the council and talking-circle forms, the contemplative and consensus practices carried by communities and faiths for centuries — engaged respectfully through published and consented sources, with Indigenous circle practice represented only through published Indigenous voices on their own protocol, never appropriated or flattened into a ""technique""? What is the honest bridge between ancient practice and civic infrastructure at scale? *(Wisdom lineages via published/consented sources; Indigenous protocol-flagged; dignity.)*"
agora,research/agora/QUESTION_BANK_EXTENDED.md,A17,bank,"What does HISTORY, psychology, and sociology actually teach about when collective decision- making goes right and when it goes catastrophically wrong — the Athenian assembly and its demagogues, the New England town meeting, the cooperative and commons traditions (and the real research on how commons are governed well, not just the ""tragedy"" caricature), the crowd-psychology and conformity findings, the sociology of trust and social capital? What are the durable lessons and the durable warnings the program must carry? *(History and the social sciences as the groundwork, honest about both promise and failure.)*"
agora,research/agora/QUESTION_BANK_EXTENDED.md,A18,bank,"What can BEHAVIOURAL economics and psychology teach us about designing participation that works with human nature instead of against it — defaults and choice architecture, present bias and the discounting of long-term collective goods, identity and motivated reasoning, the difference between what people say they want and what they'll actually do, the nudge's real evidence and its real ethical limits? Where is the honest line between designing FOR good participation and manipulating people into it — since a program built to defeat manipulation cannot itself manipulate? *(Behavioural economics with its ethics; the manipulation firewall.)*"
agora,research/agora/QUESTION_BANK_EXTENDED.md,A19,bank,"What is the GROUNDWORK — the reading and the inner work the operator asks for so we can ""better understand ourselves and each other"" — that a citizen, a facilitator, and a community should do BEFORE deliberating well: literacy in cognitive bias and disagreement, the skills of listening and steel-manning, emotional and conflict fluency, basic civic and jurisdictional knowledge? What is the honest curriculum, how is it made accessible rather than a barrier, and how do we build it without turning it into a gate that only the already-educated can pass? *(Groundwork as invitation, never as a credential that excludes; composes with the EDU frame.)*"
agora,research/agora/QUESTION_BANK_EXTENDED.md,A20,bank,"Who actually HOLDS these conversations — the facilitators, and how we find, train, support, and (honestly) pay the thousands the operator envisions: what can we learn from the conscious- community and facilitation worlds (engaged at the public-role level, through their own published offerings and consented outreach), from the professional dialogue and mediation fields, and from the global pool of remote facilitators who could hold online rooms across time zones? What is the honest supply, the training pipeline, and the sustainability question (facilitation is skilled labour; who pays for it)? *(Conscious communities and facilitators via public/consented engagement; partners; the labour hones"
agora,research/agora/QUESTION_BANK_EXTENDED.md,A21,bank,"How do we BLEND in-person and online so each does what it's best at — since the operator names this directly and the evidence is that presence builds trust and bodies build belonging while online scales reach and lowers the cost of showing up: what is the hybrid design where the in-person room and the online space feed each other rather than splitting the engaged from the excluded (the digital divide cuts against the poor and the old), and where does each format genuinely belong on the ladder from purok to world? *(Blend in-person + online; the digital-divide equity constraint.)*"
agora,research/agora/QUESTION_BANK_EXTENDED.md,A22,bank,"How do we hold FORWARD-FOCUS as a facilitation design without suppressing history or grievance — since the operator wants future-and-next-actions focus over re-litigating the past, but the conflict-resolution evidence is unambiguous that unaddressed harms resurface and poison every future conversation: what is the honest reconciliation — process that acknowledges history and harm enough that people can move, without letting every deliberation collapse into re-fighting the past? Where is the line between ""we choose to focus forward"" and ""we silenced the wound,"" and who gets to draw it? *(Forward-focus as design, never suppression; the honest both-sides the hard rule requires.)*"
agora,research/agora/QUESTION_BANK_EXTENDED.md,A23,bank,"What does TRUST AND SAFETY mean across all three layers the operator names — technical (sybil resistance, so ten thousand fake accounts can't drown ten thousand real neighbours; security; privacy; auditability), practical (verified-but-not-surveilled identity, moderation that protects without censoring, recourse when it goes wrong), and cultural (the norms, the modelled behaviour, the felt safety that lets someone risk an unpopular but honest view)? What is the honest design across all three, and which is hardest — since the culture is usually the part that breaks? *(Trust/safety technical + practical + cultural; extends WP-G03 integrity work, doesn't re-derive it.)*"
agora,research/agora/QUESTION_BANK_EXTENDED.md,A24,bank,"What is ""AI DONE THE RIGHT WAY"" as an operational rule, not a slogan — since the inherited and absolute line is that AI facilitates, translates, clusters, surfaces, and includes, but NEVER decides or manufactures consensus, and any modeled opinion is a rehearsal instrument always labelled: what does AI legitimately do (real-time translation so language never excludes, clustering ten thousand comments into the handful of genuine positions, summarizing without distorting, surfacing the quiet well-argued point, detecting brigading), and what must it NEVER do (decide, weight, nudge toward a conclusion, present simulated opinion as real)? Where exactly is the bright line, and what makes it audita"
agora,research/agora/QUESTION_BANK_EXTENDED.md,A25,bank,"How do we keep the AI itself from becoming the new centralized power — since an AI that clusters, summarizes, and surfaces is an AI that shapes what everyone sees, and whoever controls that model controls the frame: what is the design for transparent, auditable, contestable, ideally open-source-and-community-governed AI facilitation, so the tool built to decentralize power doesn't quietly re-centralize it in a black box? Who watches the model, and how does a resident challenge what it surfaced? *(The centralization risk applied to the AI layer; auditability as a right.)*"
agora,research/agora/QUESTION_BANK_EXTENDED.md,A26,bank,"Can a civic platform genuinely REPLACE social and traditional media the way the operator envisions — and should it, held with honest FOR/AGAINST? FOR: an information environment optimized for deliberation and truth rather than engagement and outrage, public ownership of the public square, escape from the attention economy that is measurably corroding democratic conversation. AGAINST: the naïveté of thinking people will leave what they love, the risk of building one more walled garden, the monoculture danger of a single civic platform, and the free-expression questions of who moderates the town square? What is the honest ambition, and what is the honest limit? *(Platform-as-media-replacement "
agora,research/agora/QUESTION_BANK_EXTENDED.md,A27,bank,"How do we design AGAINST the failure modes the current platforms perfected — outrage amplification, filter bubbles, brigading, misinformation, the loudest and most extreme winning the algorithm — so the civic platform doesn't recreate the pathologies it exists to escape? What does the evidence say actually produces bridging rather than division (the ""bridging-based ranking"" research, exposure to the best of the other side rather than the worst), and how do we build for understanding across difference rather than engagement-at-all-costs? *(Do-no-harm applied to platform design; bridging over division as the explicit target.)*"
agora,research/agora/QUESTION_BANK_EXTENDED.md,A28,bank,"How do we protect PRIVACY and prevent surveillance in a civic platform that necessarily knows how people think and vote — since a full record of everyone's political deliberation is the most dangerous database ever assembled if it falls to a hostile state, employer, or future government: what is the architecture (data minimization, the right to deliberate without permanent record, protection of the dissenter, PIPEDA/PHIPA-grade governance) that lets people speak freely because they trust the record can't be turned against them? *(Privacy as the precondition of honest speech; the surveillance risk confronted; jurisdiction-honest data law.)*"
agora,research/agora/QUESTION_BANK_EXTENDED.md,A29,bank,"""Why elected representatives at all"" — held as the serious question it is, with honest FOR/AGAINST: the operator's case (representation was a bandwidth workaround for a pre-telegraph world; we can now consult and deliberate at scale directly) versus the durable case FOR representation (the division of labour that lets citizens live their lives, the deliberation and expertise a full-time representative can bring, the accountability of a single nameable person, the protection against the majority's passing passions that the founders feared)? What is the honest weighing, and what does the evidence from every experiment in reducing or replacing representation actually show? *(Governance-futures "
agora,research/agora/QUESTION_BANK_EXTENDED.md,A30,bank,"What does the COUNCILLOR become — since the answer to ""why representatives"" is probably not ""abolish them"" but ""transform them,"" and the honest and generous frame is that the role changes rather than disappears: does the councillor become less a decider who votes on your behalf and more a convener, a facilitator, a bridge between the deliberating public and the machinery of the state — the person who holds the conversation rather than substitutes for it? How do we fund and dignify that higher role, and design the transition WITH councillors rather than at them? *(Role transformation; partners-never-adversaries; the councillor invited into their own future.)*"
agora,research/agora/QUESTION_BANK_EXTENDED.md,A31,bank,"What does the CIVIL SERVANT and the city bureaucracy become — since the permanent administrative state is where most decisions actually get made and where any real reform lives or dies: does the civil servant become the trusted expert who informs and implements the public's considered judgment rather than the gatekeeper who filters it, and how do we make that shift WITH the public-service unions as partners in a better-designed job rather than against them as an obstacle to route around? Where is the city ACTUALLY at on staff capacity and culture for this? *(Role transformation; unions and staff as partners; where-is-Toronto-ACTUALLY-at.)*"
agora,research/agora/QUESTION_BANK_EXTENDED.md,A32,bank,"What is LIQUID / delegative democracy actually, with its real evidence — the operator's ""delegate my vote to someone I trust on this topic, take it back when I want"" — including the honest record from where it's been tried (the German Pirate Party's LiquidFeedback and why it faltered, the concentration of delegated power onto a few ""super-delegates,"" the low sustained participation)? What does liquid democracy genuinely solve, where does it genuinely fail, and what would it take to capture the good (fluid, topic-specific, revocable delegation) without the documented failure modes? *(Liquid democracy with its real precedents and honest limits; not hype.)*"
agora,research/agora/QUESTION_BANK_EXTENDED.md,A33,bank,"How does RECALLABILITY of roles work without producing permanent instability — since the operator wants to ""replace people in certain roles when appropriate,"" and the tension is real: easy recall keeps power accountable and fluid, but recall that's too easy makes every hard, unpopular-but-right decision a firing offence and produces cowardice and churn? What is the design for accountability and revocability that keeps roles honest without making them impossible to hold — and what does the evidence from real recall mechanisms (and their abuse) show? *(Recallability with its failure mode; do-no-harm applied to instability.)*"
agora,research/agora/QUESTION_BANK_EXTENDED.md,A34,bank,"What are the HARD LEGAL LIMITS on all of this in Ontario, stated honestly — since Ontario municipalities are creatures of the province with no constitutional standing, the City of Toronto Act and the Municipal Act define what a council can and cannot delegate, and binding direct democracy or the replacement of elected council with deliberative bodies runs straight into provincial authority (and the province's demonstrated willingness to override the city)? What can actually be done under current law (advisory and empowering-but-not-binding structures), what would require provincial legislation, and how does the program pursue the radical vision honestly within — and in legitimate advocacy to"
agora,research/agora/QUESTION_BANK_EXTENDED.md,A35,bank,"How do we honestly BALANCE the masses and the experts — since both populism (the crowd is always right) and technocracy (leave it to the experts) have catastrophic failure records, and the operator names the tension precisely as ""perceived flaws"" versus ""perceived expertise"": what is the design where expertise INFORMS the public's considered judgment without CAPTURING it, where the many bring values and lived experience and the few bring knowledge, and where neither gets to overrule the other by default? What does the evidence (deliberative mini-publics that pair citizens with expert testimony) show actually works, and where does it still fail? *(The central tension, held without collapsing "
agora,research/agora/QUESTION_BANK_EXTENDED.md,A36,bank,"How do we protect the QUIET, soft-spoken, well-researched voice from the loud and popular — the operator's explicit design constraint, and one of the deepest problems in every deliberative space: what are the concrete mechanisms (structured turn-taking, anonymous or written contribution channels, AI clustering that surfaces a well-argued minority point that got few ""likes,"" facilitation trained to draw out the reticent, weighting considered contribution over volume) that stop the room being won by whoever is loudest, most confident, most online, or most male? *(Marginalized- voice and quiet-voice protection as a hard design constraint; specific mechanisms, not aspiration.)*"
agora,research/agora/QUESTION_BANK_EXTENDED.md,A37,bank,"How do we ensure MARGINALIZED voices are genuinely heard rather than tokenized — since ""we consulted the community"" is the oldest way to launder a decision already made: what is the design that goes beyond access (the door is open) to real power (the pen, the agenda, the veto over what affects you), that reaches the people who never come to the meeting because the meeting was never for them, and that is led by those communities rather than done to them? What is ""nothing about us without us"" as governance mechanism, not slogan? *(Marginalized-voice protection as structural power, not decorative inclusion.)*"
agora,research/agora/QUESTION_BANK_EXTENDED.md,A38,bank,"How do we re-engage the APATHETIC honestly — distinguishing the many kinds of ""apathy"" (rational, exhausted, excluded, betrayed, content) since each needs a different answer, and refusing the condescension that treats non-participation as a defect in people rather than a signal about the process? What does the evidence say actually brings the disengaged back (proximate stakes they can see, early wins that prove it matters, being personally asked by someone they trust, lowering the cost to near-zero), and what does the program do when someone, fully informed, simply chooses not to participate — since that too is a legitimate choice? *(Re-engagement without coercion; non- participation as a si"
agora,research/agora/QUESTION_BANK_EXTENDED.md,A39,bank,"How do we AVOID DICTATING solutions onto the unwilling — the operator's explicit line, and the hardest constraint of all, since even a perfectly deliberated majority decision is a dictation to the minority who disagreed: what is the design that maximizes voluntary buy-in and opt-in, reserves coercion for the genuinely unavoidable collective-action problems (you can't opt out of the air quality or the water), respects the right of a community to decline what the wider public wants for it, and knows the honest difference between a shared rule we all need and a preference the powerful are imposing? *(Not-dictating as a hard constraint; the coercion question held honestly; subsidiarity as the re"
agora,research/agora/QUESTION_BANK_EXTENDED.md,A40,bank,"How do we handle the case where the deliberated public is WRONG — factually mistaken, captured by a well-run disinformation campaign, or momentarily cruel to a minority — without betraying the whole premise that the public's considered judgment is legitimate? What are the honest safeguards (the do-no-harm floor, the reversibility requirement, the cooling-off and second- deliberation, the rights the majority cannot vote away) that protect against the public's worst moments while respecting its authority — and who holds those safeguards without becoming the very unaccountable power the program opposes? *(Evidence honesty about direct-democracy failure modes; the guardian's-dilemma held straigh"
agora,research/agora/QUESTION_BANK_EXTENDED.md,A41,bank,"What is the honest CASE FOR subsidiarity and the honest case against — since the operator states it as conviction and the program should hold it as a tested hypothesis: FOR (local knowledge, proximity of decision to consequence, accountability, resilience, the innovation of many parallel experiments, the dignity of self-determination). AGAINST (the documented failure modes — local capture by small elites, parochialism and NIMBYism, the reproduction of local inequality, the free-rider and coordination problems, the fact that some problems are irreducibly large-scale and pushing them down just means they don't get solved)? What does the evidence from federalism, polycentric governance, and the"
agora,research/agora/QUESTION_BANK_EXTENDED.md,A42,bank,"WHICH decisions belong at WHICH level — since ""the lowest possible level"" is the whole art, and ""possible"" is doing enormous work: what is the honest principle for assigning a decision to the purok, the neighbourhood, the ward, the city, the GTA, Ontario, Canada, or the world (who is affected, who bears the cost, what scale the problem actually operates at, where the knowledge lives)? What are the clear cases (the community garden is local; the climate is planetary) and how do we handle the genuinely contested middle without the assignment itself becoming the new centralized power? *(Operationalizing subsidiarity; the assignment problem as the real work.)*"
agora,research/agora/QUESTION_BANK_EXTENDED.md,A43,bank,"How does ""AGGREGATE UP to create scale"" actually work without recreating the centralization it replaces — since this is the unsolved half of the operator's thesis, and every federation in history has watched power flow upward: what are the real mechanisms for aggregating local decisions into scaled action (nested councils, delegated-and-recallable representation up the ladder, federated deliberation, the subsidiarity principle enforced against the centre) that keep the aggregating layer a servant of the levels below it rather than their new master? What stops the aggregation point from becoming the next capital? *(The hard half of the thesis; the anti-re- centralization mechanism.)*"
agora,research/agora/QUESTION_BANK_EXTENDED.md,A44,bank,"What does pushing WEALTH and RESOURCE ALLOCATION down actually mean, honestly — since the operator names wealth and resources, not just decisions, and this is where subsidiarity gets real and hard: participatory budgeting at every level, local control of local revenue, community ownership and the commons — held against the brutal reality that Ontario municipalities have almost no fiscal autonomy (they depend on property tax and provincial transfers, cannot run deficits, and raise little of what they spend)? What can actually be decentralized fiscally under current law, what would require provincial change, and where has fiscal decentralization worked or failed? *(Take-the-money-out made conc"
agora,research/agora/QUESTION_BANK_EXTENDED.md,A45,bank,"How do we prevent LOCAL CAPTURE — the strongest objection to subsidiarity, since pushing power down can simply hand it to whoever already dominates locally (the developer, the incumbent, the loudest neighbourhood association, the local machine), and small units are often EASIER to capture than large ones? What are the safeguards (transparency, rotation, sortition, the do-no-harm and marginalized-voice floors applied locally, higher-level protection of local minorities) that keep ""local control"" from meaning ""control by the local powerful""? *(The honest objection to the core thesis, answered structurally; marginalized-voice protection at the local level.)*"
agora,research/agora/QUESTION_BANK_EXTENDED.md,A46,bank,"How does the PUROK layer — the operator's smallest unit, ~10,000 of them — actually function as the foundation of the whole ladder: what is the real design for hyper-local deliberation at the block / building / micro-neighbourhood scale (learning from the purok tradition, resident associations, block clubs, and the WP-TRIBE work) that makes the base of the pyramid genuinely alive rather than a paper unit, and how does it connect upward without being swallowed? What makes a purok real — a place where neighbours actually decide something together — rather than a line on a map? *(Extends WP-TRIBE / the purok layer; the base of the subsidiarity ladder made real.)*"
agora,research/agora/QUESTION_BANK_EXTENDED.md,A47,bank,"What is genuinely worth STEALING from the network-state / coordiNation idea — engaged intellectually and honestly: the good (aligned communities coordinating at scale, digital-first membership, cloud-then-land sequencing, treating governance as something you can design and opt into, exit as a discipline on power) versus the real critiques (the exit-over-voice politics, the risk of wealthy enclaves seceding from shared obligation, the sovereignty and accountability questions, the gap between manifesto and any actual functioning polity)? What transfers to a diverse, bounded, legally-constrained real city, and what is fantasy? *(Governance-futures; honest FOR/AGAINST; what actually transfers.)*"
agora,research/agora/QUESTION_BANK_EXTENDED.md,A48,bank,"What do ECOVILLAGES and intentional communities actually teach — since they are the longest- running real-world experiments in consensus governance, shared resources, and living differently, with decades of honest data: what works at their scale (deep consensus, sociocracy, shared ownership, strong culture), what consistently breaks (they rarely scale past ~150 people, founder and personality conflict, the tyranny of consensus where one holdout blocks everyone, exclusivity and self-selection), and which of their practices survive translation from a hundred committed people to a diverse city of millions? *(The real-world consensus laboratories; honest about the scale wall.)*"
agora,research/agora/QUESTION_BANK_EXTENDED.md,A49,bank,"What is the honest record of ""FREE CITIES,"" charter cities, and special jurisdictions — the Próspera / charter-city / special-economic-zone family — including the serious critiques (democratic deficit, foreign investors writing local law, the colonial echoes, the accountability void) and whatever genuinely transfers (regulatory experimentation zones, the idea that a city can be a deliberate design rather than an accident)? How does a program committed to democracy and do-no-harm learn from these without importing their politics? *(Free cities with their real critiques; learning without endorsing.)*"
agora,research/agora/QUESTION_BANK_EXTENDED.md,A50,bank,"What is the SORTITION and citizens'-assembly tradition — arguably the most evidence-backed governance-future of all, and strangely absent from the operator's named list — worth to us: the real record of randomly-selected mini-publics (the Irish citizens' assemblies on abortion and same- sex marriage, the OECD's ""deliberative wave"" data, Ostbelgien's permanent citizens' council) that shows ordinary people, given time and good information, make remarkably good decisions? Where does sortition genuinely outperform election, where are its limits (binding power, scale, sustained engagement), and how much of the ""why representatives at all"" question does it actually answer? *(The strongest-evidence"
agora,research/agora/QUESTION_BANK_EXTENDED.md,A51,bank,"How do we SHAMELESSLY COPY THE BEST as a disciplined method rather than a magpie habit — since the operator's instruction is to take the best of every model: what is the honest process for scanning the world's governance experiments (Taiwan's vTaiwan and Plurality work, Barcelona's Decidim, Porto Alegre's participatory budgeting, the Nordic and Swiss direct-democracy traditions, the OECD deliberative-wave cases), extracting what actually worked and why, testing whether it transfers to Toronto's law and diversity, and adapting rather than cargo-culting? What is the copy- the-best pipeline, and how does it avoid importing a practice's failures along with its wins? *(Shamelessly- copy-the-best "
agora,research/agora/QUESTION_BANK_EXTENDED.md,A52,bank,"How do we move FAST-but-SAFE through all of this — the operator's ""as fast as possible and as slow as necessary"" — since governance experiments touch real people's real lives and getting it wrong at scale harms real communities: what is the honest sequencing (small reversible pilots first, the highest-stakes and least-reversible decisions slowest, speed where the cost of error is low and care where it is high), and what is the mechanism that decides which gear a given change is in BEFORE the enthusiasm decides for us? *(Fast-but-safe as an explicit gearing rule; reversibility as the throttle.)*"
agora,research/agora/QUESTION_BANK_EXTENDED.md,A53,bank,"Who GOVERNS the program that is redesigning governance — since a movement building the future of civic decision-making holds enormous soft power over the frame, the platform, the AI, and the process, and the deepest hypocrisy risk is a small unaccountable group deciding how everyone else should decide: what is the governance structure that makes the program itself subject to the subsidiarity, transparency, recallability, and do-no-harm principles it preaches, so it practices democracy on itself first? Who can recall its leaders, audit its AI, and change its rules? *(The hypocrisy firewall; the program bound by its own thesis.)*"
agora,research/agora/QUESTION_BANK_EXTENDED.md,A54,bank,"How do we hold the HONEST costs and the honest ledger — since scalable deliberation across the whole ladder, thousands of paid facilitators, a civic platform, and real experimentation are not free, and ""democracy is priceless"" is not a budget: what does this actually cost, who pays without the funder capturing the agenda, what does it realistically save or unlock, and what does the program refuse to promise it can afford? *(Take-the-money-out and honest-costs discipline; funder-capture as a named risk; no invented savings.)*"
agora,research/agora/QUESTION_BANK_EXTENDED.md,A55,bank,"How does the program engage the hardest DEBATES without ducking them — the honest FOR/AGAINST on replacing representatives, on binding direct democracy, on AI in deliberation, on centralization versus subsidiarity, on network states — in language that survives a hostile critic AND leaves every reader (the skeptic, the councillor, the disengaged, the marginalized) feeling the tension was held honestly rather than a conclusion smuggled past them? *(Evidence honesty; every debate held straight, no smuggled conclusions.)*"
agora,research/agora/QUESTION_BANK_EXTENDED.md,A56,bank,"How do we run the whole thing as PRACTICE, not theory — since the operator's whole estate is practice-first and the field is littered with beautiful democratic-innovation reports that changed nothing: what is the smallest real thing (one purok that actually deliberated and decided something, one ward's participatory budget that actually moved money, one hybrid room that actually reached the excluded) that proves the model in a real week with real residents, rather than one more framework? *(Practice over theory; the real-events-in-real-weeks test.)*"
agora,research/agora/QUESTION_BANK_EXTENDED.md,A57,bank,"How do we guarantee the program is done BY the people, not TO them — guarding against the precise trap that a movement convinced it has designed a ""better democracy"" becomes a new vanguard imposing its enlightened process onto a public that never asked for it, which is just centralization wearing a participatory mask? What is the design where the public holds the pen on the process itself, can reject the whole thing, and where ""we know a better way to decide"" never becomes its own form of not-listening? *(The deepest do-no-harm and not-dictating constraint, turned on the program; connection over conversion.)*"
agora,research/agora/QUESTION_BANK_EXTENDED.md,A58,bank,"How do we PARTNER rather than fight the existing institutions — the council, the city staff, the unions, the province — since the operator's standing rule is partners-never-adversaries and the fastest way to kill this is to make it a threat to everyone inside the current system: what is the frame where councillors, civil servants, and unions see the transformation as an upgrade to their role and a tool that makes their work matter more, so reform is something they help lead rather than something done against them? *(Partners-never-adversaries; the institutions as co-authors, not obstacles.)*"
agora,research/agora/QUESTION_BANK_EXTENDED.md,A59,bank,"How does the program stay HONEST about the difference between engagement and legitimacy — since the whole point of the inherited validity rule is that gathering input, modelling opinion, or running a slick consultation is NOT the same as a legitimate mandate, and the temptation to claim more legitimacy than the process earned is constant: what is the standing discipline that labels exactly what each exercise IS (a rehearsal, a consultation, a binding deliberation) and never lets the easy version launder authority the hard version didn't confer? *(Simulation-never-mandate as a standing operational discipline, not a one-time rule.)*"
agora,research/agora/QUESTION_BANK_EXTENDED.md,A60,bank,"How do we hold the 7-GENERATIONS and global-governance stakes the operator names — building for the children who might live forever and for a world that might copy us — as genuine long-horizon design (reversibility, option-preservation, the interests of the not-yet-born and the voiceless, the humility that we are early and will be wrong about much) rather than as grandiosity that outruns the evidence and excuses present harm in the name of a glorious future? What does taking the long horizon seriously actually change in a decision made this year? *(Seven-generations as design humility, honored as vision, never as license; the operator's stakes held with the hard rule's care.)*"
agora,research/agora/QUESTION_BANK_EXTENDED.md,A61,bank,"How do we make Toronto the city the WORLD copies on democracy — since the movement's frame is ""Toronto demonstrates, the world copies,"" the operator's ladder reaches to the world, and the seven-generations stakes are global: what is the minimum demonstrable proof (the smallest honest thing that works and travels), and how is it built to be shared openly and non-extractively — the method, the open-source platform, the process patterns — with the world's cities rather than packaged and sold? *(The demonstration frame; open and non-extractive sharing, not export-for- profit.)*"
agora,research/agora/QUESTION_BANK_EXTENDED.md,A62,bank,"How do we design for our own OBSOLESCENCE and evolution — since a system that cannot be changed by the next generation becomes the new tyranny, and the operator wants a ""permanent culture/system"" that must paradoxically be permanently revisable: what is the built-in mechanism by which the puroks, wards, and city can rewrite the whole thing when it stops serving them, so the ""best path forward"" we build never calcifies into the fixed thing our great-grandchildren have to overthrow? *(The anti-calcification mechanism; permanence as revisability, not fixity.)*"
agora,research/agora/QUESTION_BANK_EXTENDED.md,A63,bank,"What do we do when it genuinely CONFLICTS — when local deliberation demands one thing and the wider public another, when the expert consensus and the popular will diverge, when a purok's self-determination collides with a right it would violate — since the whole architecture will produce these clashes and ""we'll figure it out"" is not a design? What is the honest conflict-of- levels resolution mechanism (where the do-no-harm floor overrides, where subsidiarity holds, where the higher level may only protect and never impose), and who arbitrates without becoming the sovereign the program exists to abolish? *(The conflict-resolution mechanism the subsidiarity ladder requires; the arbiter's-dilem"
automata,research/automata/QUESTION_BANK_EXTENDED.md,AU45,bank,"Start with the honest version of your own question: what can a MILLION people coordinate that a thousand can't — not in theory, in a Tuesday? Snow cleared block-by-block before the city truck arrives, surplus food routed to the family that needs it that night, a broken elevator in a tower flagged and fixed by the people who live there? Name three things that only switch on at density, and three that density makes WORSE (the monoculture, the single app everyone depends on, the one outage that stops everybody at once)."
automata,research/automata/QUESTION_BANK_EXTENDED.md,AU46,bank,"Mass-adoption cuts both ways: the same platform that lets 3 million coordinate is the same platform that, if someone else owns it, watches 3 million. Is the density dividend only safe when WE own the rails (the TorontoOS/data-sovereignty inheritance ⚠️) — and if a private platform is faster to scale, do we ever take the speed and give up the ownership, or is that the exact trade the whole movement exists to refuse?"
automata,research/automata/QUESTION_BANK_EXTENDED.md,AU47,bank,"Hyper-localization vs. mass-scale is a tension, not a slogan: the block wants its own character, the network wants one standard. Where does automation belong to the PUROK (the robot the block borrows, tunes, repairs) and where does it belong to the whole city (the safety spec, the interoperability, the shared model)? Draw the line — what's local by right, what's common by necessity?"
automata,research/automata/QUESTION_BANK_EXTENDED.md,AU48,bank,"The uncomfortable one: if being ""on the same platform"" is the source of the power, what about the person who says no — the elder with no phone, the family that doesn't want to be counted, the block that opts out? Does the density dividend still reach them, or does opting out quietly become opting into poverty? A movement that puts connection first can't build a system where the refusers get left behind — so how does the benefit reach the person who never signed up?"
automata,research/automata/QUESTION_BANK_EXTENDED.md,AU49,bank,"Make the list the people would actually write, not the one a designer would. Best guess at what stays human no matter how good the machine gets: the hug, the diagnosis-delivered-with-a- hand-on-the-shoulder, the teacher who sees the kid, the meal cooked FOR someone, the apology, the vote, the decision to end a life-support. Which of these is ""stays human because a machine CAN'T"" and which is ""stays human because we CHOOSE it must"" — and is the second list the more important one to write down before the machines get good enough to blur it?"
automata,research/automata/QUESTION_BANK_EXTENDED.md,AU50,bank,"Some things a machine could do fine, and we should still forbid it — not because it fails, because doing it ourselves is the point. Sentencing a person. Deciding who gets the apartment. Telling a parent their child died. Is there a charter-candidate here: a ""reserved to humans"" list, posted like the refused-applications wall (AU21), that names the decisions we will never let a system make FOR us no matter how accurate it gets — the valuation, the surveillance judgment, the who-counts call from the META clause?"
automata,research/automata/QUESTION_BANK_EXTENDED.md,AU51,bank,"The subtle theft: automation rarely announces ""I'm taking this from you"" — it just makes the human version slower, more expensive, slightly inconvenient, until nobody chooses it anymore (the checkout line, the bank teller, the phone tree). How do we protect the human option from dying by a thousand conveniences — is there a ""the human way must always be OFFERED, and never punished"" rule, so choosing the person over the machine never costs you more?"
automata,research/automata/QUESTION_BANK_EXTENDED.md,AU52,bank,"The trap in your own thesis: automate the drudgery and you also automate the FIRST RUNG — the entry job, the apprenticeship, the way a kid with nothing learns to show up, get paid, be trusted. If the robot does the dishwashing and the shelf-stocking and the parking enforcement, where does the 17-year-old with no diploma start? Does AUTOMATA owe a ""new first rung"" for every old one it automates away — and is that rung a real answer or a consolation prize?"
automata,research/automata/QUESTION_BANK_EXTENDED.md,AU53,bank,"Purpose isn't the same as a job, but for most people it's been DELIVERED by a job — structure, dignity, somewhere to be, people who need you there. If we take the job, we have to hand back the four things the job was smuggling in. Which of those can the village provide directly (the CONNECTION seam), which needs money to underwrite (ABUNDANCE), and which — the being-needed — can NOTHING replace except giving people real work that actually matters? ⚠️ (the ""meaning crisis"" literature is real and contested — SCAN before citing)."
automata,research/automata/QUESTION_BANK_EXTENDED.md,AU54,bank,"Honest sequencing question: do we automate the slave work BEFORE the purpose-and-money answers are built, or after? Because the order is the whole ethics. Automate first and you get displacement and a promise. Build the floor first and automation arrives as relief. Seed 2 says the adoption curve is already behind for social reasons ⚠️ — is that lag a gift (time to build the floor) or a trap (false comfort while it accelerates), and which does the program bet on?"
automata,research/automata/QUESTION_BANK_EXTENDED.md,AU55,bank,"This might be the warmest question in the whole bank, so let's not over-engineer it: the shovelling, the sweeping, the garden, the cooking — for a lot of people that IS the good life, not the burden. So the design rule flips: automation as something you OPT INTO on the days your back hurts, never something done TO your street because the system decided it was more efficient. What does ""the robot clears the walk only when you ask, and the rest of the time it's yours to do"" actually look like as a piece of engineering AND as a piece of respect?"
automata,research/automata/QUESTION_BANK_EXTENDED.md,AU56,bank,"There's a real difference between the shovelling an 80-year-old WANTS (the movement, the fresh air, the neighbour who waves) and the shovelling that kills them (the heart attack in the driveway ⚠️ — verify the cold-exertion cardiac risk claim). Can automation tell the difference — can it take the danger without taking the dignity, be there for the deep heavy wet snow and absent for the light satisfying kind? Or is asking a machine to judge that just us being lazy about showing up as neighbours ourselves?"
automata,research/automata/QUESTION_BANK_EXTENDED.md,AU57,bank,"Follow the elder's instinct all the way down: maybe the deepest thing they're saying is ""don't automate me into uselessness — I still want to be the one who feeds people."" So the question for the WHOLE program: is the goal ever to do things FOR people, or always to help people keep doing the things that make them feel alive and needed? If it's the second, half the ""efficiency"" case for automation is actually a case AGAINST it — where does that leave the enterprise lane?"
automata,research/automata/QUESTION_BANK_EXTENDED.md,AU58,bank,"Name the failure honestly so we can design against it: the automated life that ends in the reclining chair, the screen, the delivered food, the atrophied body — the sci-fi warning ⚠️ everyone already pictures. What's the OPPOSITE picture, drawn just as vividly? Freed hours that go into the garden, the gym, the neighbour, the craft, the kid's team — and what has to be TRUE (culturally, not just technically) for the freed time to flow there instead of to the couch?"
automata,research/automata/QUESTION_BANK_EXTENDED.md,AU59,bank,"You can't legislate people out of laziness, but you can build a culture that makes purpose the higher-status choice (the movement's whole bet). If automation hands everyone free time, the scarce thing becomes what you DO with it — is that the moment the SPORT/practice-culture programs matter most, where ""look how alive he is"" beats ""look how comfortable he is""? How does AUTOMATA hand its dividend straight to the programs that turn free time into aliveness rather than sedation?"
automata,research/automata/QUESTION_BANK_EXTENDED.md,AU60,bank,"The hard mirror: indulgence and degeneracy aren't what automation does to us, they're what we do with the room it makes — the same room could hold a symphony or a stupor. So is the real design target not the machine at all but the DEFAULT — what's the path of least resistance in an automated life, and can we bend the easy path toward the good one (the walk, the shared meal, the practice) the way junk food bent it the other way? Who's honest enough to admit we're designing temptation, just pointed at virtue this time?"
automata,research/automata/QUESTION_BANK_EXTENDED.md,AU61,bank,"If Seed 2's estimate is even half right — 40%+ of jobs replicable today ⚠️ (SCAN: gather every credible prediction, the range, the timelines, the skeptics) — then tinkering isn't a serious response. What's the most RADICAL reform this movement would actually stand behind, said plainly: shorter work weeks, a dividend from the machines, common ownership of the productive robots, a right to retrain paid-for-life? Which of these is ""obvious once you say it out loud"" and which is ""we'd get called crazy"" — and is getting called crazy sometimes the sign you're finally being honest about the scale?"
automata,research/automata/QUESTION_BANK_EXTENDED.md,AU62,bank,"Every past technological shock eventually made new work ⚠️ (the horses-to-cars, the farm-to-factory stories — verify how clean those transitions actually were, and for whom). The believers say this time is the same, the worriers say this time the machine takes the NEW jobs too. We don't have to resolve the economics to design for it: what does a program do that's robust whether the optimists OR the pessimists are right — the plan that helps either way, so we're not betting the city on a forecast?"
automata,research/automata/QUESTION_BANK_EXTENDED.md,AU63,bank,"Reform for whom, first? The instinct is to protect the most exposed — but the most exposed are often the least organized and the last consulted (the warehouse, the call centre, the long-haul cab). Does radical reform start with the loudest displaced or the quietest, and how do we make sure the people whose work goes FIRST are in the room writing the reform, not reading about it after (the partners-never-adversaries rule, at civilizational scale)?"
automata,research/automata/QUESTION_BANK_EXTENDED.md,AU64,bank,"Before one word of vision: where is Toronto REALLY at? Not the press release. How many jobs here are already exposed ⚠️, how automated is the port/warehouse/transit belt today ⚠️, what AV testing has actually happened on our streets ⚠️, how many households couldn't work a frontier tool if you gave it to them free (the literacy gap)? Is the FIRST civic-literacy product just an honest mirror — ""here's where your city actually stands"" — because you can't have a real discussion on a fantasy baseline?"
automata,research/automata/QUESTION_BANK_EXTENDED.md,AU65,bank,"The literacy baseline specifically: Seed 2 says the people don't feel their voices have been heard on this and there's no real literacy yet. Before we teach, we measure — what does the average Torontonian actually understand, fear, and want about AI/robotics/automation right now ⚠️? Is a citywide ""where are we really at"" listening exercise the honest AU3-answer for why this fires as research NOW — you can't design for people you haven't asked?"
automata,research/automata/QUESTION_BANK_EXTENDED.md,AU66,bank,"Baseline of trust, not just tech: how much do people here trust the CITY to lead this (Seed 2 says ""led and coordinated by the City of Toronto"")? ⚠️ After Sidewalk Toronto ⚠️, is public trust in city-led tech a strength to build on or a wound to heal first — and does AUTOMATA's real first job turn out to be earning the standing to even hold this conversation?"
automata,research/automata/QUESTION_BANK_EXTENDED.md,AU67,bank,"""Partners never adversaries"" only means something if the worker whose job changes ends up BETTER off, by their own account, not the program's. So ask them: the driver, the cashier, the warehouse picker — what would a good version of the next ten years look like TO YOU? Is the honest deal ""same pay, better work, you help design the machine,"" and if the movement can't promise that, should it be automating that job at all yet?"
automata,research/automata/QUESTION_BANK_EXTENDED.md,AU68,bank,"Role transformation is a nice phrase that often means ""learn to code or lose"" ⚠️. What does a REAL transformation ladder look like — the courier becomes the micro-hub coordinator, the driver becomes the fleet-operations lead (the AU18 teleoperation-as-pipeline idea), the cashier becomes the human the store keeps because people missed a face? Are those real roles with real pay, or are we dressing up demotion? Who audits whether the ""transformed"" worker actually landed somewhere good?"
automata,research/automata/QUESTION_BANK_EXTENDED.md,AU69,bank,"The dignity of the transition itself: nobody wants to be ""retrained"" like they're broken. Can the affected worker be positioned as the EXPERT — the person who knows the job best is the person who should design its automation and teach the next role — so the transition feels like promotion to elder-of-the-craft, not eviction? What would make a displaced worker proud instead of ashamed?"
automata,research/automata/QUESTION_BANK_EXTENDED.md,AU70,bank,"The whole thing fails if the automated-but-purposeful life reads as the LESSER, more boring option — the responsible-vegetables to consumerism's dessert. So the real design job is desire: how do you make the person who gardens, cooks, shows up, and stays strong the one everyone QUIETLY WANTS TO BE — the way health and craft and being-in-shape can become genuinely aspirational rather than preachy? Who models it — and does the movement need its own version of the thing advertising does, pointed at virtue instead of stuff?"
automata,research/automata/QUESTION_BANK_EXTENDED.md,AU71,bank,"Virtues go stale the second they're prescribed. What makes discipline, generosity, craft, and presence feel EARNED and cool rather than imposed — is it that people choose them, see peers thriving on them, and get status for them (not a lecture about them)? Is AUTOMATA's job here just to hand back the TIME, and the sibling programs' job to make the time beautiful — and if the virtues aren't already aspirational in those programs, does automation just accelerate whatever culture already exists, good or rotten?"
automata,research/automata/QUESTION_BANK_EXTENDED.md,AU72,bank,"The aspiration has to survive abundance — that's the hard part. It's easy to value hard work when you must; the test is valuing purpose when the machines mean you DON'T have to lift a finger (the AU39 30-year-no-money horizon, stress-tested). What keeps a person reaching when nothing forces them to — love, mastery, being needed, leaving something behind? Which of those does a movement actually nurture, and which does it just have to hope for?"
automata,research/automata/QUESTION_BANK_EXTENDED.md,AU73,bank,"AU28 gave us ""automate the task, never the practice."" Push it: what MAKES something a practice worth protecting — that it builds the body, the skill, the patience, the bond — and can we write a test a program can actually apply, so we know which jobs to automate freely and which to guard like the garden and the craft (HARVEST's grown-with-love, SPORT's body-as-curriculum)?"
automata,research/automata/QUESTION_BANK_EXTENDED.md,AU74,bank,"A practice culture needs places to practice. If automation frees the time, do we owe the SPACES — the community kitchen, the fab lab, the repair café, the workshop, the field — so the freed hours have somewhere to GO (AU58's default problem, made physical)? Is ""build the practice spaces before you free the time"" a sequencing rule, and who builds them (HOMES, the puroks, the commons fund)?"
automata,research/automata/QUESTION_BANK_EXTENDED.md,AU75,bank,"Your strategy-game lineage runs through this whole movement (the raid leader becomes the fleet coordinator, SP70). Applied here: can civic tech literacy have LEVELS people actually want to climb — from ""I can use a frontier tool"" to ""I can teach it"" to ""I run a fleet/hub/mission"" — a real progression with visible rank and earned trust, not a training module you click through and forget? What makes leveling-up FEEL good without turning citizenship into a grind for points?"
automata,research/automata/QUESTION_BANK_EXTENDED.md,AU76,bank,"Gamification's dark side is manipulation — the dopamine slot-machine, the engagement trap (the very pattern the movement critiques). So where's the line between a progression that genuinely develops a person and one that just farms their attention ⚠️? Is the honest test whether the ""game"" leaves you MORE capable and connected when you log off — and if a mechanic fails that test, does it go on the refused-applications wall like any other extraction?"
automata,research/automata/QUESTION_BANK_EXTENDED.md,AU77,bank,"AU14 pointed at the ""fake-GDP intermediaries"" in the food chain. Generalize it across every automatable system: where does the middleman-that-adds-nothing actually live — the payment processor's cut, the platform's rake, the data broker, the licensing toll — and which of those does automation let the people simply ROUTE AROUND? Is a real deliverable a plain map of ""here's the money leaving your neighbourhood for nothing, and here's the automated public rail that keeps it home""?"
automata,research/automata/QUESTION_BANK_EXTENDED.md,AU78,bank,"""Taking the money out honestly"" cuts both ways — it also means being honest that SOME intermediaries earn their keep (the courier with the good wage, the mechanic, the person who actually carries the box). How do we tell the extractive middle from the value-adding one without kidding ourselves — and make sure ""cutting out the middleman"" doesn't quietly become ""cutting out the worker"" while the platform owner keeps their cut (AU15's e-bike-courier-on-public-rails as the humanistic answer)?"
automata,research/automata/QUESTION_BANK_EXTENDED.md,AU79,bank,"Seed 2 wants two things that pull against each other: move FAST (heads out of the sand, tech is moving whether we like it or not) and DON'T scare or displace people. What does ""fast but safe"" actually mean as a speed limit — quick to teach and demonstrate, slow to displace, never deploy faster than the safety net can catch? Is the SAFE in ""SAFE conversion kits"" (AU35's manual-mode mandate) the same SAFE that should govern the whole program's pace?"
automata,research/automata/QUESTION_BANK_EXTENDED.md,AU80,bank,"Who sets the speed — and can it differ by domain? Maybe literacy and access go as fast as we can manage (pure upside), while actual displacement-causing deployment waits for the floor (AU54's ordering). Is the honest rule ""accelerate the learning, pace the replacing"" — and what stops competitive pressure (someone else automates faster and cheaper) from blowing that speed limit apart, forcing the movement to choose between its pace and its principles?"
automata,research/automata/QUESTION_BANK_EXTENDED.md,AU81,bank,"Under every anchor question — what stays human, what gives purpose, how we avoid degeneracy — the same answer keeps surfacing: connection. Is that the actual thesis of the whole program — that automation is GOOD exactly to the degree it pushes people together and BAD exactly to the degree it lets them be alone (AU33's robot-does-dishes-so-the-block-eats-together, made the master rule)? If so, does every AUTOMATA proposal get one test before anything else: does this connect people or isolate them?"
automata,research/automata/QUESTION_BANK_EXTENDED.md,AU82,bank,"The lonely efficiency: the most ""efficient"" automated life is often the most isolated one — everything delivered, nothing shared, no reason to leave the unit ⚠️ (the isolation-and-health literature is real; SCAN before citing). If connection is the answer, does the program sometimes choose the LESS efficient path on purpose — the pickup that means you see a neighbour, the shared machine that means you meet the block — and can it say out loud that friction between people is sometimes a feature, not a bug to automate away?"
automata,research/automata/QUESTION_BANK_EXTENDED.md,AU83,bank,"Connection as the safety net UNDER the safety net: money and retraining catch the displaced worker's rent, but who catches their sense of worth, their mornings, their belonging (the AU53 four-things-a-job-smuggled-in)? Is the deepest job-loss answer not economic at all but social — a village that needs you whether or not a company does — and is THAT the thing AUTOMATA can only point at, while CONNECTION and the puroks actually build it?"
automata,research/automata/QUESTION_BANK_EXTENDED.md,AU84,bank,"Take the META clause at full strength: it's not really about robots, it's about WHO holds the pen on the systems that will run our lives — financial, surveillance, banking, valuation, decision-making, driverless. Which of those is Toronto actually positioned to redesign for its people, and which is honestly beyond a city's reach (you can't rebuild the banking system from a neighbourhood)? Where's the line between the systems we can genuinely author and the ones we can only refuse or resist?"
automata,research/automata/QUESTION_BANK_EXTENDED.md,AU85,bank,"""Designed for us by people who must serve their investors"" — that's not an accusation of villainy, it's a description of incentives (say it that way, so it lands as clarity not conspiracy). So the design question is structural: what OWNERSHIP and GOVERNANCE form lets a system serve its users instead of its funders (the AU20 ownership stack, the AU23 capture wall) — and is the whole point that you have to get the incentives right at BIRTH, because you can't bolt ""serve the people"" onto a thing built to serve shareholders?"
automata,research/automata/QUESTION_BANK_EXTENDED.md,AU86,bank,"The valuation and decision systems are the sleeper items in that list — the credit score, the risk model, the algorithm that decides who gets the loan, the job, the apartment, the parole (the AU50 reserved-to-humans list, made concrete). These already run, mostly unseen, mostly owned by people we can't name. Is a people's alternative here even a MACHINE, or is it a right — the right to see the model that judged you, contest it, and demand a human? What does ""we design the decision systems ourselves"" mean when the decisions are already being made about us today?"
automata,research/automata/QUESTION_BANK_EXTENDED.md,AU87,bank,"Frame it by function, not by the company name, so we're arguing with a design and not a brand ⚠️ (keep every reference descriptive — these platforms integrate large public and private datasets for analysis and operational decision-making; the SCAN/EVIDENCE roles establish exactly what they do and don't before anything is claimed). The people's-alternative question then becomes: can a city give itself the POWER of a total-integration data platform — seeing its own systems whole — WITHOUT the surveillance, the black box, and the private ownership? Is that even the same tool with a different owner, or a fundamentally different design?"
automata,research/automata/QUESTION_BANK_EXTENDED.md,AU88,bank,"The honest hard part: what makes those platforms powerful is exactly what makes them dangerous — total integration, everything connected, nothing hidden from the operator. A people's version that refuses surveillance (the AU21/AU25 never-sense-never-store inheritance) might be WEAKER by design. Is that acceptable — do we accept a less-powerful public tool as the price of a free one — and who decides how much power the people are allowed to give themselves before it becomes the thing we were fleeing? What's the governance that lets a city see itself without letting anyone watch its people?"
automata,research/automata/QUESTION_BANK_EXTENDED.md,AU89,bank,"""A daily topic on all forms of media"" is a real production ask, not a slogan — who MAKES that, every day, in a voice people actually want (the warm one, not the doom one)? Is it a daily segment, a creator network, a neighbour-teaches-neighbour chain, all of it? And how do you keep a daily literacy feed from curdling into either hype (""everything's amazing, buy this"") or fear (""the machines are coming"") — the two failure modes that already own the algorithm ⚠️?"
automata,research/automata/QUESTION_BANK_EXTENDED.md,AU90,bank,"Literacy for WHOM, taught HOW? The frontier-tool tutorial that lands for a 22-year-old loses the 72-year-old and the newcomer with limited English (the ELDERS/newcomer inclusion duty). Does daily literacy mean radically different on-ramps for radically different people — and is the measure of success not ""how many watched"" but ""who can now DO something they couldn't, in their own mission or work"" (Seed 2's ""utilize them in their missions and work"")?"
automata,research/automata/QUESTION_BANK_EXTENDED.md,AU91,bank,"What would a frontier lab actually GET by giving a city's people free or discounted access ⚠️ — distribution, goodwill, a real-world proving ground, a talent pipeline, a civic-good story they want to tell? What could the movement honestly offer in return WITHOUT selling its people's data or independence (the line the whole movement guards)? Is there a deal that's genuinely win-win, or does ""free access"" always come with a hook we'd regret — and how do we tell before we sign?"
automata,research/automata/QUESTION_BANK_EXTENDED.md,AU92,bank,"Depending on a private frontier model is depending on someone else's tool that can change its price, its rules, or its mind (the AU46 platform-dependence trap, aimed at the models themselves). So even as we negotiate access, what's the fallback — open-weight models we can run ourselves ⚠️, the skills that transfer across tools, the right to walk away? Is the real literacy goal not ""use THIS model"" but ""understand the class of tool well enough that no single provider owns you""?"
automata,research/automata/QUESTION_BANK_EXTENDED.md,AU93,bank,"SCAN order stated plainly, because the number governs the urgency: gather every credible prediction on job displacement — the range, the timelines, the methods, and the serious skeptics who think it's overblown ⚠️ — and report the honest spread, not the scariest figure. Then the design question: does the safety-net's SIZE scale to the estimate, and what does the net look like at 10% displaced versus 40% versus a number so high the whole idea of ""a job"" stops being the unit we plan around?"
automata,research/automata/QUESTION_BANK_EXTENDED.md,AU94,bank,"What actually goes IN the net — is it money (a dividend, a floor), or is it money PLUS the things money doesn't buy (the AU53/AU83 purpose, structure, belonging)? A cheque that arrives while a person rots at home is half a rescue. Is the movement's distinctive claim exactly that its safety net is SOCIAL as much as financial — you don't just get caught, you get caught by PEOPLE who need you — and can it deliver that, or is that the part everyone promises and nobody builds?"
automata,research/automata/QUESTION_BANK_EXTENDED.md,AU95,bank,"Who PAYS for the net, honestly? If the machines create the productivity that displaces the worker, does the dividend come from the machines' output (a claim on the robots' productivity — the AU20 ownership answer, load-bearing again)? Is the safety-net ultimately impossible without solving ownership first — meaning ABUNDANCE and AUTOMATA are the same question wearing two hats — and if we DON'T own the machines, is any safety-net just charity from whoever does?"
automata,research/automata/QUESTION_BANK_EXTENDED.md,AU96,bank,"Fear isn't irrational here — some of it is people correctly sensing a real threat to their livelihood (the AU67 worker who's about to lose the job). So ""avoid triggering fear"" can't mean soothe people into complacency about something real. Where's the line between the honest reassurance that steadies people and the false reassurance that lies to them — and can you talk plainly about a 40% number ⚠️ WITHOUT triggering panic, or does honesty about the scale unavoidably scare, and then what?"
automata,research/automata/QUESTION_BANK_EXTENDED.md,AU97,bank,"The framing choices are the whole ballgame: ""automation"" scares, ""buying back your time"" invites; ""robots taking jobs"" scares, ""machines doing the slave work so you can do what you love"" invites (Seed 2's own instinct — lead with what's possible and easy, not with the threat). Is there a communication charter here — the words we use, the ones we refuse, the order we say things in (benefit before mechanism, choice before change, people before machines)? Who writes it, and does it get tested on real scared people, not on us?"
automata,research/automata/QUESTION_BANK_EXTENDED.md,AU98,bank,"The deepest one: does STARTING from ""avoid fear"" quietly bias the program toward comforting messages over true ones — and is the real antidote to fear not softer words but genuine CONTROL (the META clause again — people fear what's done TO them, not what they help design)? Is the honest way to make people less afraid of automation to hand them the pen — the seat at the table, the ownership stake, the off-switch — so the answer to ""avoid triggering fear"" turns out to be ""give people real power,"" not ""choose gentler words""?"
automata,research/automata/QUESTION_BANK_EXTENDED.md,AU99,bank,"Kill criterion, literacy edition: what if the honest baseline (section T) comes back and the people DON'T want this conversation — they find it alienating, elitist, or beside the point next to rent and transit? If the citizenry's actual answer to AUTOMATA is ""not now, not this,"" does the research program have the integrity to report that and stand down (the AU37 kill-criteria discipline) — and is ""we asked and they said no"" a failure, or exactly the program doing its one job right?"
automata,research/automata/QUESTION_BANK_EXTENDED.md,AU100,bank,"Kill criterion, capture edition: the META clause warns that systems get captured by whoever funds them — so what stops AUTOMATA ITSELF from being captured (the frontier-access deal with a hook, the enterprise lane that grows teeth, the platform that scales by surveilling)? Pre-register it: if the program's own frontier partnership, conversion-kit company, or literacy platform ever starts serving its funders over its people, is that an automatic trip-wire that dissolves the offending lane — and who's watching the watchers, given the whole program exists to answer exactly that question for everyone else?"
automata,research/automata/QUESTION_BANK_EXTENDED.md,AU101,bank,"And the one that could reshape everything: what if connection ISN'T the underlying answer (section AA) — what if people, handed back their time and freed from the slave work, mostly choose the couch, the screen, the isolation, and the movement's warmest assumption about human nature is just wrong ⚠️? If the honest evidence came back that automation makes people lonelier and lazier no matter how we design it, would AUTOMATA change its thesis, narrow to pure safety-net-and-literacy, or admit the whole ""purpose over idleness"" bet is a hope we can't engineer — and which of those is the operator actually willing to hear?"
connection,research/connection/QUESTION_BANK_EXTENDED.md,C1,bank,"[CO-SEED][SEED 3] The mechanics of fear→understanding→love: what is the smallest unit of conversion — the moment a stranger became kin — and its ingredients? (""we only fear what we don't understand; hate is a form of fear"")."
connection,research/connection/QUESTION_BANK_EXTENDED.md,C2,bank,"[CO-SEED] Can connection be *systematized* without being killed — where's the line between infrastructure for love and bureaucratized joy, and who has walked it best?"
connection,research/connection/QUESTION_BANK_EXTENDED.md,C3,bank,"[CO-SEED][SEED 1] If loneliness is the disease (Rat Park at city scale), what is the minimum effective *dose* of connection per day / week / life stage, and what reliably delivers it? (""the opposite of addiction is connection"")."
connection,research/connection/QUESTION_BANK_EXTENDED.md,C4,bank,"[CO-SEED][SEED 1] The four facets — self (body/mind/spirit), nature, higher power, each other: four streams or one practice with four faces, and which facet is Toronto most starved of? (""this is Ashtanga Yoga at its essence"")."
connection,research/connection/QUESTION_BANK_EXTENDED.md,C5,bank,"[CO-SEED][SEED 1] The honest secular-access version of the inner-connection path for a million Torontonians who will never step on a yoga mat (lineage honored, nothing imposed)."
connection,research/connection/QUESTION_BANK_EXTENDED.md,C6,bank,"[CO-SEED][SEED 1] The mechanics of re-villaging a high-rise city — what do cousins/aunties/uncles-all-around actually look like on a Thorncliffe tower floor? (""It takes a village to raise children. It takes a village to be mentally healthy."")."
connection,research/connection/QUESTION_BANK_EXTENDED.md,C7,bank,"[CO-SEED][SEED 1] The standing structure that puts elders back in children's *daily* lives (daily texture, not an annual visit program); the purok/extended-family translation."
connection,research/connection/QUESTION_BANK_EXTENDED.md,C8,bank,"[CO-SEED] Mental health as a village function — where's the line between community co-regulation and what needs professionals, and how does the village hand off without dropping people?"
connection,research/connection/QUESTION_BANK_EXTENDED.md,C9,bank,"[CO-SEED] Where deep friendships form and the structural ingredients (repetition, shared struggle, food, ritual) — how does a city mass-produce those conditions for adults?"
connection,research/connection/QUESTION_BANK_EXTENDED.md,C10,bank,"[CO-SEED] Which Toronto model is the *seed pattern* to replicate 500× — CSI, Dufferin Grove, Thorncliffe's tandoor/market, Park People, TPL, Snakes & Lattes, Kensington Pedestrian Sundays, ⚠️Pluto — and what's missing from all of them?"
connection,research/connection/QUESTION_BANK_EXTENDED.md,C11,bank,"[CO-SEED] The city of 10,000 living rooms (gyms, faith halls, legions, condo party rooms): what unlocks them, and is *hosting* the civic role to professionalize and celebrate?"
connection,research/connection/QUESTION_BANK_EXTENDED.md,C12,bank,[CO-SEED] ⚠️Artscape's receivership — what funding/ownership structure for connection real estate survives decades (the ABUNDANCE crossing)?
connection,research/connection/QUESTION_BANK_EXTENDED.md,C13,bank,[CO-SEED] Design the vertical village: what turns 400 strangers sharing an elevator into a community with names?
connection,research/connection/QUESTION_BANK_EXTENDED.md,C14,bank,"[CO-SEED] The 365-day festival calendar — is what's missing *more* festivals, or deeper *invitation* (each community genuinely hosting the others)?"
connection,research/connection/QUESTION_BANK_EXTENDED.md,C15,bank,"[CO-SEED] The neighbourhood-scale unit of celebration (block party, street feast) — what kills it here today: permits, cars, cost, or culture?"
connection,research/connection/QUESTION_BANK_EXTENDED.md,C16,bank,"[CO-SEED] The celebration architecture for a Toronto winter — the northern city that parties *because* it's dark (Nordic/Baltic, Carnaval, Bentway skate trail)."
connection,research/connection/QUESTION_BANK_EXTENDED.md,C17,bank,"[CO-SEED] The citywide communal table — supper clubs, mass potlucks, the multicultural table as connection engine: who hosts, who cooks, who's invited? (HARVEST H4/H6–H7)."
connection,research/connection/QUESTION_BANK_EXTENDED.md,C18,bank,[CO-SEED] The third-place future of hospitality (HARVEST H52–H53) from the connection side — and how its workforce become partners in the transition.
connection,research/connection/QUESTION_BANK_EXTENDED.md,C19,bank,"[CO-SEED] The ""1 potluck per building per month"" test: the minimum food-ritual infrastructure that measurably moves loneliness, and city-role vs must-stay-grassroots."
connection,research/connection/QUESTION_BANK_EXTENDED.md,C20,bank,"[CO-SEED][SEED 1] The participation architecture that gets a spectator city moving — drum circles, choirs, social dance, ecstatic dance at scale. (""Music/movement/dance is absolutely key — ecstatic dance/five rhythms and similar core"")."
connection,research/connection/QUESTION_BANK_EXTENDED.md,C21,bank,"[CO-SEED][SEED 1] **THE 24/7 GLOBAL DANCE PARTY** — Live Aid/Live 8 ×100, ~2,000 DJs playing normal gigs while one online show moves between them: what is it FOR, what makes it ONE party, the first 10 Toronto scenes, the KISS-MVP, and the rights/extraction counter-case."
connection,research/connection/QUESTION_BANK_EXTENDED.md,C22,bank,"[CO-SEED] The party's *place* in Toronto — a standing weekly all-ages, substance-optional dance institution as the healthy-nightlife anchor."
connection,research/connection/QUESTION_BANK_EXTENDED.md,C23,bank,"[CO-SEED] Healthy nightlife beyond alcohol as the only social lubricant — save the dying venues, or re-purpose dead night-time square footage for sober-optional social life?"
connection,research/connection/QUESTION_BANK_EXTENDED.md,C24,bank,"[CO-SEED] Who owns the night — night mayors, night transit, night libraries: the connection case for a 24-hour city, honest about its costs."
connection,research/connection/QUESTION_BANK_EXTENDED.md,C25,bank,"[CO-SEED][SEED 2] Unpack the bottleneck — DISCOVERY, MATCHING, ROUTING or BELONGING: which failure kills most connection in Toronto? (""connection and meeting people is largely an information management problem"")."
connection,research/connection/QUESTION_BANK_EXTENDED.md,C26,bank,"[CO-SEED][SEED 1] Atlas the thousands of existing avenues (Meetup, run clubs, TSSC, board-game cafés, r/askTO, Bumble BFF, supper-club apps, ⚠️Pluto): why do apps keep failing loneliness while run clubs explode? (""Explore Reddit and apps and meetups"")."
connection,research/connection/QUESTION_BANK_EXTENDED.md,C27,bank,"[CO-SEED] If TorontoOS carried the city's connection graph, what to build first — and what it must NEVER do (the surveillance-of-social-life line, the engagement-optimization poison)."
connection,research/connection/QUESTION_BANK_EXTENDED.md,C28,bank,[CO-SEED] The human router — is the purok coordinator's peacetime job being the person who knows everyone and makes introductions (the IM layer with a face)?
connection,research/connection/QUESTION_BANK_EXTENDED.md,C29,bank,"[CO-SEED][SEED 1] Relationship *practice culture* built out — coaching, elder/married- couple mentorship, structured post-breakup reflection, secular pre-marriage prep, peer circles. (""every relationship until 30-35 … life is 99% practice, 1% theory"")."
connection,research/connection/QUESTION_BANK_EXTENDED.md,C30,bank,"[CO-SEED] The dignified ending — breakup culture that treats a finished relationship as a completed apprenticeship, not a failure; what rituals mark it."
connection,research/connection/QUESTION_BANK_EXTENDED.md,C31,bank,"[CO-SEED] Non-extractive matchmaking (the auntie network professionalized, interest-first meeting, TorontoOS-carried) — plus the honest counter-case: who gets hurt by ""practice"" framing, and the VITALITY/EDU boundaries."
connection,research/connection/QUESTION_BANK_EXTENDED.md,C32,bank,[CO-SEED] Marriage/partnership as connection infrastructure — what the city that takes family formation seriously (without moralizing about family forms) actually provides.
connection,research/connection/QUESTION_BANK_EXTENDED.md,C33,bank,"[CO-SEED][SEED 3] Design the DEEP EXCHANGE — scripture-exchange circles, open-house worship calendars — a standing citywide practice, not interfaith panels. (""reading each others religious texts, going to each others places of worship"")."
connection,research/connection/QUESTION_BANK_EXTENDED.md,C34,bank,"[CO-SEED] The alliance that puts congregations' sacred real estate and ritual mastery at the service of citywide connection — partners-never-adversaries, no one watering down belief."
connection,research/connection/QUESTION_BANK_EXTENDED.md,C35,bank,"[CO-SEED][SEED 3] The local peace-building architecture — diaspora dialogue tables, joint service projects, cross-factional elders' councils; the host-vs-import line and who convenes when it's radioactive. (""ways of solving geopolitical conflicts locally"")."
connection,research/connection/QUESTION_BANK_EXTENDED.md,C36,bank,"[CO-SEED][SEED 3] Operationalize ""we only fear what we don't understand"" — the understanding-infrastructure that converts inter-community fear, and the evidence a skeptic would need (contact hypothesis graded honestly)."
connection,research/connection/QUESTION_BANK_EXTENDED.md,C37,bank,"[CO-SEED][SEED 1] The ethical activation of the 1-2-hops network — consent-based, invitation-not-extraction, a commons not a rolodex; what makes a retired minister in Scarborough *want* to be findable. (""Toronto's 3 million … 1-hop, max 2, away from every decision maker"")."
connection,research/connection/QUESTION_BANK_EXTENDED.md,C38,bank,"[CO-SEED][SEED 1] What the people's capital hosts that Davos/Geneva/Dubai can't — name the first three flagship gatherings. (""gather the world's best experts … the people's capital"")."
connection,research/connection/QUESTION_BANK_EXTENDED.md,C39,bank,"[CO-SEED] Toronto's honest competitive position as a convening city, and the connection-native format that makes a convention here *feel* different (every delegate at a Toronto table, not a hotel buffet)."
connection,research/connection/QUESTION_BANK_EXTENDED.md,C40,bank,[CO-SEED] Does CONNECTION *own* the network-capital thesis or share it with WP-TRIBE/DR3 — and the R9-style privacy/safety architecture for mapping proximity to power.
connection,research/connection/QUESTION_BANK_EXTENDED.md,C41,bank,"[CO-SEED] Where Toronto is ACTUALLY at (loneliness, friendship counts, belonging, social trust, participation) and the honest-baseline connection metric to govern by."
connection,research/connection/QUESTION_BANK_EXTENDED.md,C42,bank,"[CO-SEED] Role transformations — what the event planner, promoter, bartender, priest, librarian, coach, BIA director, condo-board member become in a connection-first city."
connection,research/connection/QUESTION_BANK_EXTENDED.md,C43,bank,[CO-SEED] Making being a connector/host/regular/elder-in-someone's-life *sexy* — and whether a Game-of-Life-3.0 belonging progression helps or poisons this domain (both ways).
connection,research/connection/QUESTION_BANK_EXTENDED.md,C44,bank,"[CO-SEED] Taking money out — un-commodify gathering, partners-never-adversaries (festival orgs, BIAs, venues, promoters, faith institutions), and what ABUNDANCE funding pays for."
connection,research/connection/QUESTION_BANK_EXTENDED.md,C45,bank,"[CO-SEED] Fast-but-safe — the first 90 days of a program that touches real lonely people (ethics-gate territory), and what must NEVER be rushed."
connection,research/connection/QUESTION_BANK_EXTENDED.md,C46,bank,"[CO-SEED] Where engineered community curdles (cult, clique, kitsch, forced fun, astroturf) — the rule that keeps a movement-run program from becoming any of those, given the election-adjacent frame (the neutrality-firewall question)."
connection,research/connection/QUESTION_BANK_EXTENDED.md,C47,bank,"[CO-SEED] The surveillance line — what CONNECTION refuses to collect, *ever*."
connection,research/connection/QUESTION_BANK_EXTENDED.md,C48,bank,"[CO-SEED] Serving introverts, the socially anxious, and people whose village was the thing that hurt them — for whom ""more connection"" is not a simple good."
connection,research/connection/QUESTION_BANK_EXTENDED.md,C49,bank,"[CO-SEED] The falsification question — what result, honestly measured, proves the CONNECTION thesis wrong, or proves the program itself became the problem."
connection,research/connection/QUESTION_BANK_EXTENDED.md,C50,bank,"[EXT] The founder maps connection as four faces — within oneself (body/mind/spirit), with nature, with the higher power, with each other. So how do we actually *organize the program around the four* without turning one living practice into four bureaucratic departments? Which facets does the city legitimately *build and govern* (each-other infrastructure, third places), which can it only *host and invite* (the higher-power facet, where the state must never proselytize), and which is Toronto so starved of that it should be the flagship — and how would we know we chose right instead of just choosing the easiest?"
connection,research/connection/QUESTION_BANK_EXTENDED.md,C51,bank,"[EXT] **The nature facet, which the pack forgot.** Toronto is a ravine city — how do we make connection-*with-nature* daily texture and not an annual hike: forest schools and forest-kindergarten for kids, ravine-stewardship crews and ""green-hour"" prescriptions for adults, community gardens as social infrastructure, the waterfront and the Brick Works as connection venues? Where's the clean seam with REGENERATION — does CONNECTION own *nature-as-a-place-humans-meet-and-heal* while REGENERATION owns the living systems themselves — and how do we rule that line early so the two braid instead of colliding (the HARVEST↔REGEN mold)?"
connection,research/connection/QUESTION_BANK_EXTENDED.md,C52,bank,"[EXT] **The self facet at population scale.** The founder says he's mastered the inner practice and is now demonstrating it — but how do we deliver *self-connection* (body, mind, spirit) to a million people who will never touch a mala or a mat, without either watering it into wellness-app pablum or importing a lineage people didn't ask for? Is the honest vehicle breath/movement/stillness taught secularly through the bodies people already have (the run club, the choir, the swim, the sauna) — and where does this hand off to VITALITY so CONNECTION isn't quietly running a mental-health clinic it isn't licensed to run?"
connection,research/connection/QUESTION_BANK_EXTENDED.md,C53,bank,"[EXT] **The higher-power facet without the state on the pulpit.** How does a *civic* program hold space for the sacred — the fourth face of the map — when it cannot and must not endorse a religion? Is the buildable version a *container* (open-worship calendars, shared silence, the contemplative traditions offered side by side, awe and ritual as human needs met plurally) rather than any content — and how do we keep that container from becoming either a bland civic-religion mush or a back door for one tradition to dominate the commons?"
connection,research/connection/QUESTION_BANK_EXTENDED.md,C54,bank,"[EXT] What does AI do to **friendship**? On one side the companion chatbot — the always- agreeable synthetic friend — looks like the new cigarette, the frictionless substitute that ends the search for the harder, realer thing (the exact addiction-vs-connection axis the founder built this program to counter). On the other, AI is the best *router* ever built: the thing that knows what's on tonight near you, who shares your obscure thing, and nudges you off the couch and into a room with humans. Where is the honest line — what AI in this domain is medicine (routing, logistics, translation, remembering names) and what is poison (substitution, parasocial capture) — and can we write a rule sharp e"
connection,research/connection/QUESTION_BANK_EXTENDED.md,C55,bank,"[EXT] What does AI do to **matchmaking**? The apps already optimized for churn, not formation (C31) — does AI make that worse (hyper-optimized swipe-addiction, deepfaked profiles, the loneliness-monetization machine perfected) or could it finally make it *better* — the auntie's judgment scaled, interest-first and consent-first, matching people to *rooms and activities* rather than to profiles? What would a non-extractive, TorontoOS-carried AI introduction layer refuse to do, and who audits it?"
connection,research/connection/QUESTION_BANK_EXTENDED.md,C56,bank,"[EXT] What does AI do to **gathering and ritual** — can a machine *host*? The Art of Gathering is a human craft; is AI the co-host that handles the logistics so the human does the welcome and the meaning, or is AI-generated community the ultimate astroturf — synthetic ""members,"" bot-warmed rooms, engagement-optimized fake belonging at a scale no human con artist could reach? What's the disclosure rule (a human must always be accountable for a gathering?) that keeps the medicine and kills the poison?"
connection,research/connection/QUESTION_BANK_EXTENDED.md,C57,bank,"[EXT] The honest reckoning: AI companions are already being marketed hardest to exactly the populations this program exists for — isolated men, homebound seniors, the socially anxious. Is the AI-companion industry the *thing CONNECTION is the antidote to* (the founder's addiction-is-the-enemy frame pointed at a product), or is a companion sometimes a genuine bridge and off-ramp toward humans for someone who has none — and how do we hold that FOR/AGAINST without either moralizing at lonely people or handing them to a product that profits from keeping them lonely?"
connection,research/connection/QUESTION_BANK_EXTENDED.md,C58,bank,"[EXT] If Toronto builds a connection graph — every gathering, group, table and floor discoverable without Meta's tax — **who stewards it**, structurally, so it can never be captured? A public utility, a data trust, a co-op, TorontoOS as sovereign carrier? Who has the power to remove a group or a person, under what published rule, with what appeal — and how do we keep the steward from becoming the very surveillance-of-social-life node the pack (C27/C47) says the program refuses to be?"
connection,research/connection/QUESTION_BANK_EXTENDED.md,C59,bank,"[EXT] Should the graph **federate** — built on open, interoperable protocols (the ActivityPub / Matrix / open-calendar family) so no single entity, including this movement, owns the city's social fabric — even though federation makes curation, safety and a coherent experience genuinely harder? Where's the honest trade between ""no one owns it"" (resilient, un-capturable, but chaotic and unmoderatable) and ""someone curates it"" (usable and safe, but now someone holds the keys) — and does the answer differ for discovery (should be open) versus identity (should be minimal) versus messaging (should be private)?"
connection,research/connection/QUESTION_BANK_EXTENDED.md,C60,bank,"[EXT] Findability is the entire point of a connection graph and also its entire danger. How do we build the **discovery-vs-exposure dial** so it's per-facet and per-person — I can be findable for ""plays pickup soccer Thursdays"" without being findable for ""attends this mosque"" or ""is new and alone in this city"" — with consent that is real, revocable and legible, not a 40-page policy nobody reads? What is the default (findable-off, opt-in-only?), and how does that square with the fact that the loneliest people are precisely the ones least likely to opt in?"
connection,research/connection/QUESTION_BANK_EXTENDED.md,C61,bank,"[EXT] Where exactly does the **software stop and the human router start**? Seed 2's IM lens plus C28's human connector: is the buildable design a graph that surfaces *possibilities* and a purok-layer human who makes the *introduction* — because a machine can tell you a group exists but only a trusted person can walk you in and vouch — and how do we resource ~10k human routers without recreating a middle layer that becomes a bottleneck, a gatekeeper, or a soft-power broker of who-gets-connected-to-whom?"
connection,research/connection/QUESTION_BANK_EXTENDED.md,C62,bank,"[EXT] **Rights and licensing** — what is the actual legal spine of a 24/7 worldwide music stream moving through ~2,000 DJ sets? Public-performance and mechanical rights differ by country and by performing-rights organization (SOCAN in Canada, and the global patchwork the SCAN role verifies); a global stream is a licensing problem before it's a technical one. Is the buildable path a blanket/umbrella license, a rights-cleared-catalog-only rule, DJ-as-licensee, or original-and-cleared music only — and how do we keep the honest legal answer from quietly shrinking the party to whatever the lawyers will bless?"
connection,research/connection/QUESTION_BANK_EXTENDED.md,C63,bank,"[EXT] **The baton mechanics** — what physically makes 2,000 streams into *one* party? Follow-the-sun means the show hands off city to city, hour by hour, around the planet; what is the handoff — a literal baton segment where two DJs overlap across a timezone seam, a shared global setlist or anthem that drops simultaneously worldwide, a single roving ""main stage"" feed the diaspora relays (the DR3 follow-the-sun crossing)? What's the KISS pilot — one 24-hour run across ~24 cities via the NEWCOMERS diaspora — and what breaks first: the tech, the timezones, or the coordination?"
connection,research/connection/QUESTION_BANK_EXTENDED.md,C64,bank,"[EXT] **Moderation and safety** — a live global party is a live global *attack surface*. What happens when a bad actor gets a hot mic, when a hate symbol goes up on a screen behind a DJ in one of 2,000 venues, when the chat floods, when someone streams something illegal in one country and legal in another? Who moderates 2,000 simultaneous rooms across every jurisdiction's law, in real time — and is the honest answer that the party can only ever be as big as its moderation capacity, so it scales at the speed of safety, not the speed of ambition?"
connection,research/connection/QUESTION_BANK_EXTENDED.md,C65,bank,"[EXT] **Funding without extraction** — how does a permanent global commons pay for itself without becoming the thing it replaced: a platform that strip-mines the DJs and promoters who are its whole heart (the Boiler-Room-goes-corporate risk the pack flags in C21)? Is it a fundraiser that routes to causes (Live Aid's DNA), a member-supported non-profit commons, a city-seeded public good — and what's the hard rule that keeps the value flowing *to* the artists and scenes rather than to whoever ends up holding the stream?"
connection,research/connection/QUESTION_BANK_EXTENDED.md,C66,bank,"[EXT] **The terrestrial Toronto home**, operationalized (extending C22): what are the real economics and licensing of a *standing* weekly all-ages, substance-optional dance institution — the party's physical anchor and the healthy-nightlife flagship? Where does it live (a repurposed dead venue, a public hall, the Bentway), who runs it so it survives past the founders' energy (the ⚠️Artscape-receivership lesson), and how does an alcohol-optional model actually pay its rent when the industry's whole economics assume the bar tab?"
connection,research/connection/QUESTION_BANK_EXTENDED.md,C67,bank,"[EXT] **Men and the friendship recession.** The documented decline in men's close friendships is steeper than women's, and isolated men are the population most targeted by both the companion-AI industry (C57) and radicalization pipelines. What does connection infrastructure *for men* look like — shoulder-to-shoulder not face-to-face (the Men's Sheds insight, the run club, the pickup game, the workshop) — built without either shaming men for struggling or coding ""connection"" as something unmasculine they'll refuse to walk into?"
connection,research/connection/QUESTION_BANK_EXTENDED.md,C68,bank,"[EXT] **Seniors and the isolation that kills.** The ELDERS crossing: widowhood, the homebound, the digitally excluded, the friend group that dies off one by one. What's the daily- texture answer — not an annual visit program (the C7 warning) but standing structure: elders as the faculty and the hosts (purpose is the medicine), intergenerational co-housing, the phone-tree and door-knock that a connection graph must *not* replace with an app a 84-year-old can't use?"
connection,research/connection/QUESTION_BANK_EXTENDED.md,C69,bank,"[EXT] **Newcomers and the diaspora paradox.** The NEWCOMERS crossing: the first 18 months, credential loss, and the paradox that someone can be surrounded by co-ethnics and still profoundly alone — or so busy surviving that connection is a luxury. What does the city that takes newcomer loneliness seriously provide in the first months, and how does the same 1-2-hops diaspora network that powers the people's-capital thesis (C37) also *hold* the newcomer who just arrived, rather than only being mined for its elites?"
connection,research/connection/QUESTION_BANK_EXTENDED.md,C70,bank,"[EXT] **The structurally excluded — disabled people, shift workers, caregivers.** Most connection infrastructure assumes a body that can climb the stairs to the ""living room,"" an evenings-and-weekends schedule, and free hands. What about the wheelchair user for whom the 10,000 living rooms are inaccessible, the night-shift nurse whose only social hours are 3am, the unpaid caregiver who literally cannot leave the house? Is accessibility and schedule-inclusion a first-class design constraint here (the disability-justice and shift-worker lens), or does ""re-villaging"" quietly rebuild a village only the able-bodied and free-timed can enter?"
connection,research/connection/QUESTION_BANK_EXTENDED.md,C71,bank,"[EXT] **New parents — the loneliest transition, and the GENESIS seam.** The arrival of a first child is one of the sharpest isolation shocks there is, especially for the parent home all day. GENESIS owns the first 1,000 days and the village concept; what does CONNECTION owe the new parent that GENESIS doesn't already carry — the peer circle, the stranger-parent introduction at the playground, the ""you are not alone at 3am"" layer — and where's the clean handoff so the two programs braid rather than duplicate?"
connection,research/connection/QUESTION_BANK_EXTENDED.md,C72,bank,"[EXT] **Gaming guilds, Discord servers, MMORPG communities — real connection or its counterfeit?** Millions have their most reliable daily social contact inside a game or a Discord; some of those are deep, years-long, load-bearing friendships and some are parasocial hamster wheels. What do the *working* ones get right that the run club also gets right (shared purpose, repetition, roles, showing up for each other) — and can the city learn from that design instead of dismissing screens, while being honest about the ones that are just another loneliness machine wearing a headset (the EDU S5 addiction crossing)?"
connection,research/connection/QUESTION_BANK_EXTENDED.md,C73,bank,"[EXT] **Online-to-offline conversion.** A huge share of real friendships now *start* on a screen. Instead of shaming the screen, how does the city build the *bridge* — the meetup that turns a Discord into a Thursday-night table, the app whose success metric is deletion because you now have people (the anti-engagement metric) — and what's the honest failure mode (the online tie that never survives contact with an in-person meet, the safety risk of stranger-to-meatspace)?"
connection,research/connection/QUESTION_BANK_EXTENDED.md,C74,bank,"[EXT] **Where is Toronto ACTUALLY at — the honest baseline story.** Not the vibe, the numbers: loneliness and belonging prevalence (the sources SCAN verifies — Toronto Foundation Vital Signs, GenWell, StatCan social-connection data), social-trust levels, the *inventory* of third places per neighbourhood (how many have vanished), the economics of the festival sector, and the hard data on nightlife/venue collapse. What baseline exists, what is simply not being measured, and what's the honest one-paragraph state-of-connection a Torontonian would recognize as true rather than as advocacy?"
connection,research/connection/QUESTION_BANK_EXTENDED.md,C75,bank,"[EXT] **The city connection metric that avoids surveillance.** What single dashboard could a city govern by — a ""belonging index"" reported like air quality — built entirely from *aggregate, opt-in, self-reported* data, so it measures the *health of the whole* without ever mapping an individual's connections, faith, or loneliness (the data-minimalism line the pack draws in C47)? What are the three or four indicators worth tracking, what's the refusal (no individual social graph, ever, for any metric), and how do we keep a ""belonging score"" from becoming a target that gets gamed, a ranking that shames neighbourhoods, or a wedge?"
connection,research/connection/QUESTION_BANK_EXTENDED.md,C76,bank,"[EXT] **Proving it's worth funding without overclaiming.** A Treasury skeptic asks why the city should pay for connection. The health-economics case is real but conditional — isolation tracks with worse health and higher system cost, and the loneliness-intervention and social-prescribing evidence is genuinely mixed. How do we make the honest ROI argument (the cost of loneliness, the savings from social prescribing, graded FOR and AGAINST) that convinces a budget without promising a carrot cures despair — and what's the one measurable pilot that would actually move a decision-maker?"
connection,research/connection/QUESTION_BANK_EXTENDED.md,C77,bank,"[EXT] **Role transformations, and partners-never-adversaries for the whole affected economy.** C42 lists individuals; go to the *industries*. What do the app companies whose business model *is* monetized loneliness become — adversaries, acquisition targets, or partners who could pivot (and would they)? What do the wedding-and-events industry, the hospitality workforce (the HARVEST H51 crossing), the DJ/promoter economy, and the faith leaders with shrinking flocks become in a connection-first city — each named honestly, including what each stands to lose, so ""partners-never-adversaries"" is a real transition plan and not a slogan we say to the people we're about to disrupt?"
connection,research/connection/QUESTION_BANK_EXTENDED.md,C78,bank,"[EXT] **Making the connection-virtues aspirational.** How do we make *being a great host, a reliable regular, the person who remembers everyone's name, the elder in a kid's life* into high-status identities a 19-year-old actually wants — the way the culture made the influencer and the founder aspirational? Is the model an anti-influencer (status for showing up, not for performing), and how do we do that without turning genuine hospitality into another content-farm of performed community that curdles into exactly the kitsch C46 warns against?"
connection,research/connection/QUESTION_BANK_EXTENDED.md,C79,bank,"[EXT] **Practice culture and gamified progression — with the poison named.** The founder frames dating as practice (C29) and the movement runs Game of Life 3.0 skill-trees; is there a *belonging* progression — visible mastery of hosting, connecting, showing up — that makes the connection-virtues legible and leveling-up? And the hard counter-question the founder always wants asked back: does gamifying *this particular domain* poison it — do streaks, points and leaderboards turn friendship into a KPI and a chore, the way step-counting can ruin a walk — and where's the line between motivating and metricizing the one thing that dies when it's measured?"
connection,research/connection/QUESTION_BANK_EXTENDED.md,C80,bank,"[EXT] **Taking money out — the full un-commodification stack.** Celebration is cheap and connection is free, yet gathering costs fortunes (C44). Un-commodify the *whole stack*: the venue (the 10,000 living rooms unlocked), the host (paid or honored?), the food (the HARVEST seam), the discovery (the non-extractive graph), the insurance and permits that quietly price out the block party. What does the ABUNDANCE-crossing model actually pay for — the hub, the human routers, the halls — and what's the honest answer to ""if it's free, who pays, and what do they get to control?"""
connection,research/connection/QUESTION_BANK_EXTENDED.md,C81,bank,"[EXT] **Fast-but-safe, for the whole program, not just the first 90 days.** Extending C45: the founder always wants the fastest-possible-but-only-as-fast-as-safe transition. For a program whose ""product"" touches lonely, isolated, grief-struck and community-burned people, what is the sequencing that lets us move fast on the *cheap, safe, joyful* layers (open a hall, start a potluck, unlock a park) while the two-key ethics gate holds firm on the *dangerous* layers (any intervention that identifies real vulnerable individuals, any peace-table that could import a conflict, any use of the network-capital data)? What is the ordered list of what ships first and what must never be rushed, and who ha"
connection,research/connection/QUESTION_BANK_EXTENDED.md,C82,bank,"[EXT] **Connection as the underlying answer — what CONNECTION owes the other 16 programs.** DR3 closed on ""disaster response is a connection problem at maximum rupture""; EDU's answer to addiction is connection; the movement's whole frame is fear→love. If CONNECTION is the *substrate* of the entire program series and not merely a peer to it, what does that mean operationally — does CONNECTION own a doctrine every other program imports (the connection underneath everything, the HARVEST-apron insight generalized), or a shared layer they all draw from, and where's the boundary that keeps it from either bloating into ""the program that eats all the others"" or dissolving into a slogan no one is acc"
connection,research/connection/QUESTION_BANK_EXTENDED.md,C83,bank,"[EXT] **Falsification, pre-registered — the kill-criteria.** Extending C49 into the founder's own DR3 discipline: before we build, name the results that would prove us wrong. What measured outcome would show that engineered connection *doesn't move* loneliness or belonging (the null result)? What would show the program had *become the problem* — a clique that excludes, a surveillance tool despite the promises, a voter funnel the neutrality firewall failed to stop, a forced-fun machine people flee? Can we pre-register those kill-criteria now, publicly, so we're bound by them later — and who is empowered to declare the thesis falsified and wind the program down?"
connection,research/connection/QUESTION_BANK_EXTENDED.md,C84,bank,"[EXT] **The right to NOT connect.** Solitude is also health; some people are well and happy alone, and some who were hurt by their village are safest at a distance from one (the C48 population). How does a program whose entire thesis is *more connection* honor *chosen* aloneness — connection offered, never mandated, never a compliance metric, never a nudge that shades into pressure — while still reaching the person who is isolated and *suffering* and would say yes if anyone asked? Where exactly is the line between an invitation and a coercion, and who decides which side a given design is on?"
connection,research/connection/QUESTION_BANK_EXTENDED.md,C85,bank,"[EXT] **The firewall that has to be structural, not a pledge.** This is the sharpest neutrality question in the whole program: a movement with an election-adjacent frame, building a map of the city's connections, faiths, and proximity-to-power, is building the single most perfect voter-targeting-and-mobilization asset imaginable — and ""we promise we won't"" is not a control. What is the *structural* wall (data held by whom, under what irrevocable legal form, auditable by whom, with what separation between the connection graph and anything that could ever touch a campaign) that makes voter-capture *impossible* rather than merely *prohibited* — and if no such wall can be built, does that failur"
dr3,research/dr3/QUESTION_BANK_EXTENDED.md,DR1,bank,"How do we stand up a genuine **virtual remote support centre for Toronto and Ontario** — wildfires, flooding, ice storms, heat, pandemics, and ""other calamities at home"" — that adds real coordination capacity on day one of an event, rather than being a nice idea that nobody activates when the basement floods and the smoke rolls in? What does ""remote support"" concretely *do* in the first 6 hours of a Don Valley flood or a July heat emergency, and who is it doing it *for* — the city's Office of Emergency Management, a hospital, a neighbourhood, all three?"
dr3,research/dr3/QUESTION_BANK_EXTENDED.md,DR2,bank,"The seed lists the specific local hazards — wildfire smoke drifting down from the north, flooding, ice storms, heat, pandemics. For **each** of these, what is the remotely-doable piece of the response, and what stubbornly is not? Where is the honest line between ""a laptop and a diaspora network in Toronto genuinely helped"" and ""you had to have boots, trucks and a paramedic on the ground""?"
dr3,research/dr3/QUESTION_BANK_EXTENDED.md,DR3,bank,"Where is **Toronto and Ontario emergency management *actually* at today** — not the plan on the website, the real capacity? Ontario's own Auditor General ran critical value-for-money audits of Emergency Management Ontario (2017, 2019) and a COVID-19 preparedness special report (2020), and the Standing Committee on Public Accounts revisited it (2022). What did those actually find about staffing, exercises, plan currency and provincial coordination — and what is the gap between that documented baseline and the ""virtual support centre"" we're proposing to bolt on beside it?"
dr3,research/dr3/QUESTION_BANK_EXTENDED.md,DR4,bank,"What is the **real volunteer base** we'd be recruiting from in the GTA — how many people are already inside Volunteer Corps Ontario, Canadian Red Cross, St. John Ambulance, the ham/ amateur-radio ARES nets, CERT-style neighbourhood teams, faith and mutual-aid networks — and how many of *those* could plausibly do remote information work versus physical response? Are we building on an existing base or imagining one?"
dr3,research/dr3/QUESTION_BANK_EXTENDED.md,DR5,bank,"What are Toronto's and Ontario's **real risks**, ranked honestly by likelihood × consequence — the HIRA (hazard identification and risk assessment) as it actually reads, not the scary-movie version? If the top realistic events are flooding, extreme heat, ice storm, long-duration power loss, wildfire *smoke* (not fire), and pandemic, does DR3's design match that ranking, or are we over-indexing on the dramatic global mission and under-building the boring local one that will actually get activated?"
dr3,research/dr3/QUESTION_BANK_EXTENDED.md,DR6,bank,"What does the **Toronto Office of Emergency Management (OEM) and the city's EOC actually become** if a standing crowd of trained residents can surge remote support into it? Is DR3 a vendor to them, a volunteer arm of them, a parallel civic capacity that hands them a clean common operating picture — or a partner that lets a small municipal team punch far above its headcount on a bad night? Which of those is legally and politically buildable in Ontario, and which is fantasy?"
dr3,research/dr3/QUESTION_BANK_EXTENDED.md,DR7,bank,"How do we make the local theme **matter to a Torontonian on a blue-sky day** — so the network isn't cold-started in a panic during the emergency? What is the everyday, non-disaster reason a person joins and stays: heat-check-ins on elderly neighbours, flood-risk mapping of their own street, cooling-centre wayfinding, smoke-day guidance for asthmatic kids? Is the local resilience layer really a **connection** layer wearing a disaster jacket?"
dr3,research/dr3/QUESTION_BANK_EXTENDED.md,DR8,bank,"Could Toronto's **diaspora communities be the local resilience asset too**, not only the global bridge — the people who know which elderly non-English-speaking residents on the block will not hear the heat warning, will not open the government email, will not evacuate on an official's say-so but will move for a trusted community voice? What might a genuinely multilingual, trust-brokered *local* warning-and-check-in layer look like? ---"
dr3,research/dr3/QUESTION_BANK_EXTENDED.md,DR9,bank,"How do we literally **make Toronto the crowdsourcing hub of the world** for disaster response — what is the thing that would make a mapper in Manila, an analyst in Nairobi, a coordinator in Geneva, or a UN field officer in a flooded delta choose to route work *through Toronto* rather than around it? Is the pitch the crowd, the diaspora, the neutrality, the tech, or the coordination doctrine — and which of those is defensible?"
dr3,research/dr3/QUESTION_BANK_EXTENDED.md,DR10,bank,"The seed says ""not just remotely support — let's also **lead** the world's information management, coordination and logistics work."" What is the difference between *supporting* a response (a VOST feeding a common operating picture) and *leading* one, and is ""leading"" from a Toronto crowd even legitimate — or does leadership have to stay with the affected government and the mandated coordinating body (OCHA, the cluster leads) while we lead the *information layer* beneath them? Where exactly is that line, and does crossing it break do-no-harm?"
dr3,research/dr3/QUESTION_BANK_EXTENDED.md,DR11,bank,"Where is the **existing digital-humanitarian / VOST world actually at** — VOST Europe and the VOST movement, the Digital Humanitarian Network, Standby Task Force, Humanitarian OpenStreetMap Team, Missing Maps, MapSwipe, Ushahidi, GISCorps, CrisisCleanup, Zooniverse/Planetary Response Network? What have they proven works, what has quietly stalled, and what is the honest reason none of them has become ""the crowdsourcing hub of the world""? What do we learn from their plateau before we assume we can clear it?"
dr3,research/dr3/QUESTION_BANK_EXTENDED.md,DR12,bank,"What does a Toronto global hub do that is **genuinely new**, versus re-badging what Standby Task Force, HOT and the DHN already do? Is the novelty (a) the diaspora local-connection layer, (b) the direct donor→field funding rail, (c) the permanent/regenerative recovery arc past the acute phase, (d) the sheer scale of 300×300, or (e) the doctrine that ties them together — and if we can't name a real difference, should we just *join and strengthen* the existing DHN rather than start a rival hub?"
dr3,research/dr3/QUESTION_BANK_EXTENDED.md,DR13,bank,"How do we avoid becoming **one more uncoordinated node in an already-duplicative system** — the exact FUBAR the founder is furious about? If our whole critique is that the sector duplicates and fails to coordinate, what is our binding commitment to interoperate (shared data standards, HDX, the cluster system, VOSOCC) instead of adding a 41st platform that also doesn't talk to the others?"
dr3,research/dr3/QUESTION_BANK_EXTENDED.md,DR14,bank,"What is the **surge-scaling math** of a global hub? On a quiet week the world has small emergencies; then a Türkiye-Syria-scale earthquake or a mega-cyclone hits and demand spikes 100×. How does a Toronto crowd absorb that spike without collapsing — and, harder, how does it *ramp down* honourably afterward without the aid-dependency and permanent-project incentives the founder despises? Is ""fast-but-safe transition"" designed into activation *and* deactivation? ---"
dr3,research/dr3/QUESTION_BANK_EXTENDED.md,DR15,bank,"What are the **specialties** of the 300 teams? The seed leaves the shape open (""or something similar and over time"") — so what is the actual taxonomy: mapping, verification/OSINT, translation, needs-aggregation, logistics/market-scanning, funds-tracking, comms/warning, GIS, data-protection, trauma-informed community liaison, permaculture/appropriate-tech design? How many teams are ""boring backbone"" versus ""frontier,"" and does the mix match where disasters actually need crowd labour?"
dr3,research/dr3/QUESTION_BANK_EXTENDED.md,DR16,bank,"""300 teams of 300 — not by the full The 300 idea."" How is DR3's crowd architecture **deliberately different from The 300** recognition/credit-economy model, and why? Is a disaster crowd better organized as standing specialty teams with surge activation than as an individual leadership pipeline — and what does DR3 borrow from The 300 (credentialing, credit, progression) even while rejecting the full model?"
dr3,research/dr3/QUESTION_BANK_EXTENDED.md,DR17,bank,"How do we **recruit 90,000 people** without it being vapourware? What is the funnel — diaspora associations, universities (York's disaster program, Toronto Metropolitan, U of T), the existing volunteer orgs, professional communities of practice (CRHNet, DRIC), tech and GIS meetups? What is a realistic *first* number — 300 real people who show up for a drill — before we talk about 90,000, and what conversion and attrition rates should we honestly plan around?"
dr3,research/dr3/QUESTION_BANK_EXTENDED.md,DR18,bank,"What does **training and credentialing** look like when the volunteers are remote, global, and unpaid? Can we build a real skill ladder — verified competencies in mapping, verification, data protection, sphere-standard basics, trauma-informed practice — that a UN cluster or an affected government would actually *trust* the output of? Who accredits the accreditor, and how do we avoid credentialing theatre that produces badges but not reliable work?"
dr3,research/dr3/QUESTION_BANK_EXTENDED.md,DR19,bank,"How does **surge activation** actually fire? When a disaster hits at 3am Toronto time, how does the right specialty team wake up, get tasked, and start producing verified product within the hour — the way VOSTs aspire to? What is the on-call doctrine, the activation ladder, the ""who-can-call-a-surge"" authority, and how do we keep 89,000 idle people warm so the 1,000 we need tonight are ready? Concretely: - What is the tiered on-call model — a small always-warm duty cell that can hold the first hour, a next-ring of pre-tasked specialists, then the broad crowd — so we're never cold-starting from zero? - Who is authorized to declare an activation, at what threshold, and how do we avoid both ove"
dr3,research/dr3/QUESTION_BANK_EXTENDED.md,DR20,bank,"What is the honest answer to **retention** — the graveyard of every volunteer network? Digital-humanitarian deployments spike during a big event and then people melt away. How do we keep a specialty team engaged across the long quiet stretches: continuous drills, real non-disaster crowdwork (mapping, scam-baiting, OSINT-for-good), progression, community, credit? Is retention a design problem or a *meaning* problem?"
dr3,research/dr3/QUESTION_BANK_EXTENDED.md,DR21,bank,"What is our **duty of care and trauma protection** for volunteers who will process images and testimony from atrocities, mass-casualty scenes, genocide-prevention monitoring and child-exploitation-adjacent scam material? Content moderators and OSINT investigators get PTSD; we cannot recruit 90,000 people into vicarious trauma and call it empowerment. What are the mandatory guardrails — exposure limits, rotation, psychological first aid, screening, opt-out, professional support — and are they *funded and enforced*, not aspirational?"
dr3,research/dr3/QUESTION_BANK_EXTENDED.md,DR22,bank,"How do we handle **quality, verification and the misinformation problem inside our own crowd**? A crowd of 90,000 is also an attack surface — for bad data, for infiltration in conflict/revolution contexts, for well-meaning error that gets someone targeted. What is the verification doctrine (multiple independent confirmations, provenance, adversarial review) that lets an affected government trust a crowd-sourced map or casualty figure — and what is the failure mode we most fear?"
dr3,research/dr3/QUESTION_BANK_EXTENDED.md,DR23,bank,"What does a **300-person team's internal life** look like — leadership, rotation, onboarding, mentorship, the ""sergeants"" who hold it together between activations? Is a team of 300 a real social unit or a spreadsheet? What is the span-of-control doctrine (does 300 break into squads of ~10-30 under team leads), and where does it borrow from the Purok block-coordinator model and from military/ICS structures without becoming either? ---"
dr3,research/dr3/QUESTION_BANK_EXTENDED.md,DR24,bank,"How much of disaster response is **genuinely an information/coordination/logistics problem that can be done remotely** — and how do we prove that percentage rather than assert it? What does the record show about which functions crowds and remote teams have actually delivered (mapping, needs assessment, damage analysis, market monitoring, translation) versus which irreducibly need physical presence, and where exactly does ""supported remotely"" hand off to ""local responders on the ground""?"
dr3,research/dr3/QUESTION_BANK_EXTENDED.md,DR25,bank,"The seed says funds ""could be immediately released to buy materials in **local or nearby markets**,"" and that response and rebuilding should ""**localize the spend** to most improve and benefit the impacted communities."" How do we build a remote logistics and market-scanning capability that finds what's available locally, at what price, and routes money to buy it there — instead of the airlifted-goods, imported-consultants model? What does the evidence say about cash- and-markets and local procurement (CALP, the cash-transfer literature) actually working?"
dr3,research/dr3/QUESTION_BANK_EXTENDED.md,DR26,bank,"What is the **common operating picture** DR3 produces, and who consumes it? If our core product is information, what is the actual deliverable — a live map, a needs dashboard, a funds-tracker, a verified situation report — and how does it plug into OCHA's tools (GDACS, VOSOCC, ReliefWeb, HDX), the cluster leads, the affected government, and the donors, so it *reduces* fragmentation instead of adding a screen nobody looks at?"
dr3,research/dr3/QUESTION_BANK_EXTENDED.md,DR27,bank,"How do we do **needs aggregation at scale** the way the seed imagines — AI chatbots over SMS, IVR, WhatsApp ""or any channel,"" turning unstructured messages from affected people into a structured, deduplicated, prioritized picture of who needs what where? What's the state of the art here, what breaks in low-connectivity/low-literacy/multilingual settings, and how do we keep the affected person a *participant* in the assessment rather than a data-extraction target? In detail: - How does an AI aggregation layer avoid amplifying the loudest and most-connected while missing the elderly, the disabled, the offline and the non-dominant-language speakers — the exact people a disaster hits hardest? - "
dr3,research/dr3/QUESTION_BANK_EXTENDED.md,DR28,bank,"What does the **logistics profession become** when a Toronto crowd can remotely run market-scanning, route-planning, warehouse-and-fleet optimization, and last-mile coordination with local responders? Is the logistician of DR3 an orchestrator of local capacity and cash rather than a mover of imported pallets — and what proof do we have that remote-coordinated, locally-procured logistics is faster *and* cheaper *and* better for the local economy?"
dr3,research/dr3/QUESTION_BANK_EXTENDED.md,DR29,bank,"How do **drones, sensors, satellite and AI** fit the remotely-doable core honestly — damage mapping, flood extent, crowd estimation, route clearance assessment — without over-claiming? Where does AI-assisted analysis genuinely compress the timeline from event to decision, and where is it a shiny distraction from the fact that someone still has to physically deliver water? What is the appropriate-tech discipline that keeps us from tech-for-tech's-sake? ---"
dr3,research/dr3/QUESTION_BANK_EXTENDED.md,DR30,bank,"How do we turn Toronto's **diaspora networks into the local-connection layer** that integrates community responses with the NGO, governmental and international responses? When a disaster hits a country, how do we activate the Toronto community *from* that country — their language, their family-and-hometown ties, their knowledge of which local NGO is real and which is a front — as the trusted bridge between the international machine and the affected neighbourhood?"
dr3,research/dr3/QUESTION_BANK_EXTENDED.md,DR31,bank,"What does the diaspora member **become** in DR3 — from ""someone who wires remittances and worries from afar"" to a credentialed local-connection node, a verifier, a translator, a trust- broker, a warning-relayer? How do we honour that this is *their* home and *their* people — agency, not extraction — and avoid turning diaspora anxiety into unpaid labour for a Toronto platform?"
dr3,research/dr3/QUESTION_BANK_EXTENDED.md,DR32,bank,"How do we handle the **hard politics inside diasporas** — that they are not neutral, that homeland conflicts, factions and grievances travel with them, that a diaspora ""local connection"" can also be a partisan actor, especially in the revolution and genocide-prevention contexts? What is the do-no-harm and verification discipline when the local-connection layer has a side, and how do we avoid our neutrality being captured by whoever mobilizes fastest?"
dr3,research/dr3/QUESTION_BANK_EXTENDED.md,DR33,bank,"How does the diaspora layer connect to the **NEWCOMERS ""improve home from here"" thesis** and to remittance and hometown-association flows that already move more money than official aid? Could DR3's funding rail ride *on top of* existing diaspora remittance behaviour — the money is already flowing home; can we make it flow to *verified projects* with *results* attached — rather than inventing a new donor from scratch? ---"
dr3,research/dr3/QUESTION_BANK_EXTENDED.md,DR34,bank,"What does **""Permaculture Aid"" / ""Permanent Aid""** actually mean as a design discipline — applying permaculture systems design and systems thinking to disaster recovery so that what we rebuild is *regenerative* (soil, water, food, energy, local economy, social fabric) rather than a restoration of the fragile status quo? What is the concrete difference on the ground between a permaculture-aid recovery and a conventional reconstruction project?"
dr3,research/dr3/QUESTION_BANK_EXTENDED.md,DR35,bank,"The seed spans the full arc: **emergency → stabilization → early recovery → long- term rebuilding and regeneration.** How does DR3 stay engaged across that whole arc when the entire sector's incentive (and attention span, and funding cycle) collapses after the acute phase? What is the design that makes ""permanent"" real — and how is that *not* the aid-dependency the founder condemns, but its opposite: building local regenerative capacity that no longer needs us?"
dr3,research/dr3/QUESTION_BANK_EXTENDED.md,DR36,bank,"What is the **""appropriate technologies from AI to seeds""** suite — the actual catalogue of high-tech and low-tech solutions we'd curate and deploy: water, sanitation, shelter, energy, food systems, connectivity, health, education? How do we assemble ""the best tech and solutions and education and training the world has to offer"" into a deployable, context-matched kit rather than a dumping ground of donated gadgets?"
dr3,research/dr3/QUESTION_BANK_EXTENDED.md,DR37,bank,"What are the **mycelial design principles** applied to a response network — decentralized, redundant, nutrient-sharing, self-healing, growing toward need? Is ""mycelial"" a genuine architectural discipline for how the 300 teams, the diaspora nodes and the local responders interconnect and reroute around damage, or is it a metaphor we need to either operationalize or drop?"
dr3,research/dr3/QUESTION_BANK_EXTENDED.md,DR38,bank,"How do we keep permaculture-aid from becoming **outsiders imposing a rebuild** on communities who didn't ask for food forests? Regeneration is a values-loaded word; whose vision of ""better"" gets rebuilt? What is the participatory design discipline that keeps the affected community as the author of their own recovery, with DR3 as the toolkit-and-coordination layer, not the architect of their future?"
dr3,research/dr3/QUESTION_BANK_EXTENDED.md,DR39,bank,"What does the **recovery/development professional become** in a permanent-aid model — from a project-cycle manager running a 3-year contract to a long-horizon regenerative-systems steward and local-capacity builder whose success is measured by *how fast the community no longer needs them*? How do we make ""working yourself out of a job"" the actual, rewarded incentive — the exact inversion of the FUBAR the founder describes?"
dr3,research/dr3/QUESTION_BANK_EXTENDED.md,DR40,bank,"Where is the **real evidence** on regenerative and permaculture approaches in disaster and refugee contexts — Rosemary Morrow's work, IDEP Foundation in Bali, Permaculture for Refugees, Field Ready's local manufacturing, Practical Action's appropriate tech? What has actually worked at what scale, what's the honest failure and over-claim record, and what can DR3 responsibly promise versus what is still faith? ---"
dr3,research/dr3/QUESTION_BANK_EXTENDED.md,DR41,bank,"What is **DisasterOS** concretely — the platform that carries dynamic two-way communication at scale, real-time needs aggregation from AI chatbot engagements, direct donor→field fund flows, project identification, and results-based re-funding? What are its actual modules, and which are buildable now versus which are the vision we're honest is years out?"
dr3,research/dr3/QUESTION_BANK_EXTENDED.md,DR42,bank,"How do we build the **direct donor→field funding rail** — money flowing ""directly from donors to projects in the field,"" releasable immediately to buy in local markets — that strips out the layers of intermediary overhead the founder is enraged by, while still keeping the fraud controls, accountability and safeguarding that those layers (imperfectly) exist to provide? What is the honest trade between speed/directness and accountability, and where does the evidence (GiveDirectly, WFP Building Blocks, UNHCR crypto-cash pilots) put the real answer?"
dr3,research/dr3/QUESTION_BANK_EXTENDED.md,DR43,bank,"What does **""funding-follows-results"" / ""reward excellence and put more funds after successful projects to scale them""** look like as a live mechanism — and how do we define ""results"" in disaster contexts without recreating the perverse-metrics problem, where people optimize the number instead of the outcome? Who verifies results, on what evidence, fast enough to matter, and how do we protect small and marginal actors from a system that mathematically rewards those who are already winning?"
dr3,research/dr3/QUESTION_BANK_EXTENDED.md,DR44,bank,"The founder's whole indictment is an **incentive design** claim: ""people/orgs don't fix a problem their salary depends on existing."" So how does DisasterOS's incentive architecture *structurally* reward solving-and-exiting over problem-persistence — the opposite of the contract model where dragging a 1-year job to 4-5 years is ""par for the course""? What is the mechanism that makes the fast, cheap, self-terminating project the *financially rational* one for the field actor, not the punished one? Specifically: - Could a completion-and-exit bonus, or a reputation/credit score that *rises* when a project closes early against a durable outcome, invert the founder's ""collect 4-5 years of salary"" i"
dr3,research/dr3/QUESTION_BANK_EXTENDED.md,DR45,bank,"Does DisasterOS **need web3 at all**, honestly? The seed says ""web3-railed,"" but the goals — traceability, direct transfer, programmable results-based release, donor trust — might be achievable with plainer rails. What does blockchain genuinely add here (auditability, disintermediation, programmable escrow) versus what it adds in complexity, volatility, energy, exclusion of the unbanked and unconnected, and hype? Where's the real WFP-Building-Blocks / crypto-cash evidence, and what's the appropriate-tech-honest answer?"
dr3,research/dr3/QUESTION_BANK_EXTENDED.md,DR46,bank,"What are the **data-protection and do-no-harm constraints on DisasterOS as a first-order design input**, not an afterthought — given it aggregates needs, identities and locations of vulnerable people, sometimes in conflict, revolution and genocide-prevention contexts where a leaked dataset is a target list? What is the data-minimization, consent, encryption and ""delete-by-default"" doctrine, and who is accountable when it fails?"
dr3,research/dr3/QUESTION_BANK_EXTENDED.md,DR47,bank,"How does DisasterOS **avoid the sovereignty and extraction traps** that killed Sidewalk Toronto — a foreign-feeling platform harvesting a community's data and mediating its aid? How does it honour citizen/affected-community data ownership, run small-and-phased, and keep AI *facilitating* rather than deciding who is worthy of help? Is DisasterOS a public good the affected community co-owns, or a platform they're locked into? ---"
dr3,research/dr3/QUESTION_BANK_EXTENDED.md,DR48,bank,"What can we **actually prove** about the system's dysfunction — duplication, poor coordination, slowness, waste, overhead, and aid dependency? What do the real numbers say (overhead ratios, the localization percentage against the Grand Bargain's targets, the share of funding reaching local/national actors, documented duplication and coordination-failure studies from ALNAP's State of the Humanitarian System, ODI/HPG, CGD)? Every claim graded SUPPORTED / PARTIAL / CONTESTED / UNSUPPORTED — where does the evidence back the founder, and where does it not?"
dr3,research/dr3/QUESTION_BANK_EXTENDED.md,DR49,bank,"The founder says the system is **""90% people collecting salaries""** and **""90% of humanitarian workers are on contracts, not permanent staff, so the incentive system is broken""** — and explicitly says *don't cite* the 90%. So what are the **real figures** for contract-versus- permanent staffing, national-versus-international staff ratios, and administrative overhead in the UN and major INGOs? What does the record actually support about the ""contract incentives reward problem persistence"" thesis — is it SUPPORTED, PARTIAL, or an over-generalization of a real but narrower dynamic?"
dr3,research/dr3/QUESTION_BANK_EXTENDED.md,DR50,bank,"How do we handle **""USAID's collapse proves the system was fragile""** as an evidence claim rather than a slogan? What is the documented, sourced account of what happened, what dependency it exposed, and what it does and doesn't prove about the whole system's fragility — with the contested readings flagged as contested and the author's causal leap graded honestly?"
dr3,research/dr3/QUESTION_BANK_EXTENDED.md,DR51,bank,"What is the **strongest steel-man of the existing system** — the thing the founder's fury flattens? What do the clusters, OCHA coordination, the Sphere standards, INSARAG, anticipatory action / forecast-based financing, the Grand Bargain and CALP's cash work *genuinely get right*, and what would break for affected people if a disruptor swept them away? A reform that can't state the steel-man isn't ready to reform anything. Where is the existing system actually *good*, and how do we build on it rather than around it?"
dr3,research/dr3/QUESTION_BANK_EXTENDED.md,DR52,bank,"How do we run this critique as **partners-never-adversaries** — UN staff, NGO workers and EM officials as ""mostly good-intentioned people working hard in a broken system,"" exactly as the founder frames them, not as enemies? What is the transition path that treats the 400,000+ people who work in this sector as partners whose skills and institutional knowledge we *need*, offering them a better system to move *into* rather than a pink slip? What does ""fast-but-safe transition"" mean for a career humanitarian?"
dr3,research/dr3/QUESTION_BANK_EXTENDED.md,DR53,bank,"What is the **honest risk that DR3 recreates the very dysfunctions it condemns** — a Toronto platform that becomes its own bureaucracy, its own salary base, its own persistence- incentive, its own duplication? What are the self-critique tripwires and independent-evaluation commitments (an ALNAP-style honest self-assessment) that keep us accountable to our own standard, and who is empowered to say ""DR3 is now part of the problem""? ---"
dr3,research/dr3/QUESTION_BANK_EXTENDED.md,DR54,bank,"What does a **city-wide EOC (Emergency Operations Centre) doctrine** look like when every neighbourhood, not just City Hall, has a standing coordination capability — a Purok-style block layer feeding ward-level nodes feeding the municipal OEM? How do we design a nested, ICS-compatible command-and-coordination doctrine that a crowd can plug into during an event and that the professionals actually recognize and trust?"
dr3,research/dr3/QUESTION_BANK_EXTENDED.md,DR55,bank,"How do we make **mutual aid a standing piece of civic infrastructure** rather than the thing that spontaneously appears after the flood and dissolves by spring? What is the connective tissue — the roster, the drills, the resource caches, the communications fallback, the trained block coordinators — that keeps a mutual-aid network *warm* between disasters, and how does DR3 support it without bureaucratizing the very grassroots quality that makes mutual aid work?"
dr3,research/dr3/QUESTION_BANK_EXTENDED.md,DR56,bank,"How does DR3's local EOC doctrine **feed the meta-sprint's ""everyone teaches what they mastered"" year** — so that a Torontonian who trained as a flood-mapping team lead becomes a teacher of that skill to a global audience? Is the local resilience layer also the *training ground* that credentials the people who then serve the global VOST hub — one pipeline, two theatres? ---"
dr3,research/dr3/QUESTION_BANK_EXTENDED.md,DR57,bank,"The seed says DR3 supports **""revolutions""** and **genocide prevention** worldwide. So who decides **which** revolutions and which populations we help — and by what legitimacy? What is the doctrine for neutrality versus solidarity: is DR3 a neutral humanitarian actor (which classically means *not* picking sides in a revolution) or an explicitly values-aligned one (which means it does)? Can it be both in different theatres, and if so what governs the switch — because getting this wrong gets people killed or gets DR3 branded a foreign-interference operation?"
dr3,research/dr3/QUESTION_BANK_EXTENDED.md,DR58,bank,"What are the **legal, safety and do-no-harm boundaries on genocide-prevention and atrocity-monitoring crowdwork** — the OSINT, the evidence preservation, the early-warning analysis? Toronto's own Sentinel Project works exactly this space; what have they and the wider field (Bellingcat-style verification, atrocity-documentation standards) learned about protecting sources, avoiding false alarms that inflame, preserving evidence to legal standards, and not painting targets on the people we're trying to protect? Where is the line between witnessing and endangering?"
dr3,research/dr3/QUESTION_BANK_EXTENDED.md,DR59,bank,"What are the **legal and ethical lines on scam-baiting and counter-scam crowdwork** — the ""non-disaster crowdwork"" the seed floats? Volunteer anti-scam communities (GASO against pig-butchering, Trace Labs' missing-persons CTFs, Scammer Payback / 419 Eater) operate in a genuine grey zone: unauthorized access, entrapment, doxxing, retaliation and straightforward vigilantism risk. What can a Toronto crowd legally and ethically do here, what must it never do, and where does ""counter-scam for good"" cross into the crime it's fighting? Should this be in DR3 at all, or is it a scope-creep that endangers the core mission?"
dr3,research/dr3/QUESTION_BANK_EXTENDED.md,DR60,bank,"How does DR3 protect itself and its volunteers from being **weaponized or infiltrated** in these high-stakes theatres — a revolution's opposing side seeding false reports, a génocidaire regime mapping our monitors, a scam syndicate retaliating against a baiter, a state calling our crowd a hostile information operation? What is the operational security, legal-jurisdiction and volunteer-safety doctrine, and what theatres do we simply refuse to enter because we cannot keep people safe? Consider: - What is the identity and location protection for volunteers who may sit in Toronto but whose diaspora ties make them, and their families back home, reachable by a hostile actor? - How do we red-team o"
dr3,research/dr3/QUESTION_BANK_EXTENDED.md,DR61,bank,"Who holds the **authority to draw and enforce these boundaries** — an ethics board, an affected-community veto, a legal review gate before any activation in a contested theatre? ""Who decides whom we help"" cannot be answered by a crowd vote or a platform algorithm in genocide and revolution contexts. What is the governance that is legitimate, fast enough to be useful, and accountable — and how does it stay honest when the pressure to act is overwhelming? ---"
dr3,research/dr3/QUESTION_BANK_EXTENDED.md,DR62,bank,"What does each **role become** in DR3, stated plainly? The humanitarian professional becomes a coordinator-of-local-capacity and mentor rather than an implementer-of-imported-projects; the EM official becomes the conductor of a vast trained civic reserve rather than the overwhelmed holder of a thin municipal team; the donor becomes a results-following investor with a live line of sight to the field rather than a report-reading grant-maker; the affected community member becomes the author, first responder and verifier of their own recovery rather than a ""beneficiary."" For each: what has to be true — in trust, credential, tooling and law — for the transformation to be real and not rhetoric?"
dr3,research/dr3/QUESTION_BANK_EXTENDED.md,DR63,bank,"How do we make **preparedness, service and response-mastery aspirational — genuinely ""sexy""**? How does being a credentialed flood-mapping team lead, an OSINT verifier or a permaculture- recovery designer become something a young Torontonian *wants* on their identity, the way people want to be developers or founders? What is the status, story, aesthetic and belonging that turns civic disaster-service from worthy-but-dull into aspirational — and how do we do that without glamorizing other people's catastrophes?"
dr3,research/dr3/QUESTION_BANK_EXTENDED.md,DR64,bank,"What does a **gamified practice culture and skill-tree progression** for response skills look like — the Game-of-Life-3.0 MMORPG idea applied to disaster response? Real drills and exercises (a Toronto flood tabletop, a global mapping sprint) that award verified competencies; a visible skill tree from novice mapper to surge-team lead to instructor; leaderboards and credit that motivate without turning real suffering into points. How do we build a culture where the 300 teams *train like athletes* between events — so that when the real activation comes, the reflexes are already there — and how do we keep the game respectful of the deadly-serious thing it's rehearsing? ---"
dr3,research/dr3/QUESTION_BANK_EXTENDED.md,DR65,bank,"How do we make **AI-enabled decentralized regenerative permanent aid ""Canada's next Peacekeeping""** — a genuinely Canadian contribution to the world the way Pearson's peacekeeping and Douglas's medicare were — rather than a Toronto tech pitch wearing a maple leaf? What is the honest national-story framing that is inspiring without being nationalist, and that the rest of the world receives as a gift rather than an imposition?"
dr3,research/dr3/QUESTION_BANK_EXTENDED.md,DR66,bank,"What does **""revolutionize disaster response"" measurably mean** — the founder's own top-line claim? If in a decade DR3 has succeeded, what numbers moved: time from onset to first verified needs picture; share of funds reaching the field directly; share spent in local markets; localization percentage; speed and cost per household rebuilt; recovery durability and community self-sufficiency; lives and livelihoods protected? What is the honest measurement framework that would let us — and our critics — tell whether we revolutionized anything or just added another platform? And crucially, what would count as **falsification** — the result that would tell us the whole thesis was wrong?"
dr3,research/dr3/QUESTION_BANK_EXTENDED.md,DR67,bank,"If **connection is the underlying answer** running through this whole program — the diaspora's connection to home, the volunteer's connection to meaning, the donor's connection to the field, the affected community's connection to help and to each other — then what is the one thing DR3 must get right above all the tech, the funding rails and the doctrine? Is DR3, underneath the disaster-response language, a machine for **rebuilding severed human connection at the moment of maximum rupture** — and if that's the real thesis, does every design decision above serve it, or do some of them (the platform, the metrics, the scale) quietly work against it? ---"
education,research/education/QUESTION_BANK_EXTENDED.md,EDU-Q45,bank,"You named nine literacies — basic, numeracy, digital, AI, coding, cultural, scientific, historic, linguistic. Before we design a single thing: what's Toronto and Ontario's HONEST baseline on each one, for youth AND adults, measured not imagined? Where does the data already exist (EQAO, PIAAC/adult literacy, StatCan ⚠️) and where is there simply no number at all — because the literacies nobody measures (AI literacy, civic literacy, cultural literacy) may be exactly the ones deciding whether we can hold the next decade's conversations?"
education,research/education/QUESTION_BANK_EXTENDED.md,EDU-Q46,bank,"Basic literacy and numeracy are the floor everything stands on, and the quiet truth is a real share of adults in a rich city can't comfortably read a lease or do the math on a loan ⚠️ — not because they're incapable, because the system passed them by. How do we find those neighbours with dignity, not a test that shames them, and meet them exactly where they are (Q37) — and is ""every Torontonian can read, write, and reckon, at any age, no shame in starting at 40"" a flat civic-floor promise the way water competence or the vote is?"
education,research/education/QUESTION_BANK_EXTENDED.md,EDU-Q47,bank,"Digital and AI literacy are the new dividing line — not ""can you use an app"" but ""do you understand what the machine is doing to you, deciding for you, and learning about you?"" Where are we ACTUALLY at, across the age range, from the kid who's fluent-but-manipulated to the elder locked out entirely (ELDERS seam)? And if AI literacy is now as foundational as reading, what does it even mean to be AI-literate — using the tools, or seeing through them?"
education,research/education/QUESTION_BANK_EXTENDED.md,EDU-Q48,bank,"Coding literacy is shifting under our feet: in an AI era, is the point still learning to write code, or learning to think computationally, to direct machines, to know what's possible and what's easy? What's the honest baseline, what's the honest FUTURE need (before we teach a million people a skill the frontier just automated ⚠️), and how do we tell durable computational thinking from a syntax fad?"
education,research/education/QUESTION_BANK_EXTENDED.md,EDU-Q49,bank,"Cultural, historic, and linguistic literacy are the ones a diaspora city should be RICHEST in and might be poorest in — millions of us carry languages, histories, and cultures the schools never counted. What's the baseline that treats that inheritance as an ASSET (the newcomer who speaks four languages is more literate, not less) rather than a deficit against an English-only yardstick? How do we even measure a literacy the standard test was built to miss?"
education,research/education/QUESTION_BANK_EXTENDED.md,EDU-Q50,bank,"Scientific literacy in an age of confident nonsense — vaccine myths, climate denial, AI-generated everything — may be the survival literacy. But is it a body of facts, or a way of knowing: how to weigh evidence, spot a bad claim, hold uncertainty honestly? Where's Toronto actually at on that discernment (not trivia — judgment ⚠️), and is ""can you tell what's true"" the literacy under all the others?"
education,research/education/QUESTION_BANK_EXTENDED.md,EDU-Q51,bank,"Here's the one nobody puts on the list: EMOTIONAL and RELATIONAL literacy — reading a room, naming a feeling, repairing a rupture, sitting with someone in pain. If connection is the movement's whole answer, is the literacy of connection itself the missing foundation — and would the operator add it as a tenth, given his own thesis? (Composes with the connection vein below.)"
education,research/education/QUESTION_BANK_EXTENDED.md,EDU-Q52,bank,"Financial, legal, health, media, ecological, bodily — the list of ""literacies society struggles with"" doesn't stop at nine. Rather than an ever-growing list, is there a SPINE that runs through all of them — the capacity to learn anything, judge a source, and act — so we teach the root instead of chasing every branch? What's the smallest set of meta-literacies that unlock all the rest (learning-how-to-learn, Q44, is the operator's own candidate)?"
education,research/education/QUESTION_BANK_EXTENDED.md,EDU-Q53,bank,"Take your own thesis literally and make it concrete: what EXPERIENCES teach numeracy — not worksheets, but running a market stall, splitting a bill, building a shelf, keeping a team's stats, cooking for twenty? What experiences teach scientific literacy — growing food, fixing an engine, brewing, tracking weather, caring for a sick animal? If we could name the ten lived experiences that build each literacy, could a childhood be DESIGNED around them instead of around a timetable?"
education,research/education/QUESTION_BANK_EXTENDED.md,EDU-Q54,bank,"The honest counter-question, argued straight: some things really are learned faster by study — you don't discover calculus by vibes, and ""learn by experience"" can leave a kid with confident gaps ⚠️. So where's the true line — which literacies genuinely come from experience (language, numeracy-in-use, judgment, courage) and which need the 1% of theory to unlock the 99% of practice? The point isn't experience OR study; it's knowing which lever moves which literacy."
education,research/education/QUESTION_BANK_EXTENDED.md,EDU-Q55,bank,"If experience is the teacher, then the city itself is the classroom — the market, the workshop, the port, the courtroom, the hospital, the ravine, the kitchen, the stage. How do we turn Toronto into an experiential-learning grid where any young person (or adult) can apprentice into a real thing that's actually happening (the meta-sprint IS the work, per S3)? What's the safeguarding and the mentor-matching that makes ""the city is your school"" real and not just a slogan (EDU-R2)?"
education,research/education/QUESTION_BANK_EXTENDED.md,EDU-Q56,bank,"Experience without reflection is just stuff that happened — the research is pretty clear that the learning is in the DEBRIEF, the naming, the ""what did that teach me"" ⚠️. So what's the practice that turns raw experience into durable literacy: journaling, the after-action review, the elder who helps you make sense of it, the peer circle? Is the reflective loop the actual missing skill — and does everyone need a Jane (Seed 1's META) precisely to help them metabolize what they live?"
education,research/education/QUESTION_BANK_EXTENDED.md,EDU-Q57,bank,"The oldest version of ""literacy from experience"" is apprenticeship, oral tradition, and land-based knowing — Indigenous pedagogies, the guild, the ashram, the kitchen passed down (models scan, EDU-R4). What do these lineages already know about experiential literacy that the classroom forgot, and how do we honor them on their own terms — Indigenous knowledge Indigenous-led and protocol-governed (PROJ-0058), never mined for technique — rather than reinventing what they never lost?"
education,research/education/QUESTION_BANK_EXTENDED.md,EDU-Q58,bank,"Start with the conditioning itself: how did we teach a whole society to WAIT to be taught — to sit still, raise a hand, need a syllabus, a teacher's permission, a paid course before we're allowed to begin? Where does that get installed (the school bell, the grade, the credential), and what would it take to UN-install it — to raise curious, self-starting learners who assume the door is already open? What's the smallest early experience that flips a kid from ""teach me"" to ""watch me find out""?"
education,research/education/QUESTION_BANK_EXTENDED.md,EDU-Q59,bank,"""Nobody can teach us, we have to choose to learn"" — if that's true, then MOTIVATION is the whole game, and every dollar spent making learning available is wasted on a person who hasn't chosen. So what actually makes someone choose? Curiosity, a live problem they care about, a mentor who believes in them, a peer group, a game (H below)? Is the real reform not better teaching but better IGNITION — and what does the evidence say about what lights that fire versus what smothers it (grades, ranking, fear ⚠️)?"
education,research/education/QUESTION_BANK_EXTENDED.md,EDU-Q60,bank,"Guided discovery is the operator's alternative — ""AI- and human-guided discovery and learning is faster."" But the research on pure discovery learning is genuinely mixed: novices often flounder without structure ⚠️, and ""figure it out yourself"" can privilege the kid who already had a head start. So what does GUIDED discovery mean precisely — enough scaffold that a beginner isn't lost, enough freedom that they're driving? Where's the honest line between empowering discovery and abandoning a learner to the illusion of it?"
education,research/education/QUESTION_BANK_EXTENDED.md,EDU-Q61,bank,"If we're choosing to learn, ""shouldn't we do so in the most optimal way(s) possible?"" — so what ARE the optimal ways, taught to everyone as a first literacy: spaced repetition, retrieval practice, the memory palace, deliberate practice, speed reading's real-vs-hype ⚠️, how to pick a source, how to use an AI tutor well (Q44's whole list)? Is ""how to learn"" itself the course we've never taught — and if every Torontonian had it, would everything else get faster?"
education,research/education/QUESTION_BANK_EXTENDED.md,EDU-Q62,bank,"The shadow of ""nobody can teach us"": self-directed learning can become self-directed isolation, a person alone with a screen, an echo chamber of their own choosing, or a privilege only the already-supported can afford (the kid with a chaotic home can't just ""choose to learn""). How do we keep discovery from becoming abandonment or a new inequality — is the human guide, the mentor, the village (PROJ-0049) the thing that makes self-direction safe, so freedom-to-learn never means left-alone-to-fail?"
education,research/education/QUESTION_BANK_EXTENDED.md,EDU-Q63,bank,"He named the tension without resolving it: total learning freedom, but ""reading many of the same books"" so we share frameworks. So what's the CANON — and who chooses it, on what authority, without it becoming one culture's reading list imposed on a city of the whole world? Is there a way to build a shared foundation that's genuinely co-authored by Toronto's many traditions rather than inherited from one (the honest FOR/AGAINST on any canon — who's in, who's left out)?"
education,research/education/QUESTION_BANK_EXTENDED.md,EDU-Q64,bank,"What is a ""common framework"" actually FOR — so we can disagree productively, negotiate, hold a hard conversation without talking past each other (Seed 1's ""capably hold global conversations with billions"")? If that's the purpose, the canon isn't about the ""great books,"" it's about shared MENTAL MODELS — how systems work, how to reason about evidence, how power moves, how to sit with difference. What's the minimum shared toolkit that lets three million different people actually think together?"
education,research/education/QUESTION_BANK_EXTENDED.md,EDU-Q65,bank,"Reading ""the same books"" in a city of a hundred mother tongues — is the shared canon in English, or is it a set of IDEAS available in every language, so a Tamil grandmother and a Somali teenager and a fifth-generation Torontonian can all hold the same frameworks in their own words (linguistic literacy, Q49)? How do we build a common foundation that unites without erasing — and does translation-at-scale (an AI capability now) finally make a genuinely multilingual shared canon possible for the first time?"
education,research/education/QUESTION_BANK_EXTENDED.md,EDU-Q66,bank,"A canon can calcify — yesterday's shared truths become today's blind spots, and ""the books everyone reads"" can quietly become the books nobody questions. How does the shared framework stay ALIVE — revisited, argued with, added to by each generation (EDU-P13, nothing about youth without youth) — rather than frozen? Is the healthiest common framework one that teaches you how to eventually outgrow it?"
education,research/education/QUESTION_BANK_EXTENDED.md,EDU-Q67,bank,"""Over the next few months"" is the audacious part — not a generational reform, a SPRINT to the most future-literate population on Earth. Is that even possible, and what would it actually take (Q28b's re-education sprint at scale)? What's the honest version — you can't rebuild K-12 in months, but you CAN put a world-class AI tutor and a human guide in every willing adult's hands next quarter. Where's the fast, real win versus the slow, deep rebuild — and how do we run both at once without the fast one becoming hype?"
education,research/education/QUESTION_BANK_EXTENDED.md,EDU-Q68,bank,"TPL-on-steroids: the library is already the people's university, trusted, free, and everywhere (⚠️ the TPL AI Upskilling Initiative is already a flagged partner, AUTOMATA seam). What does ""steroids"" mean concretely — an AI guide at every branch, a recommendation engine for the world's best free learning, a maker-and-experience grid, a human-plus-machine tutor for anyone who walks in? How do we modernize the most-loved public institution we have WITHOUT losing the exact humanness (the librarian who knows you) that makes it trusted?"
education,research/education/QUESTION_BANK_EXTENDED.md,EDU-Q69,bank,"The META ask — ""a system like you, Jane, for every Torontonian,"" flexible, life-long, spanning them, their kids, their parents, their community (PROJ-0066). What does everyone actually get: a tutor, a coach, a memory, a guide to tools and books they've never heard of, a companion through the Game of Life (H) — or all of it? And the hard part first: who OWNS that system and the intimate data it holds (the TorontoOS data-sovereignty inheritance ⚠️), so a Jane-for-everyone serves the person and never quietly serves whoever pays for it?"
education,research/education/QUESTION_BANK_EXTENDED.md,EDU-Q70,bank,"""Information about all the amazing world-class technologies and tools and books out there that they haven't heard of"" — the discovery problem. Most people don't know what they don't know, and the best free learning on Earth sits unused because nobody pointed them to it. Is the missing layer a CURATION-AND-DISCOVERY engine — the anti-algorithm, tuned to grow you rather than hook you (H's honest FOR/AGAINST) — and how do we make sure it surfaces the genuinely great and not just the well-marketed?"
education,research/education/QUESTION_BANK_EXTENDED.md,EDU-Q71,bank,"Radical AI-era reform, the honest scope (Q16): if AI can give every person a patient, brilliant, infinitely available tutor (Bloom's 2-sigma, Q13's seam ⚠️), what parts of the old system become obsolete, what parts become MORE important (the human, the embodied, the communal), and what parts must never be automated (AUTOMATA's reserved-to-humans logic — the teacher who sees the kid)? What's the reform that takes the machine's gift without losing the child to a screen?"
education,research/education/QUESTION_BANK_EXTENDED.md,EDU-Q72,bank,"""The knowledge / learning / education / experiential capital of the world"" — what would it actually mean for Toronto to be that, and how would we KNOW (measure, don't target — Goodhart)? Is it a city where the world comes to learn BECAUSE everyone lives here (the diaspora as the faculty, AGORA's global-facilitation seam), where learning is the civic identity the way finance or film is elsewhere? What's the flagship that makes the claim real rather than a branding line?"
education,research/education/QUESTION_BANK_EXTENDED.md,EDU-Q73,bank,"If ""nobody can teach us, we have to choose to learn,"" the teacher's job just changed at the root — not the sage delivering content (the AI does that patiently and infinitely now), but the one who IGNITES the choosing (Q59), guides the discovery (Q60), and sees the kid no machine can see. What's the honest, exciting name for that new role — coach, mentor, facilitator, gardener of curiosity (Q1) — and how do we design it WITH teachers as the profession's own upgrade, not a demotion done to them?"
education,research/education/QUESTION_BANK_EXTENDED.md,EDU-Q74,bank,"Teachers are being told AI will replace them, and that fear is real and reasonable ⚠️ — so the partners-never-adversaries thesis has to answer it honestly, not wave it away. What's the deal that makes a teacher's life BETTER: AI takes the grading, the prep, the drill, the paperwork; the human keeps the relationship, the belief, the accountability, the being-seen (AUTOMATA's role-transformation pattern)? And when there's more teaching to do than ever in a re-literate city (E), is the workforce story actually one of MORE teachers, better paid, doing the human part?"
education,research/education/QUESTION_BANK_EXTENDED.md,EDU-Q75,bank,"Unions are partners with a real interest in their members' security (Q12, EDU-R6), and a reform that threatens jobs will meet fair resistance. How do we bring the labour case INSIDE the design from day one — co-designing the new role, the retraining, the protections — so the people who've held public education together are the ones who lead its transformation rather than the ones it's done to? What does a genuinely union-authored AI-era teaching contract look like?"
education,research/education/QUESTION_BANK_EXTENDED.md,EDU-Q76,bank,"In the older-teach-younger world (Q34, and L below), EVERYONE becomes a teacher part of the time — the 13-year-old, the elder, the peer, the neighbour (PROJ-0049's village). So does ""teacher"" stop being a scarce professional class and become a thing we all DO, with the professionals as the master-teachers who train the rest? How do we honor the profession while democratizing the act — so teaching is both a revered craft and everyone's civic muscle?"
education,research/education/QUESTION_BANK_EXTENDED.md,EDU-Q77,bank,"""Life is 99% practice, 1% theory"" — take it literally for learning: what does it mean to build an EDUCATION that's 99% doing and 1% being told? Not ""learn about writing,"" but write every day; not ""study a language,"" but speak it badly until you don't. Where has schooling inverted the ratio — 99% theory, 1% practice — and what's the redesign that flips it back for reading, numeracy, science, every literacy in section A?"
education,research/education/QUESTION_BANK_EXTENDED.md,EDU-Q78,bank,"The science actually backs him (mostly): deliberate practice, retrieval, spacing, and ""learning by doing"" beat passive study for durable skill ⚠️ (Ericsson, the testing effect). But practice can also be mindless repetition that entrenches error. So what makes practice DELIBERATE — the feedback loop, the edge-of-ability challenge, the coach or AI that catches the flaw (Q42 seam)? Is teaching the city HOW to practice, not just to practice, the actual unlock?"
education,research/education/QUESTION_BANK_EXTENDED.md,EDU-Q79,bank,"A practice culture needs practice GROUND — the dojo, the studio, the maker-space, the writing room, the third place where showing up daily is normal (Q31b's third spaces). Where does a young person or an adult actually GO to practice their literacies the way an athlete goes to the gym (SPORT's Mysore-room seam)? Is the missing infrastructure not curriculum but PLACES — and could every library, school-after-hours, and rec centre become a practice hall for the mind?"
education,research/education/QUESTION_BANK_EXTENDED.md,EDU-Q80,bank,"""99% practice"" cuts against everything a credential-and-exam system rewards — we test the 1% (do you know it?) and ignore the 99% (can you do it, over and over, for years?). How do we assess practice honestly (Q22, EDU-R7) — portfolios, demonstrated mastery, show-your-work over the one-shot exam — and make consistency itself visible and honored, so the kid who practiced daily for a year outranks the one who crammed for a test?"
education,research/education/QUESTION_BANK_EXTENDED.md,EDU-Q81,bank,"Game of Life 3.0 wants MMORPG skill-trees for real literacies (Q28) — you level up numeracy, unlock a language, earn a reading quest-line, see your practice accumulate. What does a progression system feel like that makes getting more literate as compelling as leveling a character — and which real literacies (A) map cleanly onto skill-trees versus which ones (emotional, Q51; wisdom) resist gamification entirely and would be cheapened by it (Q28's ""which should NEVER be gamified"")?"
education,research/education/QUESTION_BANK_EXTENDED.md,EDU-Q82,bank,"Here's the built-in shadow, argued straight: the exact mechanics that make a game compelling — variable rewards, streaks, points, status — are the ones the attention economy uses to ADDICT people (Q6, the social-media-addiction he wants to break). So how does Game of Life 3.0 use the hook FOR the person without becoming one more manipulation machine? Is the line ""does it grow a real capability and then let you leave satisfied"" versus ""does it keep you scrolling""? Who audits it, and does it have to be publicly owned to be trusted (Q69's ownership question)?"
education,research/education/QUESTION_BANK_EXTENDED.md,EDU-Q83,bank,"Games are the one place a generation already CHOOSES to grind for hours, fail cheerfully, and practice relentlessly (Q7) — the exact motivation school can't buy (Q59). What does education steal from good game design honestly — instant feedback, clear progress, failure without shame, mastery you can SEE, a community grinding alongside you — and what does it refuse to steal (the dark patterns, the pay-to-win, the manufactured FOMO)? What's the best of games in service of the person?"
education,research/education/QUESTION_BANK_EXTENDED.md,EDU-Q84,bank,"Progression implies checkpoints and levels — which lands straight on Q29 (real graduation checkpoints toward adulthood) and EDU-R7 (certification without gatekeeping). Can a Game of Life have meaningful thresholds — rites of passage, demonstrated mastery, ""you've earned this next thing"" — that are unlimited-attempt, age-independent, and open to all (never a one-shot sorter)? How do we make leveling-up feel earned and real without rebuilding the gatekeeping the whole program exists to end?"
education,research/education/QUESTION_BANK_EXTENDED.md,EDU-Q85,bank,"He asked it bluntly: how do we make being well-read, self-disciplined, and meditative SEXY? Culture makes things aspirational through status, story, and belonging — who's admired, what's a good story, who's in the cool group (status-engineering research, S4). So who are the HEROES of a literate city (not celebrities-for-nothing but people admired for mastery), what STORIES do we tell, and how do we make the kid who reads and practices the one everyone wants to be — without it curdling into a new snobbery that shames the kid who's behind (dignity, always)?"
education,research/education/QUESTION_BANK_EXTENDED.md,EDU-Q86,bank,"The honest risk: ""making virtue sexy"" can become performance — the aesthetic of reading without the reading, the meditation selfie, discipline as a flex. How do we make the REAL thing aspirational, not the costume — is it that mastery is quietly magnetic (the person who's genuinely calm, capable, deep is attractive in a way no pose is), and the job is just to make that visible? What's the difference between celebrating excellence and manufacturing a status game that misses the point (Goodhart, again)?"
education,research/education/QUESTION_BANK_EXTENDED.md,EDU-Q87,bank,"Excellence at all things (Q8) in a culture that mostly celebrates ease, consumption, and the shortcut — is the deepest aspiration-engineering job flipping what we ADMIRE, from having to becoming, from consuming to making, from comfort to mastery? And can a movement do that at city scale without being preachy about it — is the answer just to build the places (G) and the games (H) and the chains (L) where becoming excellent is simply the most fun, connected thing on offer, so virtue wins because it's genuinely the better time?"
education,research/education/QUESTION_BANK_EXTENDED.md,EDU-Q88,bank,"""Take money out of education"" — start by getting precise about which money and whose. Tuition that gates access? The credential-industrial complex that sells signaling? The textbook-and-testing rackets? Or the actual cost of teachers, buildings, and research (which is real and has to be paid somehow)? What can genuinely go to zero for the learner (AI tutors, open courseware — Q18b, EDU-R8's consent-based path ⚠️, the world's best learning free — Q26) versus what still costs real money someone has to fund?"
education,research/education/QUESTION_BANK_EXTENDED.md,EDU-Q89,bank,"If learning becomes free and abundant, the honest question is what happens to the people and places whose living depends on it being scarce and paid (Q39b) — professors, admin, the campus economy, the tutoring industry (AUTOMATA's role-transformation seam). Partners-never-adversaries means facing this squarely: what's the transition that turns a tuition-funded system into a publicly-funded commons WITHOUT throwing the workforce overboard — and is the money ""taken out"" of gatekeeping actually redeployed INTO teachers and mentors and places (G)?"
education,research/education/QUESTION_BANK_EXTENDED.md,EDU-Q90,bank,"Free doesn't mean free — it means someone else pays (taxpayers, endowments, the commons). So what's the honest funding model for a city where world-class learning is a public utility: what does it cost, who pays, and what's the evidence on what education money actually BUYS (the S11 finding that more spending doesn't linearly buy more learning ⚠️)? How do we fund the genuine good — research (Q39b), great teachers, real experiences — while cutting the spend that buys signaling and gatekeeping and buildings-as-status?"
education,research/education/QUESTION_BANK_EXTENDED.md,EDU-Q91,bank,"""As fast as possible but as safely as necessary"" is a ruling, not a slogan (EDU-R2) — so where EXACTLY is the line for education? What can move at sprint speed with near-zero risk (adult self-directed learning, open courseware, AI tutors for willing grown-ups — E) versus what must move slowly because it touches real children (curriculum changes, pulling kids from proven systems into unproven ones)? Draw the map: fast lane, slow lane, and the two-key gate (EDU-R2) between them."
education,research/education/QUESTION_BANK_EXTENDED.md,EDU-Q92,bank,"The fastest, safest first move might be the ADULTS — no safeguarding gate, immediate hunger, and every re-literate adult becomes a teacher and a parent who models learning for the next generation (Q32, adult education; L's chains). Is the sequencing therefore ""adults and willing volunteers first, at full speed; children last and most carefully"" — the opposite of how systems usually reform (kids first)? What does starting with the grown-ups unlock, and what does it risk?"
education,research/education/QUESTION_BANK_EXTENDED.md,EDU-Q93,bank,"Every transition has a generation caught in the seam — the kids in school RIGHT NOW while the system changes under them, who can't be experiments and can't be frozen either. How do we protect the transition generation (no child is a beta test, EDU-R2) while still moving fast enough that we don't sacrifice them to the OLD system's known failures in the name of caution? What's the honest FOR/AGAINST on the cost of moving too slow, argued as seriously as the cost of moving too fast?"
education,research/education/QUESTION_BANK_EXTENDED.md,EDU-Q94,bank,"Under every question in both banks, is the real answer just CONNECTION — that a kid learns because someone believes in them, practices because a community shows up, chooses to learn (Q58) because they belong somewhere that values it (Maté, Rat Park — the addiction-is-disconnection thesis, S5)? If loneliness and disconnection are the root of the disengagement, the addiction, and the despair, is ""connection first"" not a nice add-on but the actual pedagogy — and does every design fail the moment it trades connection for efficiency (the screen alone, Q62)?"
education,research/education/QUESTION_BANK_EXTENDED.md,EDU-Q95,bank,"The mastery→teach crossing is the mega-plank: you master a thing, then you TEACH it — the 13-year-old who reads well teaches the 11-year-old, who teaches the 9-year-old (Q34), the adult who just got numerate teaches their neighbour (K's chain). This is how a city gets literate in MONTHS not decades (Seed 1) — every learner becomes a teacher, and the thing spreads like a network, not a bottleneck. What's the design that makes ""learn one, teach one"" the default — and does teaching what you just learned actually cement it best (the protégé effect ⚠️), so the chain serves teacher and student at once?"
education,research/education/QUESTION_BANK_EXTENDED.md,EDU-Q96,bank,"The mastery→teach chain is also the answer to purpose (Q3, ""there's a lot of work to be done""), to belonging (S6), and to the older-teach-younger care structure (Q34, PROJ-0049's village) all at once — the 13-year-old teaching the 9-year-old isn't just spreading literacy, she's being needed, trusted, and connected. Is the chain therefore the single mechanism that delivers literacy, purpose, connection, AND the care infrastructure the whole movement wants — and what's the safeguarding architecture (EDU-R2) that makes near-peer teaching of minors safe and joyful rather than a risk?"
education,research/education/QUESTION_BANK_EXTENDED.md,EDU-Q97,bank,"For the kids the chain has to reach hardest — generational trauma (Q9), single-parent households under strain (Q10), the child whose home can't support learning (Q62) — connection isn't pedagogy, it's repair. How does a mastery→teach village become the ""it takes a village"" support the charter names (PROJ-0049) — the aunties, uncles, elders, and near-peers who co-regulate and believe in a kid the way one exhausted parent can't alone? Is the deepest literacy intervention actually a connection intervention wearing a curriculum?"
education,research/education/QUESTION_BANK_EXTENDED.md,EDU-Q98,bank,"**The baseline never moves.** The program's whole promise is a measurably more literate Toronto (Seed 1, section A). If, after real investment, the honest baselines (Q45) — reading, numeracy, digital, AI, scientific literacy across the actual population — show no movement over a named horizon, the program failed at its core claim. What population-level result, measured how and over how long, would you accept as proof ""most-literate-city"" didn't work — and would you say so?"
education,research/education/QUESTION_BANK_EXTENDED.md,EDU-Q99,bank,"**The experience thesis doesn't transfer.** His deepest claim is that literacy comes from experience, not study (B). If the evidence architecture shows experiential and self-directed learning does NOT build durable literacy better than good direct instruction — or only works for the already-advantaged ⚠️ — then the spine cracks. Would you accept that falsification, and does the program survive on the parts of the thesis that hold (motivation, practice, connection) even if ""experience over study"" doesn't?"
education,research/education/QUESTION_BANK_EXTENDED.md,EDU-Q100,bank,"**""Choose to learn"" widened the gap.** Self-directed, AI-guided discovery (C, E) could quietly become a privilege engine — the kids and adults with support, stability, and a head start race ahead, while the ones the old system already failed fall further behind alone with a screen (Q62). If the literacy gap between the advantaged and the struggling WIDENS under this program, it became the opposite of its equity promise. What gap metric, measured how, would prove it's helping the wrong people — and what stops that before it happens?"
education,research/education/QUESTION_BANK_EXTENDED.md,EDU-Q101,bank,"**The tools became the manipulation.** Game of Life 3.0 (H) and Jane-for-everyone (E) are built on the exact mechanics and data that the attention economy uses to addict and exploit. If they hook instead of grow, harvest data instead of serve, or get captured by whoever funds them (Q69, Q82) — the program built the thing it set out to defeat (Q6). What are the tripwires that would tell you the tools turned predatory, who has the authority to pull the plug, and is public ownership the only real safeguard?"
education,research/education/QUESTION_BANK_EXTENDED.md,EDU-Q102,bank,"**It stopped being about connection.** If the program, built on connection as the answer (L), instead delivers a city of isolated self-learners each optimizing alone — more literate and lonelier, efficient and disconnected — it won the metric and lost the mission. What would tell you connection is being traded away for learning-efficiency, and is ""did it bring people together"" the one measure that, if it fails, means the whole thing failed no matter what the literacy numbers say?"
elders,research/elders/QUESTION_BANK_EXTENDED.md,E1,bank,"How do we make dying a community practice again rather than a medical event that happens behind a curtain — what would it take for a Toronto neighbourhood to hold a death the way it holds a birth? (Models scan: the Compassionate Communities / compassionate-cities movement, the death- doula and death-café movements, hospice-at-home systems, the Kerala Neighbourhood Network in Palliative Care — what transfers, what doesn't, evidence grades.)"
elders,research/elders/QUESTION_BANK_EXTENDED.md,E2,bank,"How do we systemically de-professionalize the ordinary parts of dying — sitting with, bathing, feeding, witnessing — so that the last weeks are held by neighbours and family, not only by paid staff, WITHOUT dumping unpaid labour onto exhausted (usually women) caregivers? Where is the honest line between ""community care"" and ""abandonment dressed up as savings""?"
elders,research/elders/QUESTION_BANK_EXTENDED.md,E3,bank,"What does grief infrastructure look like at city scale — do we build bereavement into the purok/neighbourhood layer the way we build in celebration, so that no one grieves alone and no widow's isolation goes unnoticed for weeks? What are the highest-ROI, lowest-cost grief-support practices the evidence actually supports (widow-to-widow peer models, grief groups, ritual)?"
elders,research/elders/QUESTION_BANK_EXTENDED.md,E4,bank,"How do we normalize advance-care planning as a NORMAL life practice done young and revisited — ""what matters to you at the end"" as a document everyone has, like a will — rather than a panicked bedside conversation? Could a ""Game of Life"" progression include, with total dignity, the practice of preparing for one's own ending?"
elders,research/elders/QUESTION_BANK_EXTENDED.md,E5,bank,"*(EVIDENCE LANE — FOR/AGAINST both argued, never advocacy; inherits the MAiD ruling.)* On end-of-life autonomy: what does the evidence actually show, argued from both sides — the autonomy/dignity/suffering-relief case FOR expanded end-of-life choice, AND the disability-rights, coercion-risk, palliative-underinvestment, and ""duty-to-die"" pressure case AGAINST — so the program can hold the tension honestly instead of advocating? Where does the Canadian evidence sit, and what safeguards do BOTH sides agree are non-negotiable?"
elders,research/elders/QUESTION_BANK_EXTENDED.md,E6,bank,"How do we build a genuinely dementia-friendly city — retail, transit, policing, banking, wayfinding all trained and designed so a person with cognitive impairment can stay in public life instead of being quietly withdrawn from it? (Models: the Dementia Friends movement, dementia- friendly-community certification, the Netherlands' Hogeweyk ""dementia village"" — what's real, what's marketing, what transfers.)"
elders,research/elders/QUESTION_BANK_EXTENDED.md,E7,bank,"How do we hold personhood as the non-negotiable center of dementia care — designing every practice around who the person still IS (music, touch, biography, habit, relationship) rather than around what they've lost? What does the evidence say about person-centered care, validation over correction, and the practices (Montessori-for-dementia, life-story work, music-and-memory) that measurably restore dignity and reduce distress?"
elders,research/elders/QUESTION_BANK_EXTENDED.md,E8,bank,"Where is the honest FOR/AGAINST line on AI and robotics for people with dementia — do companion robots, AI voices, and simulated presence relieve loneliness and agitation, or do they substitute a machine for the human contact these people need MOST, and who decides for someone who can no longer consent? (Inherits the two-key consent gate: nothing touches a cognitively impaired elder without the ethics gate.)"
elders,research/elders/QUESTION_BANK_EXTENDED.md,E9,bank,"How do we protect the AUTONOMY and remaining choices of people with cognitive decline — supported decision-making, graduated consent, ""dignity of risk"" — instead of defaulting to blanket substitute decision-making the moment a diagnosis lands? Where does safeguarding end and infantilizing begin?"
elders,research/elders/QUESTION_BANK_EXTENDED.md,E10,bank,"What is the community's role BEFORE the facility — how do we support families to keep a person with dementia at home safely and humanely for as long as it serves the PERSON (not just the budget), and how do we know when home is no longer the loving answer?"
elders,research/elders/QUESTION_BANK_EXTENDED.md,E11,bank,"Who is ACTUALLY doing elder care in Toronto right now — the measured baseline: how many family caregivers, how many hours, what gender, what lost income and career and health, how many are themselves seniors caring for a spouse? (Meet the system where it ACTUALLY is, not where we imagine it.)"
elders,research/elders/QUESTION_BANK_EXTENDED.md,E12,bank,"How do we treat caregiver burnout as the public-health condition it is — respite, caregiver-support groups, mental-health care, and actual paid relief — rather than an invisible private tragedy? What are the highest-ROI interventions the evidence supports for keeping caregivers from collapsing (and landing in the system themselves)?"
elders,research/elders/QUESTION_BANK_EXTENDED.md,E13,bank,"How do we build a family-care economy that VALUES the labour — caregiver benefits, paid family leave, care credits, recognition — so that caring for your parents isn't a path to your own poverty in old age? What do other countries do (Germany's long-term-care insurance, Japan's care system, the Nordic models) and what transfers?"
elders,research/elders/QUESTION_BANK_EXTENDED.md,E14,bank,"If the movement's thesis is ""more cared for by community than paid staff,"" how do we answer the honest labour critique head-on — that unpaid care has always fallen on women and immigrants, and that ""community care"" can be a cover for defunding real services? What is the design that expands community care WITHOUT exploiting the people who provide it?"
elders,research/elders/QUESTION_BANK_EXTENDED.md,E15,bank,"How do we professionalize AND dignify the paid care workforce at the same time — PSWs, home-care workers, care aides — who are underpaid, precarious, often racialized immigrant women, and without whom none of this works? Are they partners to invite and uplift, not costs to engineer away? (Inherits the EDU-R6 ""workforce as partner, adversarial framing is a design failure"" logic.)"
elders,research/elders/QUESTION_BANK_EXTENDED.md,E16,bank,"How do we build a city-scale early-warning system for elder abuse — physical, emotional, neglect, AND financial — that catches it early WITHOUT turning every neighbour into a surveillance informant or every family into a suspect? (Models: elder-abuse response networks, adult protective services, bank-teller training to flag exploitation, the ""trusted contact"" mechanism.)"
elders,research/elders/QUESTION_BANK_EXTENDED.md,E17,bank,"How do we harden elders against financial exploitation — romance scams, grandparent scams, fake-CRA calls, predatory contractors, and the far more common quiet theft by family members and caregivers — as a taught, practiced literacy, not a shameful thing that happens to ""gullible"" old people? (Dignity: describe the risk, never stigmatize the target.)"
elders,research/elders/QUESTION_BANK_EXTENDED.md,E18,bank,Where is the line between protection and autonomy in an elder's own money — a competent older adult has the RIGHT to make bad financial decisions and to be generous; how do we protect against exploitation without seizing financial control from people who still have it? (Ties to the two-key consent architecture and supported decision-making.)
elders,research/elders/QUESTION_BANK_EXTENDED.md,E19,bank,"The talktoagrandparent.ca / talktoanelder.ca vision connects lonely elders to strangers worldwide for money — how do we build that so it is a source of purpose and NOT a purpose-built funnel for grooming and financial exploitation of exactly the loneliest, most vulnerable people? What is the safeguarding architecture that makes the operator's own idea safe?"
elders,research/elders/QUESTION_BANK_EXTENDED.md,E20,bank,"How do we address abuse INSIDE care facilities — neglect, over-medication, restraint, the abuse that COVID exposed in long-term care — with transparency, family presence, and community eyes, so that ""putting them in a home"" never again means putting them out of sight?"
elders,research/elders/QUESTION_BANK_EXTENDED.md,E21,bank,"How do we help elders age in place AFFORDABLY and SAFELY — home modification, fall prevention, home care, tech — at the scale where it beats institutional care on both cost and dignity? What's the actual break-even, and where does aging-in-place become isolation-in-place (a lonely person alone in a house they can't leave)?"
elders,research/elders/QUESTION_BANK_EXTENDED.md,E22,bank,"How do we unlock housing wealth so it serves the elder AND the community — home-sharing (an elder with a spare room, a priced-out young person or student who helps around the house), co-housing, granny flats / secondary suites, reverse mechanisms that aren't predatory — so a house isn't a lonely asset one person rattles around in while a generation can't find a room? (Models: Homeshare programs, the Dutch student-in-nursing-home model, senior co-housing, the ""villages"" mutual-aid model.)"
elders,research/elders/QUESTION_BANK_EXTENDED.md,E23,bank,"How do we think honestly about intergenerational transfer — the ""great wealth transfer"" from boomer housing wealth — so that it reduces inequality and funds the movement's work rather than hardening it (the elders with houses vs the elders and youth without)? What's the design that turns concentrated elder assets into shared community infrastructure by CHOICE and legacy, not coercion?"
elders,research/elders/QUESTION_BANK_EXTENDED.md,E24,bank,"What does intergenerational CO-LIVING actually require to work — not the brochure version but the evidence: mixed-age housing, universities placing students in senior residences, daycares inside nursing homes, dorm-and-elder buildings? What are the real friction points (noise, pace, risk, liability) and how do the working models solve them?"
elders,research/elders/QUESTION_BANK_EXTENDED.md,E25,bank,"How do we use the density and quantity of elders as buying and organizing power — bulk purchasing of supplies, shared subscriptions, group-negotiated home care and services, elder co-ops — WITHOUT it becoming a scheme that extracts from them? Whose hands hold the collective buying power, and how is it governed? (Directly extends his density/bulk questions.)"
elders,research/elders/QUESTION_BANK_EXTENDED.md,E26,bank,"How do we reach immigrant and language-isolated elders — brought over to mind grandchildren, then stranded in a suburb where they speak no English, can't drive, and have lost the village they came from? What does the evidence show about the loneliness and depression burden of language-isolated elders, and what practices reach them (in-language programming, ethnic senior associations, culturally-matched befriending)?"
elders,research/elders/QUESTION_BANK_EXTENDED.md,E27,bank,"How do we serve LGBTQ+ elders — a generation that survived criminalization and the AIDS years, is far more likely to age without children and to be estranged from family, and who go back into the closet the day they enter a care home because they don't feel safe? What does the evidence and the movement's own dignity commitment demand — affirming care, chosen-family recognition, staff training, safe housing? (Published LGBTQ+ elder voices, attributed.)"
elders,research/elders/QUESTION_BANK_EXTENDED.md,E28,bank,"How do we address the SPECIFICS of women's aging — women live longer, are far more likely to end life alone and poor (a lifetime of lower earnings and caregiving becomes old-age poverty), make up the overwhelming majority of both the very old and their caregivers, and carry the widowhood burden? What is the program that centers the reality that aging is, statistically, a woman's experience?"
elders,research/elders/QUESTION_BANK_EXTENDED.md,E29,bank,"How do we find the elders NO ONE is counting — the ones with no family, no visitors, no digital footprint, who die alone and aren't found for weeks? What does a city-scale ""no elder uncounted"" registry-and-check-in system look like that finds the truly isolated WITHOUT becoming surveillance, and who holds that data? (Models: Japan's response to *kodokushi* / lonely deaths, postal check-in programs, utility-flag systems.)"
elders,research/elders/QUESTION_BANK_EXTENDED.md,E30,bank,"How do we meet elders where they ACTUALLY are on race, class, and history — Black elders, Holocaust and other trauma survivors, refugees, elders who distrust the state and institutions for earned historical reasons — so ""community care"" is trusted rather than imposed? Whose community, on whose terms?"
elders,research/elders/QUESTION_BANK_EXTENDED.md,E31,bank,"What is the distinction, in Indigenous nations' own words and protocols, between an older person and an *Elder* — how is that role recognized, and what does it mean that the movement's casual use of ""elder wisdom"" and ""governance advisors"" (the operator's own frame) risks flattening a specific cultural office into a metaphor?"
elders,research/elders/QUESTION_BANK_EXTENDED.md,E32,bank,"How do we support Indigenous Elders and communities in caring for their OWN aging members on their own terms — culturally-safe care, care on-territory rather than displacement to distant institutions, language and ceremony access in care settings — as sovereignty, not as a service the movement provides? (Published Indigenous-led models and voices, attributed.)"
elders,research/elders/QUESTION_BANK_EXTENDED.md,E33,bank,"How does the movement LEARN from Indigenous knowledge-keepers about intergenerational living, the role of age in governance, and death and grief practices — through genuine relationship and consent and protocol, giving credit and control, rather than the extraction the operator's ""shamelessly copy"" instinct would otherwise invite? What are the terms Indigenous authors and communities themselves set for that exchange?"
elders,research/elders/QUESTION_BANK_EXTENDED.md,E34,bank,"Where are elders ACTUALLY at with technology — the honest baseline, not the imagined one: who has a smartphone, who has broadband, who can't get their prescription refilled or bank or book a doctor because those moved online and left them behind? How much of ""aging isolation"" is now simply DIGITAL exclusion? (Meet them where they are.)"
elders,research/elders/QUESTION_BANK_EXTENDED.md,E35,bank,"How do we teach and support elder digital literacy as a practiced, patient, near-peer thing — youth-teach-elder chains, ""tech tutors,"" repeated hands-on practice — rather than a one-off class that doesn't stick? (Directly composes the youth-elder connection he asked for: the youth teach tech, the elders teach life.)"
elders,research/elders/QUESTION_BANK_EXTENDED.md,E36,bank,"How do we design AI and robotics FOR elders — voice-first, forgiving, dignified, private — so the tech meets THEM instead of demanding they become users, and so an AI companion supplements human connection rather than becoming a cheap substitute a lonely person is left alone with? (Inherits the E-S2 FOR/AGAINST on companion tech.)"
elders,research/elders/QUESTION_BANK_EXTENDED.md,E37,bank,"How do we protect elders' data, privacy, and autonomy as they're pushed online and monitored by ""aging-tech"" — fall sensors, cameras, GPS, health wearables — without the safety tech becoming a surveillance cage that the elder never truly consented to and can't turn off? Who holds the data, and who benefits?"
elders,research/elders/QUESTION_BANK_EXTENDED.md,E38,bank,"How do we systematically prescribe the things that actually make late life worth living — pets and animal companionship, gardens and growing things, music (the last thing dementia takes), art, dance, and lifelong learning — as ""social prescriptions"" the way we prescribe pills? What's the evidence base, and what's the highest-ROI joy per dollar? (Music-and-memory, horticultural therapy, pet programs, the arts-on-prescription models.)"
elders,research/elders/QUESTION_BANK_EXTENDED.md,E39,bank,"How do we honor and support elder SEXUALITY, intimacy, romance, and companionship with full dignity — desire and partnership don't end at 70, and care homes routinely deny it — so that new love, remarriage, and physical intimacy in late life are supported rather than treated as embarrassing or managed away? (Dignity center: including consent and capacity questions handled with care, never with a sneer.)"
elders,research/elders/QUESTION_BANK_EXTENDED.md,E40,bank,"How do we build purpose that is REAL, not busywork — elders doing work the community genuinely needs (mentoring, teaching, minding children, tending gardens, advising, building) — and how do we make the talktoagrandparent.ca / talktoanelder.ca vision a true purpose-and-income engine for elders rather than novelty? What's the design, the safeguarding (E19), and the gift- economy model?"
elders,research/elders/QUESTION_BANK_EXTENDED.md,E41,bank,"How do we support GRANDFAMILIES — the growing number of grandparents raising grandchildren because the middle generation is absent (addiction, incarceration, illness, death) — with the money, legal standing, childcare, and respite they need, given they're doing hard parenting on fixed incomes with aging bodies? (Directly bridges the EDU bank's single-parent and generational-trauma questions from the elder side.)"
elders,research/elders/QUESTION_BANK_EXTENDED.md,E42,bank,"How do we systemically CAPTURE and TRANSMIT the wisdom, skills, stories, and cultural memory of elders before it's lost — oral-history projects, elder-in-residence roles, apprenticeship of the young to the old, recorded life-review — so that death isn't the deletion of a library? (Extends his ""learn from the wisdom of our elders""; ties to youth-elder chains.)"
elders,research/elders/QUESTION_BANK_EXTENDED.md,E43,bank,"How does the isolation problem differ across geography — the rural elder alone on a concession road, the suburban elder marooned by car-dependence when they can no longer drive, the dense-downtown elder surrounded by thousands of strangers and known by none? What's the RIGHT intervention for each, and where does the movement's density thesis help vs. fail?"
elders,research/elders/QUESTION_BANK_EXTENDED.md,E44,bank,"How do we solve elder MOBILITY and transport — the day the keys are taken away is often the day isolation begins; without a car in a suburb, an elder is trapped? What are the highest-ROI models (volunteer driver networks, on-demand senior transit, walkable retrofits, e-bikes and mobility aids) and how do they scale?"
elders,research/elders/QUESTION_BANK_EXTENDED.md,E45,bank,"How do we actually operationalize ""tap elders as governance advisors"" — councils of elders, wisdom-councils, elder review of major decisions — as real structural power, not a ceremonial photo-op, while being honest about where deference to age helps (long memory, low ego-stake, patience) and where it hurts (status-quo bias, outdated frames)? FOR/AGAINST on gerontocracy, argued straight."
elders,research/elders/QUESTION_BANK_EXTENDED.md,E46,bank,"What is the honest FOR/AGAINST on the whole ""community over paid staff"" cost thesis — does shifting elder care from paid institutions to community and family actually save money and improve outcomes, or does it just move the cost onto unpaid women and produce worse care that rebounds on the system later? Where's the real evidence, and what's the design that captures the savings WITHOUT the harm? (The program's central financial claim, stress-tested.)"
elders,research/elders/QUESTION_BANK_EXTENDED.md,E47,bank,"How do we run pilots that touch REAL elders — many frail, some cognitively impaired, some in institutions — under a two-key ethics gate the operator cannot waive alone, with consent architecture for those who can't consent, exactly as EDU-R2 protects minors? What is the vulnerable-population safeguarding framework this whole program is gated behind?"
elders,research/elders/QUESTION_BANK_EXTENDED.md,E48,bank,"Which elder interventions are the genuine high-ROI social wins — measured, not assumed — where a dollar of loneliness-reduction or fall-prevention or caregiver-respite returns multiples in avoided hospitalizations, avoided long-term-care admissions, and years of good life? What does the program MEASURE, and what does it refuse to target directly (Goodhart)?"
elders,research/elders/QUESTION_BANK_EXTENDED.md,E49,bank,"The movement itself will age — its founders, its early members, its first elders. How do we design a movement that ages WITH its people, that has a plan for its own leaders' decline and succession, and that will care for the people who built it when they can no longer build? ""We're all going to be old"" applies to us first."
elders,research/elders/QUESTION_BANK_EXTENDED.md,E50,bank,"What has NO ONE proposed — what does synthesizing all of this suggest that's never been suggested before? The unasked question behind the operator's own unasked-questions request: if loneliness is the elder epidemic and connection is the cure, what is the single systemic redesign — of housing, of time, of who lives near whom, of how the old and young are bound together — that would make an isolated old age structurally impossible in a Toronto that demonstrates it for the world?"
genesis,research/genesis/QUESTION_BANK_EXTENDED.md,G1,bank,"How do we radically reimagine birth and the first 1,000 days of life in a world of AI frontier models — not to make the experience more medical, but more human?"
genesis,research/genesis/QUESTION_BANK_EXTENDED.md,G2,bank,"This is where life actually starts, so the lifecycle has to start here too — how do we make GENESIS the foundation that everything else (education, health, elders, the city itself) gets built on top of?"
genesis,research/genesis/QUESTION_BANK_EXTENDED.md,G3,bank,There are no more jobs but there is a lot of work to be done — and raising a human being is the oldest and most important work there is. How do we prepare a generation to do it well?
genesis,research/genesis/QUESTION_BANK_EXTENDED.md,G4,bank,"What is birth actually FOR — beyond a safe delivery — and how do we design the whole experience around that answer, instead of around the hospital's schedule and the system's fear of being sued?"
genesis,research/genesis/QUESTION_BANK_EXTENDED.md,G5,bank,"Where is Toronto ACTUALLY at on birth and the first 1,000 days? What are our real C-section rates, our real midwifery access, our real maternal and infant outcomes — not the citywide average, the whole distribution, and who sits at the bottom of it?"
genesis,research/genesis/QUESTION_BANK_EXTENDED.md,G6,bank,"How do we meet every family where they're ACTUALLY at — not above or below — the teenager, the newcomer with no English, the fourth-time mother, the couple who've already lost three pregnancies?"
genesis,research/genesis/QUESTION_BANK_EXTENDED.md,G7,bank,"Where do new parents in this city actually go for help, and where do they fall through the cracks — between the OB, the midwife, the public-health nurse, and, too often, nobody at all?"
genesis,research/genesis/QUESTION_BANK_EXTENDED.md,G8,bank,"How many families in Toronto ever get anything close to the birth they'd choose if they knew their options — and why is it so rare? Is it cost, is it access, is it fear, or is it that nobody ever told them there was a choice to make?"
genesis,research/genesis/QUESTION_BANK_EXTENDED.md,G9,bank,"How far back does the first 1,000 days really begin — how do we care for a mother and a future baby before conception even happens?"
genesis,research/genesis/QUESTION_BANK_EXTENDED.md,G10,bank,"How do we support a pregnancy as something a whole community holds, instead of nine months a woman is mostly left to manage alone in the gaps between appointments?"
genesis,research/genesis/QUESTION_BANK_EXTENDED.md,G11,bank,"How do we give every pregnant person real knowledge and real choice about their own body and their own birth — without drowning them in fear, in jargon, or in Google?"
genesis,research/genesis/QUESTION_BANK_EXTENDED.md,G12,bank,"How do we honor the wisdom of the women who came before — the grandmothers, the aunties, the traditional practices — alongside the best of modern medicine, without either one erasing the other?"
genesis,research/genesis/QUESTION_BANK_EXTENDED.md,G13,bank,"How do we build a real choice architecture for birth — home, hospital, birth centre, water birth, midwife, obstetrician — where every option is genuinely available, genuinely safe, and genuinely explained, not just the one the system defaults everyone into?"
genesis,research/genesis/QUESTION_BANK_EXTENDED.md,G14,bank,How do we make midwifery-led care and birth centres a first-class option across Toronto instead of a boutique thing for the lucky few — as fast as possible but as safely as necessary?
genesis,research/genesis/QUESTION_BANK_EXTENDED.md,G15,bank,"How do we tell the whole truth about home vs hospital birth — the real evidence, both sides, every caveat travelling with its source — so families choose with their eyes open, and neither one family's beautiful experience nor another's tragedy gets to tilt the scale for everyone else?"
genesis,research/genesis/QUESTION_BANK_EXTENDED.md,G16,bank,"How do we design a hospital birth that still belongs to the family — the lights down, the pace slowed, the partner and the sibling present — even when the medical need is real?"
genesis,research/genesis/QUESTION_BANK_EXTENDED.md,G17,bank,"How do we make the woman the one giving birth again, not the one being ""delivered"" — how do we put her back at the centre of the room?"
genesis,research/genesis/QUESTION_BANK_EXTENDED.md,G18,bank,"What does the obstetrician become in this world — still the surgeon we are deeply grateful for when things go wrong, but no longer the default manager of every healthy, uncomplicated birth?"
genesis,research/genesis/QUESTION_BANK_EXTENDED.md,G19,bank,"What does the midwife become, what does the nurse become, what does the doula become — and how do we finally pay and position them for the civilizational work they actually do?"
genesis,research/genesis/QUESTION_BANK_EXTENDED.md,G20,bank,"How do we do all of this WITH the obstetricians, the nurses, their colleges and their associations — as partners, never adversaries — so nobody hears ""we're taking your job"" when what we mean is ""we're honoring it differently""?"
genesis,research/genesis/QUESTION_BANK_EXTENDED.md,G21,bank,"How do we train a new kind of birth worker for the AI era — one who knows the evidence, knows the technology, and still knows how to hold a frightened woman's hand at 4am?"
genesis,research/genesis/QUESTION_BANK_EXTENDED.md,G22,bank,"Who catches the baby, and who catches the mother — and how do we make sure someone is always doing both?"
genesis,research/genesis/QUESTION_BANK_EXTENDED.md,G23,bank,"How do we honor the mother's role as civilization's first infrastructure — the first shelter, the first food, the first nervous system a human being ever knows — instead of treating motherhood as a gap in her ""real"" career?"
genesis,research/genesis/QUESTION_BANK_EXTENDED.md,G24,bank,"How do we build the village back — the postpartum meals, the aunties, the neighbours, the help — that every culture used to have, and that we somehow decided one exhausted woman could replace all by herself?"
genesis,research/genesis/QUESTION_BANK_EXTENDED.md,G25,bank,"How do we take maternal mental health as seriously as we take the baby's weight — how do we catch the postpartum depression, the anxiety, the birth trauma, before any of them become an emergency?"
genesis,research/genesis/QUESTION_BANK_EXTENDED.md,G26,bank,"How do we protect the fourth trimester — those first raw months after birth — as sacred recovery, instead of a race back to productivity?"
genesis,research/genesis/QUESTION_BANK_EXTENDED.md,G27,bank,How do we make it so that no new mother in this city is ever alone at 3am with a screaming baby and nobody to call?
genesis,research/genesis/QUESTION_BANK_EXTENDED.md,G28,bank,"How do we bring the father and the partner all the way into the birth and the first 1,000 days — not as a nervous spectator in the corner, but as the second pillar the whole thing rests on?"
genesis,research/genesis/QUESTION_BANK_EXTENDED.md,G29,bank,How do we make family formation one shared experience — the way an older child present at a birth is bonded to that moment for life — instead of something that happens to the mother while everyone else waits down the hall?
genesis,research/genesis/QUESTION_BANK_EXTENDED.md,G30,bank,How do we prepare and support the siblings — the older child about to be dethroned — so a new baby knits the family tighter instead of splitting it?
genesis,research/genesis/QUESTION_BANK_EXTENDED.md,G31,bank,"How do we prepare people for parenthood the way we'd prepare them for anything that actually matters — through practice, not a pamphlet — real hands-on apprenticeship with babies and families long before their own arrives? (Life is 99% practice.)"
genesis,research/genesis/QUESTION_BANK_EXTENDED.md,G32,bank,"How do we give partners real paid leave and a real role, so ""taking time off for the baby"" stops being a career risk and starts being the expectation?"
genesis,research/genesis/QUESTION_BANK_EXTENDED.md,G33,bank,"How do we support every shape of family through this — two mothers, one father, adoptive parents, the grandparents raising the child — so the village forms around the child no matter who is carrying them?"
genesis,research/genesis/QUESTION_BANK_EXTENDED.md,G34,bank,"How do we take the attachment science seriously and design the first 1,000 days around it — the skin, the eye contact, the being-responded-to — knowing this is the window that shapes the whole life?"
genesis,research/genesis/QUESTION_BANK_EXTENDED.md,G35,bank,"How do we tell parents what the evidence actually says about attachment, sleep, and early development — confident where it's settled, honest where it's contested — without turning every single choice into a source of guilt?"
genesis,research/genesis/QUESTION_BANK_EXTENDED.md,G36,bank,"How do we support feeding — breast, bottle, formula, whatever a family needs — as a question of a fed baby and a supported mother, and never a competition or a source of shame?"
genesis,research/genesis/QUESTION_BANK_EXTENDED.md,G37,bank,"How do we build the lactation support, the milk banks, the real help, so the mothers who WANT to breastfeed can — without ever making the ones who can't, or don't, feel like they failed?"
genesis,research/genesis/QUESTION_BANK_EXTENDED.md,G38,bank,"How do we protect the first 1,000 days as the single highest-leverage investment a society can make, when the payoff arrives decades after any politician's term is over?"
genesis,research/genesis/QUESTION_BANK_EXTENDED.md,G39,bank,How do we take the money out of birth and early childhood — honestly — so a family's experience of their first months isn't decided by what they can afford?
genesis,research/genesis/QUESTION_BANK_EXTENDED.md,G40,bank,"How do we make childcare something a parent can actually access and afford, when the math right now makes one whole salary disappear into it?"
genesis,research/genesis/QUESTION_BANK_EXTENDED.md,G41,bank,"If we take the money out, how does the system transform — what happens to the private clinics, the childcare businesses, the people who make their living inside the current setup, and how do we bring them with us instead of leaving them behind?"
genesis,research/genesis/QUESTION_BANK_EXTENDED.md,G42,bank,"How do we pay the invisible workforce — the doulas, the postpartum helpers, the grandparents, the mothers themselves — for the most essential labour in the whole economy, the labour we've always pretended is free?"
genesis,research/genesis/QUESTION_BANK_EXTENDED.md,G43,bank,"How much would it actually cost Toronto to give every baby a real first 1,000 days — and how much is it already costing us NOT to?"
genesis,research/genesis/QUESTION_BANK_EXTENDED.md,G44,bank,"Why do Black and Indigenous mothers face so much higher risk in birth, right here in this city, and how do we close that gap as the first and non-negotiable measure of whether any of this is actually working?"
genesis,research/genesis/QUESTION_BANK_EXTENDED.md,G45,bank,"How do we support the Indigenous birth revival — birthing on territory, the return of the midwives and the traditional practices — led by Indigenous people speaking for themselves, never blended casually by us?"
genesis,research/genesis/QUESTION_BANK_EXTENDED.md,G46,bank,"How do we hold the hard paths with dignity — the miscarriage, the stillbirth, the loss, the infertility — as part of GENESIS, not the part we quietly look away from?"
genesis,research/genesis/QUESTION_BANK_EXTENDED.md,G47,bank,"How do we support the families walking the long roads — IVF, surrogacy, adoption, fostering — so every path to a child is honored, and none is treated as second-best?"
genesis,research/genesis/QUESTION_BANK_EXTENDED.md,G48,bank,"How do we care for the newborn who needs the machines — the premature, the sick, the NICU baby — and keep the mother and the bond at the centre even when the medicine has to take over?"
genesis,research/genesis/QUESTION_BANK_EXTENDED.md,G49,bank,"How could AI give every pregnant person and every new parent world-class guidance, day and night, in their own language — without replacing the human hand a birth actually needs?"
genesis,research/genesis/QUESTION_BANK_EXTENDED.md,G50,bank,"How do we use technology to catch the danger early — the pre-eclampsia, the postpartum hemorrhage, the depression — while keeping birth from becoming even more monitored, medicalized, and afraid?"
genesis,research/genesis/QUESTION_BANK_EXTENDED.md,G51,bank,"How do we gather the data of the first 1,000 days — feeding it into VITALITY as the true baseline of a human life — without turning babies into surveillance and parents into data points?"
genesis,research/genesis/QUESTION_BANK_EXTENDED.md,G52,bank,"How do we make the technology serve connection instead of replacing it — the app that walks a mother to her neighbour's door, not the one that keeps her alone on the couch?"
genesis,research/genesis/QUESTION_BANK_EXTENDED.md,G53,bank,"How do we cross GENESIS into ELDERS — bringing the grandparents back into the birth and the first years, so the oldest and the youngest hold each other, and nobody is born or grows old alone?"
genesis,research/genesis/QUESTION_BANK_EXTENDED.md,G54,bank,"How do we hand GENESIS off to EDU — so the first 1,000 days flow straight into the early years, and the education program finally starts where life actually starts instead of at kindergarten?"
genesis,research/genesis/QUESTION_BANK_EXTENDED.md,G55,bank,"What can the city ITSELF actually do — the birth centres it can help stand up, the leave it can champion, the public-health nurses it can fund, the village it can convene — as distinct from what only a hospital or the province can do?"
genesis,research/genesis/QUESTION_BANK_EXTENDED.md,G56,bank,"Could the path to becoming a parent be a real progression — a Game of Life track — where you actually build the readiness, the practice hours, the skills, instead of being handed a newborn and wished good luck?"
genesis,research/genesis/QUESTION_BANK_EXTENDED.md,G57,bank,"How do we make all of this aspirational — a supported birth, an involved father, a strong postpartum, a thriving baby — something a whole city wants and celebrates out loud, instead of a private struggle each family hides?"
genesis,research/genesis/QUESTION_BANK_EXTENDED.md,G58,bank,"How do we make being a present, prepared, self-mastered parent something young people actually aspire to — how do we make it ""sexy"" — when we've somehow made everything except the most important work in the world look boring?"
genesis,research/genesis/QUESTION_BANK_EXTENDED.md,G59,bank,"And underneath all of it — the mother, the father, the sibling, the midwife, the grandparent, the baby — is the answer the same answer it always is: connection? How do we make Toronto the place that proves a human being should be welcomed into the world by a whole community — and let the world copy it? --- *End of extended bank (G1–G59). Append-only: new extensions continue the numbering; the verbatim bank in `OPERATOR_BANK_VERBATIM.md` remains the governing north star.*"
harvest,research/harvest/QUESTION_BANK_EXTENDED.md,H1,bank,"How do we make food that is grown with love, cooked with love and served with love the *normal* experience of eating in this city — not the boutique exception you pay extra for — and how do we know when we've actually done it versus just marketed it?"
harvest,research/harvest/QUESTION_BANK_EXTENDED.md,H2,bank,"How do we properly show gratitude to the people who feed us — the farmer, the grower, the cook, the person who carried it the last mile — without money being the only language we have for thanks? What are the real non-monetary devices (recognition, reciprocity, standing, belonging, the shared table itself) and how do we build them so they don't curdle into unpaid-labour exploitation dressed up as ""gratitude""?"
harvest,research/harvest/QUESTION_BANK_EXTENDED.md,H3,bank,"What does the *farmer* become in a Toronto that feeds itself with love — grower, teacher, host, land-steward, neighbour? What does the *grocer* become when a chain worker is a partner and not an adversary? What does the *chef* and the *restaurateur* become when cooking is a civic skill everyone has rather than a service everyone buys? Name each role's transformation honestly, including what is lost."
harvest,research/harvest/QUESTION_BANK_EXTENDED.md,H4,bank,"How do we put connection underneath all of it — so that ""feeding people"" is understood as the oldest connection technology we have, and every HARVEST artifact reads as a CONNECTION move wearing an apron, not a logistics optimization that happens to involve food?"
harvest,research/harvest/QUESTION_BANK_EXTENDED.md,H5,bank,"How do we make *being able to feed people* sexy — the way EDU asked how we make being well-read sexy — so that hospitality, growing, preserving and cooking read as high-status mastery to a 19-year-old, not as chores or as somebody's grandmother's burden?"
harvest,research/harvest/QUESTION_BANK_EXTENDED.md,H6,bank,"How do we learn from the Sikh gurdwaras and the langar — a kitchen that has fed anyone who walks in, free, seated as equals on the floor, for centuries — without appropriating a living faith practice or flattening it into a ""model""? What is transferable (the ethic, the seating-as- equals, the seva/volunteer engine, the radical no-questions dignity) and what belongs only to the tradition and should be honoured as theirs?"
harvest,research/harvest/QUESTION_BANK_EXTENDED.md,H7,bank,"How does langar answer the operator's own rule that ""'free' food shouldn't mean shit food"" — free, dignified, abundant, and good, all at once, at scale, sustained by gift labour? How do we study *how it is actually funded and staffed* honestly, so we're learning the real mechanism and not a romantic postcard of it?"
harvest,research/harvest/QUESTION_BANK_EXTENDED.md,H8,bank,How do we sit people as equals at a Toronto table? What does a food space become when nobody is served *charity* and everybody is served *hospitality* — and can that distinction survive being turned into public infrastructure without a caseworker and an intake form reappearing at the door?
harvest,research/harvest/QUESTION_BANK_EXTENDED.md,H9,bank,"What do we learn and apply from ecovillage design, permaculture, syntropic agriculture, agroforestry, biointensive and all of those amazing branches — and how do we separate the parts with real evidence and yields behind them from the parts that are faith and aesthetics, honestly, without becoming either evangelists or debunkers?"
harvest,research/harvest/QUESTION_BANK_EXTENDED.md,H10,bank,"How do we systemize the creation and sprouting of intentionally designed and/or conscious communities and/or ecovillages and their various similar models and alternatives — a repeatable ""how to start one"" stack (land, legal form, governance, financing, conflict, exit) — given that most intentional communities historically fail, and the honest study is *why* and *what the survivors did differently*?"
harvest,research/harvest/QUESTION_BANK_EXTENDED.md,H11,bank,"Huge numbers of people in Toronto say they want to live closer to nature — but where are they ACTUALLY at? How many would actually move, on what terms, at what income, with kids or elders, and how do we meet that real distribution rather than the romantic average that shows up in a survey?"
harvest,research/harvest/QUESTION_BANK_EXTENDED.md,H12,bank,"How do we make conscious-community life *sexy and legible* to an ordinary Toronto family — not a hippie exit, not a doomsday bunker, but an obviously good life with better food, more hands, more elders, more kids running around — while being honest about what you give up (privacy, convenience, some autonomy) to get it?"
harvest,research/harvest/QUESTION_BANK_EXTENDED.md,H13,bank,"How could Toronto stimulate these activities in other municipalities and build in reciprocities — e.g., the city commits to buy a ton of health food from their farmers, and in return they help build a 150-family ecovillage? How do we design that as genuine reciprocity between equals and not a rich city extracting cheap food and offloading its unhoused population onto the countryside?"
harvest,research/harvest/QUESTION_BANK_EXTENDED.md,H14,bank,"How do we build the re-ruralization plank for homeless / unhoused / bottom-of-pyramid folks so that it is *voluntary always*, consent-architected, dignity-first — and how do we put the displacement-and-paternalism critique head-on in the FOR/AGAINST, so ""we found them somewhere to live near nature"" can never quietly become ""we shipped people out of the city""?"
harvest,research/harvest/QUESTION_BANK_EXTENDED.md,H15,bank,"What does the *receiving rural municipality* become in this deal — a colony, a partner, a co-owner, a template it can run itself? How do we make sure the reciprocity flows both ways and survives a change of council on either end?"
harvest,research/harvest/QUESTION_BANK_EXTENDED.md,H16,bank,"Where is Toronto's foodshed ACTUALLY at — the Greenbelt and Golden Horseshoe farmland at the city's edge, the aging farmer, brutal land prices, succession with no successor? Is the real ""grow the city"" play protecting and succession-planning the near-farms rather than romanticizing rooftops — and how do we run the honest math on both instead of choosing the prettier story?"
harvest,research/harvest/QUESTION_BANK_EXTENDED.md,H17,bank,"Permaculture Systems Design is 99% applied to farms and gardens — how do we apply the same systems-thinking frameworks (plus the operator's couple-dozen additions he calls Permaculture 3.0: permaculture for humanity and at planetary scale) to *every* system HARVEST touches — human, organizational, business, tech, internal? Is the food program the first full field-test of whether we really do have ""the perfect foundational design framework for permanent culture,"" and how would we know if it fell short?"
harvest,research/harvest/QUESTION_BANK_EXTENDED.md,H18,bank,"How do we write Permaculture 3.0 down well enough that it is a *usable design tool* a neighbourhood organizer or a food-hub builder can actually pick up — not just a philosophy — while logging it as the cross-cutting meta-concept (PROJ-0048, candidate book) it is, so HARVEST feeds it rather than quietly forking it?"
harvest,research/harvest/QUESTION_BANK_EXTENDED.md,H19,bank,"How do we hold Permaculture 3.0 to its own standard — observe, catch-and-store, obtain a yield, self-regulate, use edges, value diversity — when we design the *movement's* food system, so we're practicing the framework on ourselves and not just preaching it at farms?"
harvest,research/harvest/QUESTION_BANK_EXTENDED.md,H20,bank,"How do we make it true that nobody in a Toronto-aligned community ever faces hunger because of geopolitical factors — a bad month, a broken supply chain, a closed border? What is Toronto's honest food-resilience posture ACTUALLY at right now: days of supply, single points of failure (the Terminal, two rail lines, just-in-time grocery), community stocks, seed libraries?"
harvest,research/harvest/QUESTION_BANK_EXTENDED.md,H21,bank,"How seriously do we take the 100km / local-diet meta-concepts — as a resilience and connection principle — while being honest that a northern city can't grow coffee, citrus, or a winter's calories locally, and that a dogmatic 100km rule can make food *more* expensive and *less* just for the people HARVEST exists to serve?"
harvest,research/harvest/QUESTION_BANK_EXTENDED.md,H22,bank,"What does the *purok / block layer* become as emergency food infrastructure when the supply chain fails — is food the first thing coordination breaks at in a disaster, and how does HARVEST hand off cleanly to the DR3/AEGIS resilience work rather than rebuilding it?"
harvest,research/harvest/QUESTION_BANK_EXTENDED.md,H23,bank,"How do we make growing food a normal part of childhood and disaster-readiness the way Waldorf treats it — an essential competency and a calming, grounding practice — without turning ""resilience"" into fear-marketing?"
harvest,research/harvest/QUESTION_BANK_EXTENDED.md,H24,bank,"How do we make Conscious Eating (Gabriel Cousens, M.D. — verify spelling and claims, the operator writes ""Couzens"") an integral value-source and concept input the way GENESIS handled Gaskin — honouring what it offers while grading its clinical and spiritual claims honestly, contested-flags attached, no attack and no evangelism?"
harvest,research/harvest/QUESTION_BANK_EXTENDED.md,H25,bank,"How do we talk about all the benefits of a much-more-plant-based diet *honestly* — real effect sizes, not slogans — while explicitly avoiding the vegan debate, so this reads as evidence offered to free people and never as one diet-tribe scoring on another?"
harvest,research/harvest/QUESTION_BANK_EXTENDED.md,H26,bank,"How healthy are the various food cultures of the world ACTUALLY — the many traditional diets around the planet — compared to the North-American stereotype, and how do we research and present that so it lifts up the multicultural table as a *health* asset without romanticizing or stereotyping any culture's cuisine?"
harvest,research/harvest/QUESTION_BANK_EXTENDED.md,H27,bank,"How do we treat food as medicine at population scale — produce prescriptions, hospital food worth eating, first-1,000-days nutrition — and eventually SHOW it works with data (the VITALITY testing thesis applied to the plate), without over-claiming what a carrot can do?"
harvest,research/harvest/QUESTION_BANK_EXTENDED.md,H28,bank,"How do we make eating well *sexy and doable* for a person who is tired, broke and time- poor — meeting them exactly where they ACTUALLY are — so ""conscious eating"" never becomes a wealthy person's aesthetic that quietly shames everyone who can't afford it?"
harvest,research/harvest/QUESTION_BANK_EXTENDED.md,H29,bank,"How do we make animal welfare and raising animals for food *properly* core content — the proven methods (pasture-based, silvopasture, rotational, integrated crop-livestock, the honest range of them) and the policy devices necessary to enable them — presented as real practice with evidence, never as activist framing in either direction?"
harvest,research/harvest/QUESTION_BANK_EXTENDED.md,H30,bank,"What does the *animal farmer* become in this vision — a steward and a craftsperson doing it right, honoured for it — and what are the honest economics and policy changes (labelling, procurement preference, transition support) that make doing it right survivable rather than a moral luxury only rich farms can afford?"
harvest,research/harvest/QUESTION_BANK_EXTENDED.md,H31,bank,"How do we hold the plant-forward evidence (Section G) and the raise-animals-properly work (this section) in the *same* program without either one becoming a wedge — since the operator explicitly wants both, and explicitly forbids the war between them?"
harvest,research/harvest/QUESTION_BANK_EXTENDED.md,H32,bank,"How do we free ourselves from the food oligopolies honestly — describing Canadian grocery market structure only from published sources (the Competition Bureau grocery study and the like), never alleging misconduct — and rule early: partner, regulate, or route around? Does partners-never-adversaries extend to the oligopoly itself, or only to its workers and the independent grocer, and can we make that a clean decommodification argument argued FOR and AGAINST?"
harvest,research/harvest/QUESTION_BANK_EXTENDED.md,H33,bank,"How do we honour the operator's line that ""'free' food shouldn't mean shit food"" as a hard design principle for every food-access artifact — so that free and dignified and *good* stop being a contradiction, and the food bank line, the school lunch, the shelter plate all clear the same quality bar a paying customer would expect?"
harvest,research/harvest/QUESTION_BANK_EXTENDED.md,H34,bank,"Is food insecurity mostly an income problem — and if so, does HARVEST say that plainly and point at LIVELIHOOD, while still building the food-system fixes that make every dollar go further? How do we hold both truths without letting ""it's really about poverty"" become an excuse to do nothing on food?"
harvest,research/harvest/QUESTION_BANK_EXTENDED.md,H35,bank,"What does the *food bank* become when the goal is to make it obsolete — the way we'd frame ending homelessness rather than servicing it — and how do we do that critique with total dignity toward the people doing heroic work inside a broken frame, treating food-bank staff as partners in their own transformation?"
harvest,research/harvest/QUESTION_BANK_EXTENDED.md,H36,bank,"How do we honour supply management honestly — dairy and poultry quotas, FOR and AGAINST, no sacred cows — so the program has a real position rather than a comfortable silence?"
harvest,research/harvest/QUESTION_BANK_EXTENDED.md,H37,bank,"How do we confront head-on how big the food industry ACTUALLY is to the economy — its real share, employment, and margins from published data — and model how AI and our concepts will impact it, with the full five-axis ROI analysis (the `roi_v2_scaffold.py` framework named as a required analysis lane) rather than a vibes-based ""this will be huge""?"
harvest,research/harvest/QUESTION_BANK_EXTENDED.md,H38,bank,"The operator sees the intermediary layers — most economic activity being just buying and selling — as ""fake GDP."" How do we explore that thesis honestly FOR and AGAINST (marked as his personal view), asking whether cutting through the middle layers creates real value or just destroys livelihoods and information the middle layer was quietly providing?"
harvest,research/harvest/QUESTION_BANK_EXTENDED.md,H39,bank,"If we cut through the intermediary layers, what are the knock-on effects to our economic systems and to the way we calculate our economic KPIs — does GDP even measure the right thing for a food system optimized for nourishment and connection instead of turnover, and what would a better scoreboard be?"
harvest,research/harvest/QUESTION_BANK_EXTENDED.md,H40,bank,"What does *value-added work* become when raw abundance is cheap and automated — where do the good, meaningful, well-paid food jobs actually live in this new economy (craft, care, teaching, hosting, stewardship), and how do we make sure ""efficiency"" doesn't just concentrate the gains and hollow the middle?"
harvest,research/harvest/QUESTION_BANK_EXTENDED.md,H41,bank,"Could we pioneer and shamelessly steal ideas for household and small-scale permaculture, polyculture and syntropic ""wild""-style robotics — low-cost backyard, basement, attic, empty-lot robots that plan, develop, harvest and landscape natural/organic gardens? What is ACTUALLY possible today with AI and robotics versus three years out versus wishful, run honestly?"
harvest,research/harvest/QUESTION_BANK_EXTENDED.md,H42,bank,How do we build food automation so it *adds* to a culture of making food production and preparation fun for the whole family and community — robots that do the drudgery so humans do the joyful and connective parts — rather than automation that removes people from their own food and their own hands?
harvest,research/harvest/QUESTION_BANK_EXTENDED.md,H43,bank,"How do we make backyard/small-scale robotic growing cheap and open enough that it frees people from the oligopoly instead of creating a new dependency on whoever sells the robots and the subscription? What does the *home grower* become when a machine does the weeding — more of a gardener, or less of one?"
harvest,research/harvest/QUESTION_BANK_EXTENDED.md,H44,bank,"How do we take money out of home food production honestly — open-source designs, repair, shared tool-libraries, mastery→teach — so the automation dividend flows to households and not to a platform, and we can say plainly how it's funded and who profits?"
harvest,research/harvest/QUESTION_BANK_EXTENDED.md,H45,bank,"How do we bake the ability to prepare food for ourselves and our loved ones into every person as an essential skill from an early age — the purest 99%-practice civic skill, cheap to teach, immediately rewarding, infinitely deep, social by nature — as the EDU crossing's most teachable plank?"
harvest,research/harvest/QUESTION_BANK_EXTENDED.md,H46,bank,"How do we make every culture's grandmothers and elders the faculty (the ELDERS crossing) — mastery→teach starting in the kitchen — so cooking knowledge is transmitted person-to-person and honoured, and elders gain purpose and standing in the exchange?"
harvest,research/harvest/QUESTION_BANK_EXTENDED.md,H47,bank,"How does ""it takes a village"" apply to food the way it applies to raising kids — the village that grows, preserves, does the value-added work, and cooks together — and how does that same village layer of cousins, aunties, uncles and elders co-regulate us and hold our mental health, since we're social creatures meant to live in community (PROJ-0049)?"
harvest,research/harvest/QUESTION_BANK_EXTENDED.md,H48,bank,"What does a Game of Life 3.0 growing/cooking/preserving skill-tree look like — MMORPG- style progression, practice over study, mastery→teach — that makes feeding yourself and others a visibly leveling-up mastery rather than a chore?"
harvest,research/harvest/QUESTION_BANK_EXTENDED.md,H49,bank,"How do we make the transition to teaching-everyone-to-cook as fast as possible but as safely as necessary — at scale, meeting every neighbourhood where it ACTUALLY is — without turning a joyful skill into another mandatory, graded, gate-kept curriculum?"
harvest,research/harvest/QUESTION_BANK_EXTENDED.md,H50,bank,"Why don't we take over the food terminal and create an automated, AI-enabled delivery system of foodstuffs? Break it down honestly: given the Ontario Food Terminal is provincially owned and governed, what does ""take over"" actually mean — a negotiated partnership, a mandate change, a parallel commons — and what is the real, jurisdiction-honest path versus the fantasy?"
harvest,research/harvest/QUESTION_BANK_EXTENDED.md,H51,bank,"If we made raw foodstuffs available at bulk wholesale prices delivered to our doors automatically, with home robots to prepare and cook — what happens to all the jobs, the restaurants, the bars, and the culture? This is the operator's own hardest question: break it down and explore it, partners-never-adversaries, treating the hospitality workforce and its culture as something to carry forward, never as expendable intermediaries."
harvest,research/harvest/QUESTION_BANK_EXTENDED.md,H52,bank,"What does the *restaurant* become when nobody *needs* it to eat well — a place we go for connection, craft, occasion, theatre and each other rather than fuel? Is the honest future *fewer but better and more human* hospitality spaces, and how do we help that transition instead of just disrupting a workforce and calling it progress?"
harvest,research/harvest/QUESTION_BANK_EXTENDED.md,H53,bank,"What does the *bar* and the *third place* become — since these are connection infrastructure, not just food-and-drink transactions — and how do we make sure an efficiency win on calories doesn't quietly demolish the places where a city actually meets itself?"
harvest,research/harvest/QUESTION_BANK_EXTENDED.md,H54,bank,"Could the mass-buying / bulk-buy-and-deliver idea from the ELDERS seed generalize into a city-scale food-purchasing commons — households, restaurants, institutions pooling demand — and is *that*, rather than a ""takeover,"" the real, buildable, partner-friendly version of the Terminal ambition?"
harvest,research/harvest/QUESTION_BANK_EXTENDED.md,H55,bank,"How do we make the whole wholesale-to-door redesign *fast but safe* — piloting small, proving it, protecting the affected workers through the transition — so we never move faster than our ability to catch the people the old system was employing?"
harvest,research/harvest/QUESTION_BANK_EXTENDED.md,H56,bank,"How do we treat ""the world's food cultures, one city"" as *infrastructure* the way TorontoOS treats tech — the multicultural table as a connection engine, a living food school, an export/diaspora-trade engine, and a health asset all at once — and where is that superpower ACTUALLY at today versus the brochure version?"
harvest,research/harvest/QUESTION_BANK_EXTENDED.md,H57,bank,"The city, schools, hospitals, shelters and long-term care are the biggest fork in Toronto — how do we make every public plate local-first, culturally right, and medically sound, and make universal school meals the EDU-crossing demonstration (every school a teaching kitchen + garden) as the national school-food program rolls out?"
harvest,research/harvest/QUESTION_BANK_EXTENDED.md,H58,bank,"Roughly a third of food is wasted while people queue for it — how do we make the circular plate real: gleaning networks, surplus-rescue logistics (an information-management problem, DR3's competency pointed at food), upcycled-food enterprise, composting as literal soil-building? Is the money currently burned as waste HARVEST's ABUNDANCE seed, recaptured — and how do we do it without building a system that *depends* on waste to keep existing?"
harvest,research/harvest/QUESTION_BANK_EXTENDED.md,H59,bank,"How do we support Indigenous food sovereignty — wild rice, the three sisters, land-based and urban Indigenous food practice — as Indigenous-led and protocol-governed, *supported-never- ours* (the GEN-R7 posture exactly), named early so the program never casually absorbs it, and amplifying published Indigenous voices about themselves rather than speaking for them?"
harvest,research/harvest/QUESTION_BANK_EXTENDED.md,H60,bank,"How do we treat the soil itself as literal and not rhetorical — soil-to-table and waste-to-soil — and give regenerative agriculture's claims the honest-evidence treatment (the carbon claims are genuinely contested), so ""regenerative"" is a measured practice and not a marketing word?"
harvest,research/harvest/QUESTION_BANK_EXTENDED.md,H61,bank,"Where exactly is the HARVEST↔REGENERATION boundary — the proposal is HARVEST owns soil-to-table (farms, food, kitchens, waste-to-soil) and REGENERATION owns the living systems around it — and how do we rule that line early enough that the two programs braid rather than collide, with the same partners-never-adversaries and connection-underneath spine running through both?"
homes,research/homes/QUESTION_BANK_EXTENDED.md,HM1,bank,"How do we radically reform housing in a world of AI frontier models — what does ""housing policy"" even mean when AI collapses the cost of design, permitting, and construction admin at the same time it concentrates the capital that owns land? `[SEED]`"
homes,research/homes/QUESTION_BANK_EXTENDED.md,HM2,bank,"There are no more mortgages, but there is a lot of housing to be built and stewarded — how do we organize to do it, and what replaces the 30-year debt contract as the thing that binds a person to a place? `[SEED]`"
homes,research/homes/QUESTION_BANK_EXTENDED.md,HM3,bank,"If AI can deflate the cost of building a home by an order of magnitude, who captures that deflation — the household, the landowner, the lender, or the platform — and how do we design so the saving lands with the person who needs shelter, not the person who owns the dirt?"
homes,research/homes/QUESTION_BANK_EXTENDED.md,HM4,bank,"What is the housing analogue of ""meet everyone where they ACTUALLY are, not above or below"" — how do we design a system that serves the person in an encampment tonight and the first-time buyer priced out of ownership with the same underlying logic?"
homes,research/homes/QUESTION_BANK_EXTENDED.md,HM5,bank,"Is a home a commodity, a right, infrastructure, or something else — and what would decommodification honestly argued actually look like, including who gets hurt in the transition and how we make them whole? `[SEED]`"
homes,research/homes/QUESTION_BANK_EXTENDED.md,HM6,bank,"Where is Toronto ACTUALLY at — real vacancy, real social-housing waitlists, real cost-per-shelter-bed-night, real encampment counts, real eviction filings — measured, not imagined, and who is allowed to see the numbers? `[SEED]`"
homes,research/homes/QUESTION_BANK_EXTENDED.md,HM7,bank,"What does it ACTUALLY cost us today to MAINTAIN homelessness in Toronto — shelter beds, hospital cycles, policing of public space, encampment clearances — versus what it would cost to END it, and why do we keep choosing the more expensive option? `[SEED]`"
homes,research/homes/QUESTION_BANK_EXTENDED.md,HM8,bank,"How many homes in Toronto are ACTUALLY sitting empty, under-occupied, or held as investment vehicles rather than lived in — and how far would honestly counting them go toward the shortfall before we pour a single new foundation?"
homes,research/homes/QUESTION_BANK_EXTENDED.md,HM9,bank,"Where ACTUALLY are the people — which wards, which shelters, which discharge points, which hidden couch-surfing populations — so that we plan against the real geography of need and not an averaged-out map that helps no one?"
homes,research/homes/QUESTION_BANK_EXTENDED.md,HM10,bank,"What's our ACTUAL baseline of trust: do Torontonians even believe the official numbers, and if not, what would a count they helped produce and could audit themselves look like?"
homes,research/homes/QUESTION_BANK_EXTENDED.md,HM11,bank,Nobody treats the whole ladder — encampment → shelter → transitional → social housing → rental → co-op → ownership → aging-in-place — as ONE thing. What changes if we design it as a single lifecycle a person moves ALONG rather than eight disconnected systems they fall BETWEEN? `[SEED]`
homes,research/homes/QUESTION_BANK_EXTENDED.md,HM12,bank,"Where do people ACTUALLY fall off the ladder — which rung-to-rung transitions break most often (hospital-to-nothing, shelter-to-nowhere, aging-out-of-care) — and how do we weld the gaps shut so nobody re-enters homelessness through a seam we already know about?"
homes,research/homes/QUESTION_BANK_EXTENDED.md,HM13,bank,"What does aging-in-place ACTUALLY require so that the top of the ladder doesn't quietly become a trap — an elder asset-rich and cash-poor, isolated in a home too big to maintain — and how does that rung connect back down to the youth who need room?"
homes,research/homes/QUESTION_BANK_EXTENDED.md,HM14,bank,"How do we make MOVING UP the ladder feel like progress a person chooses, not a means-tested cliff they're afraid to climb because one more dollar of income costs them their home?"
homes,research/homes/QUESTION_BANK_EXTENDED.md,HM15,bank,"How do we take money OUT of housing — land value, financing layers, speculation, the intermediary fees that are really just fake GDP — laid out honestly FOR and AGAINST, with the losers named and not hidden? `[SEED]`"
homes,research/homes/QUESTION_BANK_EXTENDED.md,HM16,bank,"Who ACTUALLY designed Toronto's cost crisis, and how much of the sky-high price was engineered to enrich landowners and investors versus emerging from honest scarcity — and how do we answer that WITHOUT stigmatizing any single generation or owner who simply played the rules they were handed? `[SEED]`"
homes,research/homes/QUESTION_BANK_EXTENDED.md,HM17,bank,"How do we bring housing costs down to sane levels WITHOUT destroying the retirement safety nets our elder generations built inside their homes — what's the honest instrument (buyout, guarantee, annuity, insurance) that protects the person while deflating the asset? `[SEED]`"
homes,research/homes/QUESTION_BANK_EXTENDED.md,HM18,bank,"Who profits from the housing shortage staying UNSOLVED — the poverty industry, the service contracts, the appreciation on scarcity — and what specifically breaks, and for whom, the day it's actually solved? `[SEED]`"
homes,research/homes/QUESTION_BANK_EXTENDED.md,HM19,bank,"FOR-and-AGAINST: a land-value tax, a vacancy tax with teeth, an end to housing as a retirement vehicle — for each one, who wins, who's hurt, how fast, and what's the honest transition we owe the people on the losing side?"
homes,research/homes/QUESTION_BANK_EXTENDED.md,HM20,bank,"If we succeed in taking the money out, what fills the hole in household wealth and municipal revenue that housing appreciation quietly fills today — and can we say that out loud before we start, not after?"
homes,research/homes/QUESTION_BANK_EXTENDED.md,HM21,bank,"CLTs, co-ops, Vienna's social housing, Singapore's HDB, Finland's Housing First, the Philippines' bayanihan house-raising — what do we shamelessly copy, and what does nobody DARE copy, and why is the daren't-copy list the more interesting one? `[SEED]`"
homes,research/homes/QUESTION_BANK_EXTENDED.md,HM22,bank,"Could Toronto build homes the way it should build software — prefab, mass timber, 3D printing, robotic builds, open-source self-build co-operatives, versioned and forked — and what in the permitting/trades/financing stack ACTUALLY stops us today? `[SEED]`"
homes,research/homes/QUESTION_BANK_EXTENDED.md,HM23,bank,"How far do community land trusts and co-ops scale in a real city before they hit a wall — is the ceiling capital, land, governance, or culture — and what's the honest largest-known working example we can measure ourselves against?"
homes,research/homes/QUESTION_BANK_EXTENDED.md,HM24,bank,"If AI-designed, factory-built homes get radically cheaper, what's the risk they get radically WORSE — cheap, ugly, disconnected, primal-need-blind — and how do we bake nature- proximity, daylight, and belonging into the spec so we don't just mass-produce loneliness?"
homes,research/homes/QUESTION_BANK_EXTENDED.md,HM25,bank,"What would it take to make the HARVEST-seed 150-family ecovillage a REPLICABLE template — designed once, sprouted many times — rather than a one-off, so re-ruralization becomes a system, not a boutique?"
homes,research/homes/QUESTION_BANK_EXTENDED.md,HM26,bank,"Could vacant offices, dead malls, golf courses, faith-community land, and surplus school land ACTUALLY become homes — what's the honest inventory, parcel by parcel, and what's the real conversion cost versus new build? `[SEED]`"
homes,research/homes/QUESTION_BANK_EXTENDED.md,HM27,bank,"Toronto's 5,600 places of worship and thousands of schools — if each adopted and housed ONE person or ONE household on land it already holds, what does that add up to, and what's the honest barrier (zoning, insurance, liability, will) stopping the easy win? `[SEED]`"
homes,research/homes/QUESTION_BANK_EXTENDED.md,HM28,bank,"Return-to-office as real-estate-crash prevention — TEST the hypothesis: is the push to refill towers ACTUALLY about productivity, or about defending office-asset values, and if the latter, does converting empty offices to homes solve two problems the honest way? `[SEED]`"
homes,research/homes/QUESTION_BANK_EXTENDED.md,HM29,bank,"If knowledge workers are genuinely as productive from home, what happens to the demand for downtown space — and instead of fighting that shift, how do we CONVERT it into the largest supply of new homes Toronto has seen in a generation?"
homes,research/homes/QUESTION_BANK_EXTENDED.md,HM30,bank,"What does the landlord ACTUALLY become in the AI era — from rent-extractor to housing steward, host, or service-provider — and how do we make that transformation something they RUN TOWARD rather than resist? `[SEED]`"
homes,research/homes/QUESTION_BANK_EXTENDED.md,HM31,bank,"What do the developer, the planner, the realtor, and the property manager become when AI eats the paperwork and the search cost — where does their genuine, irreplaceable human value move to, and how do we help them get there? `[SEED]`"
homes,research/homes/QUESTION_BANK_EXTENDED.md,HM32,bank,"The building-trades unions — partners, never adversaries — what's their UPGRADED role in an era of prefab and robotic build, and how do we co-design the transition WITH them so the new-construction pie grows for their members rather than shrinking? `[SEED]`"
homes,research/homes/QUESTION_BANK_EXTENDED.md,HM33,bank,What does the shelter worker become when the goal shifts from managing scarcity to ending it — and how do we honor and re-skill a workforce whose current jobs exist because the problem is unsolved? `[SEED]`
homes,research/homes/QUESTION_BANK_EXTENDED.md,HM34,bank,"The older generations whose retirement sits inside the asset — partners, never adversaries — how do we bring them in as ALLIES in bringing costs down, protected and thanked, rather than blamed for a system they were told was prudent to join?"
homes,research/homes/QUESTION_BANK_EXTENDED.md,HM35,bank,"How do we make being a builder, a host, a housing steward genuinely HIGH-STATUS — how do we make solving homelessness ""sexy"" — so the most talented, ambitious young people WANT to spend a decade housing their city? `[SEED]`"
homes,research/homes/QUESTION_BANK_EXTENDED.md,HM36,bank,"How do we make HOSTING sexy — make renting out the guest room, taking in a roommate, or homesharing with an elder feel like an aspirational act of a generous life, not a downgrade or a last resort?"
homes,research/homes/QUESTION_BANK_EXTENDED.md,HM37,bank,"How do we make STEWARDSHIP of a place — maintaining, improving, and handing on a home or a village better than you found it — carry the status that ""owning"" and ""flipping"" carry today?"
homes,research/homes/QUESTION_BANK_EXTENDED.md,HM38,bank,"What's the cultural story that makes multigenerational and shared living the ENVIED household — full of company, care, and life — rather than the one people apologize for?"
homes,research/homes/QUESTION_BANK_EXTENDED.md,HM39,bank,"Could we wrap the whole housing journey into a Game-of-Life progression — renter → co-op member → steward → builder of the next village — with visible skill-trees, milestones, and earned standing, so a citizen can SEE the path from housed-by-others to housing-others? `[SEED]`"
homes,research/homes/QUESTION_BANK_EXTENDED.md,HM40,bank,"What are the honest ""graduation checkpoints"" on the housing path — the competencies of tenancy, stewardship, co-op governance, and building — and how do we certify them WITHOUT gate-keeping anyone out of a home they need to live in?"
homes,research/homes/QUESTION_BANK_EXTENDED.md,HM41,bank,"How do we design the incentives so the game rewards CONTRIBUTION — hosting, mentoring a new tenant, maintaining common space, raising a neighbor's wall — with real standing and real benefits, the way behavioral economics says durable systems must?"
homes,research/homes/QUESTION_BANK_EXTENDED.md,HM42,bank,"The operator's ACTUAL claim: the happiest he's ever been was on lakes, beaches, mountains, farms — is there real evidence that nature-proximity is primal to human wellbeing, and if so, how do we build that proximity INTO housing whether rural or urban? `[SEED]`"
homes,research/homes/QUESTION_BANK_EXTENDED.md,HM43,bank,"TEST the hypothesis that cities' original reasons to exist — livelihoods, resources, decision-making, coordination — are obsolete under modern technology: where does it hold, where does it break, and what do cities still do that nothing else can? `[SEED]`"
homes,research/homes/QUESTION_BANK_EXTENDED.md,HM44,bank,"If a real share of urban populations WANT to re-ruralize into intentionally designed, permaculture-based, ecovillage-inspired communities, how do we make that pathway real, funded, and safe — drawing honestly on ecovillage design, permaculture, evolutionary studies, anthropology, and the studies of happiness? `[SEED]`"
homes,research/homes/QUESTION_BANK_EXTENDED.md,HM45,bank,"For the many who genuinely LOVE cities — the culture, the density, the social life — what does the deep body of sustainable and regenerative urban planning already teach us about building the city they'd love to grow old in? `[SEED]`"
homes,research/homes/QUESTION_BANK_EXTENDED.md,HM46,bank,"How do we run BOTH answers at once — re-ruralization for those who want the land AND regenerative density for those who want the city — without one camp's solution being sold as everyone's, and without pretending either is free?"
homes,research/homes/QUESTION_BANK_EXTENDED.md,HM47,bank,"How compliant were the older generations ACTUALLY in a system that priced out the youth — and how do we investigate that honestly, as a question about incentives and rules, not a moral charge against people who did what the system rewarded? `[SEED]`"
homes,research/homes/QUESTION_BANK_EXTENDED.md,HM48,bank,"""We're all going to need a home the day we can't afford one"" — what's the housing version of ""remember, we're all going to be old,"" and how do we use it to build solidarity ACROSS generations instead of a fight between them? `[SEED]`"
homes,research/homes/QUESTION_BANK_EXTENDED.md,HM49,bank,"How do we design so that helping the young get housed also SECURES the old — where the elder's home becomes company, care, and income through homeshare rather than an isolated asset she can't afford to leave or maintain?"
homes,research/homes/QUESTION_BANK_EXTENDED.md,HM50,bank,"It takes a village — what's the fastest, cheapest, most human meta-solution to homelessness AND loneliness at once: roommates, multi-family households, renting the guest room, elders housing youth for free in exchange for company — and how do we make each ACTUALLY easy to say yes to? `[SEED]`"
homes,research/homes/QUESTION_BANK_EXTENDED.md,HM51,bank,"Elder-youth homeshare for company — what are the real barriers (trust, safety, liability, matching, dignity for both sides) and how do we build the matchmaking, the vetting, and the protections so it scales past pilot into a movement?"
homes,research/homes/QUESTION_BANK_EXTENDED.md,HM52,bank,"The faith-and-school adoption win — 5,600 congregations and thousands of schools each taking in ONE person — how do we organize, insure, support, and CELEBRATE that so it's a reproducible campaign and not a handful of heroic exceptions? `[SEED]`"
homes,research/homes/QUESTION_BANK_EXTENDED.md,HM53,bank,"What safeguards make the whole shared-living meta-solution safe and DIGNIFIED for the vulnerable person being housed — so ""move in with a stranger"" never becomes a channel for exploitation, and consent, exit, and privacy are built in from the start?"
homes,research/homes/QUESTION_BANK_EXTENDED.md,HM54,bank,"The happiest households the operator has seen were multigenerational homes of 15-20 with many more nearby, mostly in the developing world — what do those household cultures ACTUALLY know about living, loving, and community that Canadian household formation has lost, framed as learning-FROM and never as denigrating anyone? `[SEED]`"
homes,research/homes/QUESTION_BANK_EXTENDED.md,HM55,bank,"What in Canadian zoning, building code, tax, and cultural default quietly PENALIZES the large, multigenerational, extended household — and how do we remove those penalties so families who want to live together can, without breaking a rule written for a 1950s nuclear norm?"
homes,research/homes/QUESTION_BANK_EXTENDED.md,HM56,bank,"Where is housing ACTUALLY a belonging problem wearing a real-estate costume — is the unit the product, or the village around it — and what changes if we treat connection, not square footage, as the thing we're really building? `[SEED]`"
homes,research/homes/QUESTION_BANK_EXTENDED.md,HM57,bank,"If loneliness and homelessness are two faces of the same broken belonging, how do we measure whether a housing solution is WORKING by connection and rootedness, not just by a roof counted and a bed filled?"
homes,research/homes/QUESTION_BANK_EXTENDED.md,HM58,bank,"Is there a housing-data commons — who ACTUALLY owns the ownership records, the rent data, the REIT and financialization flows — and how do we hand that information back to the people so they can see who owns their city? `[SEED]`"
homes,research/homes/QUESTION_BANK_EXTENDED.md,HM59,bank,"How do we surface the financialization of Toronto housing — the corporate-landlord and investment-vehicle flows — under the observatory's pointer-never-author rules, so we illuminate the system honestly without authoring unproven claims about any named entity?"
homes,research/homes/QUESTION_BANK_EXTENDED.md,HM60,bank,"What would a one-year city SPRINT ACTUALLY accomplish in housing — how many conversions, homeshares, adoptions, and ladder-repairs — and what must be pre-built for the crowd BEFORE the sprint starts so the surge lands as housing and not as chaos? `[SEED]`"
homes,research/homes/QUESTION_BANK_EXTENDED.md,HM61,bank,How do we make the transition to these new housing systems as FAST as possible but as SAFE as necessary — what's the sequence that never leaves a vulnerable person more exposed mid-transition than they were before we started? `[SEED]`
livelihood,research/livelihood/QUESTION_BANK_EXTENDED.md,L1,bank,"[SEED-PROMPT][SEED 1] The spine, said whole: when AI ends the job but not the work, what is the *unit of livelihood* that replaces the wage — income floor + chosen work, ownership shares, credits, or a braid of all three — in his words, not the leaf's?"
livelihood,research/livelihood/QUESTION_BANK_EXTENDED.md,L2,bank,"[SEED-PROMPT] What mobilizes dark talent at city scale — demonstration-over-credentials hiring, a portfolio commons, the movement's own proving grounds — for Toronto's credential- blocked newcomers as the sharpest case, and has it been done anywhere?"
livelihood,research/livelihood/QUESTION_BANK_EXTENDED.md,L3,bank,"[SEED-PROMPT] Given Ontario cancelled its Basic Income Pilot mid-flight, is the stance to argue the income floor honestly FOR and AGAINST, to build the city-scale instrument that doesn't need Queen's Park (what would that even be?), or both — and does LIVELIHOOD accept being where the poverty buck stops, per HARVEST?"
livelihood,research/livelihood/QUESTION_BANK_EXTENDED.md,L4,bank,"[SEED-PROMPT] Where is Toronto ACTUALLY at — the whole distribution, not the average: working poverty, underemployment, precarity by neighbourhood and immigration cohort — and what's the one honest baseline number for the wall?"
livelihood,research/livelihood/QUESTION_BANK_EXTENDED.md,L5,bank,"[SEED-PROMPT] The care/housing/climate/community/art work the market never paid for — what mechanism makes needed-work *paid or honored*: public service jobs, mutual credit, the credit economy, stipended civic roles?"
livelihood,research/livelihood/QUESTION_BANK_EXTENDED.md,L6,bank,"[SEED-PROMPT] The movement's credit economy — real currency (city-scale time-banking, taxable, bankable) or game layer (Game of Life 3.0 progression that gates nothing)? Where does it touch real dollars, and where must it never?"
livelihood,research/livelihood/QUESTION_BANK_EXTENDED.md,L7,bank,[SEED-PROMPT] Can teaching what you've mastered be a standing *income class* — every mastered skill a micro-faculty — and what keeps that honest rather than MLM-shaped?
livelihood,research/livelihood/QUESTION_BANK_EXTENDED.md,L8,bank,"[SEED-PROMPT] Toronto invented the BIA (Bloor West Village, 1970) and now has ~80+ — are BIAs the purok layer of commerce, and what's their radical upgrade (shared back-office, common delivery, collective buying — the ELDERS bulk-buy seed generalized to merchants)?"
livelihood,research/livelihood/QUESTION_BANK_EXTENDED.md,L9,bank,"[SEED-PROMPT] Vacant storefronts beside record commercial rents — what's the fix that's honest about landlord economics (commercial rent control argued both ways, vacancy taxes, community ownership of main-street real estate), and what structure survives decades given the ⚠️Artscape receivership warning?"
livelihood,research/livelihood/QUESTION_BANK_EXTENDED.md,L10,bank,"[SEED-PROMPT] Buy-local multiplier claims are routinely inflated — does LIVELIHOOD publish the honest math even when the multiplier is modest, and is the honest version still enough to build on?"
livelihood,research/livelihood/QUESTION_BANK_EXTENDED.md,L11,bank,"[SEED-PROMPT] Preston and Cleveland made anchor institutions the engine — which Toronto anchors (hospitals, universities, the City itself, pension capital?) and what do they redirect first?"
livelihood,research/livelihood/QUESTION_BANK_EXTENDED.md,L12,bank,"[SEED-PROMPT] Why are worker co-ops marginal in Toronto — capital, culture, competence, or nobody built the conversion machine — and with a generation of owners retiring, is succession-to-worker-buyout the single highest-leverage co-op play?"
livelihood,research/livelihood/QUESTION_BANK_EXTENDED.md,L13,bank,"[SEED-PROMPT] Platform co-ops — is the citizens' platform also *economic* infrastructure (delivery, rides, short-term rental, freelance marketplaces, locally owned), and since most platform co-ops stayed small, what would make ours the exception, honestly?"
livelihood,research/livelihood/QUESTION_BANK_EXTENDED.md,L14,bank,"[SEED-PROMPT] The City, schools, hospitals, transit build buy enormously — given Toronto's ⚠️community-benefits precedent (Eglinton Crosstown CBA / Toronto Community Benefits Network), what's the radical-but-safe version: social procurement as default, not pilot?"
livelihood,research/livelihood/QUESTION_BANK_EXTENDED.md,L15,bank,"[SEED-PROMPT] Procurement rules exist because directed spending is where corruption lives — how far does community-directed procurement go before it *becomes* the disease it treats, and what's the anti-capture floor (the AGO-R3 shape applied to money)?"
livelihood,research/livelihood/QUESTION_BANK_EXTENDED.md,L16,bank,"[SEED-PROMPT][SEED 1] The ""best global sales and support team"" seed, de-risked by NEWCOMERS into a node *inside* LIVELIHOOD riding existing diaspora chambers, designed no-regret (coaching, introductions and standing even if no deal closes; trade volume upside, never the promise) — is that the shape, or did it lose something he meant?"
livelihood,research/livelihood/QUESTION_BANK_EXTENDED.md,L17,bank,"[SEED-PROMPT] ""Improve home from here"" beyond trade — diaspora investment vehicles, diaspora bonds, knowledge remittances — what's honest and what's romantic, and which corridor to pilot first?"
livelihood,research/livelihood/QUESTION_BANK_EXTENDED.md,L18,bank,"[SEED-PROMPT] Given ⚠️Foodora's couriers won a landmark union ruling and the platform exited Canada, what does gig dignity look like that *survives platform exit* — portable benefits, sectoral bargaining, the city's licensing leverage, or the platform-co-op alternative?"
livelihood,research/livelihood/QUESTION_BANK_EXTENDED.md,L19,bank,"[SEED-PROMPT] Partners-never-adversaries clearly covers drivers and couriers — does it cover the platforms themselves (partner, regulate, or route around), and the temp-agency layer that intermediates so much precarious work (the fake-GDP question wearing a labour jacket)?"
livelihood,research/livelihood/QUESTION_BANK_EXTENDED.md,L20,bank,"[SEED-PROMPT][SEED 1] H38 lands here — which intermediary layers create real value (aggregation, risk-bearing, price discovery) and which are extraction, *who decides and by what test*, given the honest objection already on file (delete the middle and its functions don't vanish)?"
livelihood,research/livelihood/QUESTION_BANK_EXTENDED.md,L21,bank,"[SEED-PROMPT] H39 generalized — if not GDP, what does the city's economy optimize? Name the five numbers on LIVELIHOOD's dashboard, the scoreboard the AGORA deliberation would ratify."
livelihood,research/livelihood/QUESTION_BANK_EXTENDED.md,L22,bank,[SEED-PROMPT] Does HARVEST's five-axis ROI frame (money · health · connection · resilience · meaning) generalize into LIVELIHOOD's standard evaluation lens for any economic proposal?
livelihood,research/livelihood/QUESTION_BANK_EXTENDED.md,L23,bank,"[SEED-PROMPT][SEED 2] ""Taking money out, honestly"" — which parts of a livelihood should be *demonetized* (transit? childcare? the food floor? tool libraries?) so the wage that remains buys a life, and what honestly breaks when you demonetize (the livelihoods currently inside those systems; the intermediary honesty applies to us too)?"
livelihood,research/livelihood/QUESTION_BANK_EXTENDED.md,L24,bank,"[SEED-PROMPT] Boundary ruling — LIVELIHOOD owns *how people earn and make a living*; ABUNDANCE owns *how the city funds the commons* (sovereign-wealth funds, public banking, export revenue); LIVELIHOOD holds only the worker/owner-facing seam. Right line?"
livelihood,research/livelihood/QUESTION_BANK_EXTENDED.md,L25,bank,"[SEED-PROMPT][SEED 2] The automation wave hits drivers, warehouses, admin and much of the credential class; retraining evidence is historically weak — what's the fast-but-safe transition Toronto actually owes its displaced (income bridge + real placement, not retraining theatre)?"
livelihood,research/livelihood/QUESTION_BANK_EXTENDED.md,L26,bank,"[SEED-PROMPT] Role transformations pointed at ourselves — employment counselors, workforce agencies, the nonprofit-industrial complex around poverty: partners in their own transformation per the standing rule, and what's their next role?"
livelihood,research/livelihood/QUESTION_BANK_EXTENDED.md,L27,bank,"[SEED-PROMPT][SEED 1] Making a living as a *practice* — the 99%-practice ethos applied to entrepreneurship, trades, freelancing: what's the Game of Life 3.0 skill-tree of economic self-reliance, and who are its grandmothers (retired operators as faculty, the ELDERS crossing)?"
livelihood,research/livelihood/QUESTION_BANK_EXTENDED.md,L28,bank,"[SEED-PROMPT][SEED 1] His CONNECTION seed — ""connection and meeting people is largely an information management problem"": is livelihood the same problem (matching dark talent to needed work, customers to main streets, diaspora to corridors), and is the 1-2-hops ""people's capital"" graph also the *economic* capital of the non-rich?"
livelihood,research/livelihood/QUESTION_BANK_EXTENDED.md,L29,bank,"[SEED-PROMPT] Virtues aspirational — what's the virtue at LIVELIHOOD's core (generosity? craftsmanship? honest dealing?), and what makes *earning well by doing right* the aspirational identity, the way he wants practice culture to feel?"
livelihood,research/livelihood/QUESTION_BANK_EXTENDED.md,L30,bank,"[EXT][SEED 2] **How do we organize?** If the wage-and-boss stack is not the organizing principle of a post-jobs economy, what is — federations of co-ops, a purok-of-work layer, stipended civic roles, a mutual-credit commons, or something we haven't named? He doesn't have this pieced together and says so; so what is the smallest *organizing unit* of livelihood that a neighbourhood could actually stand up next year, and what does it federate up into at city scale?"
livelihood,research/livelihood/QUESTION_BANK_EXTENDED.md,L31,bank,"[EXT][SEED 2] **How do we stay a productive society?** If humans stop doing the ""slave"" work and follow purpose, passion and problem-solving instead, what keeps the lights on, the food grown, the pipes fixed, the code shipped — is productivity even the right word anymore, or is the honest question *how do we stay a society that makes what it needs and cares for its own* without a wage-whip driving it? What would falsify the fear that purpose-work can't keep a city fed?"
livelihood,research/livelihood/QUESTION_BANK_EXTENDED.md,L32,bank,"[EXT][SEED 2] **How do we measure contributions?** If we measure them at all (L33), what is a ""contribution"" when the most needed work — raising the next generation, eldercare, holding a neighbourhood together — is exactly the work the market never priced? Who counts as contributing, by what test, and how do we keep that test from re-importing the same hierarchy of ""productive"" and ""unproductive"" people that the current system runs on?"
livelihood,research/livelihood/QUESTION_BANK_EXTENDED.md,L33,bank,"[EXT][SEED 2] **Should we measure contributions at all?** His own question, and the sharp one. If measuring contributions is what turns humans back into inputs to be ranked and optimized — the very thing we're trying to escape — is a contribution-measuring economy a contradiction in terms? Where is the line between *honoring* what people give (visible, celebrated, dignifying) and *scoring* it (ranked, gated, surveilled), and can an economy run on honor without score?"
livelihood,research/livelihood/QUESTION_BANK_EXTENDED.md,L34,bank,"[EXT][SEED 2] **The one certainty — these conversations must happen at scale (the AGORA seam).** He is unsure of the answers but certain of this. So what is the actual instrument that lets a million Torontonians deliberate the four questions above and *ratify* an answer — citizens' assemblies on the economy, a standing economic AGORA, deliberative polling at city scale — and how do we run that conversation so it produces a mandate people are bound to, not just a well-facilitated feeling? What makes a city-scale economic conversation binding rather than ornamental?"
livelihood,research/livelihood/QUESTION_BANK_EXTENDED.md,L35,bank,"[EXT][SEED 2] **The household extraction audit.** For a real Toronto household at the median and at the bottom decile, where does the money actually leak out — rent, interest, bank and overdraft fees, payday lending, platform takes on gig work and delivery, currency-conversion and remittance fees, insurance, ticketing and junk fees, subscription creep? What's the honest monthly total of the leak, and how much of it is *pure extraction* versus a real service being paid for (the intermediary-honesty test applied to the family budget)?"
livelihood,research/livelihood/QUESTION_BANK_EXTENDED.md,L36,bank,"[EXT][SEED 2] **The neighbourhood extraction audit.** Zoom out from the household to the block: how much money enters a Toronto neighbourhood (wages, benefits, pensions) and how fast does it leak back out to non-local landlords, chains, platforms and lenders before it circulates even once locally? What's the neighbourhood's ""money velocity,"" which leaks are the biggest, and which plugged leak would keep the most money circulating — the honest version, not the inflated buy-local claim (L10)?"
livelihood,research/livelihood/QUESTION_BANK_EXTENDED.md,L37,bank,"[EXT] **Rent as the master leak.** For most Toronto households the single largest extraction is rent — so is the dignity floor's ""rents paid for (or mostly) directly"" (his seed) actually the highest-leverage intervention in the whole program, and what does it honestly cost, who bears it, and what breaks (landlord solvency, incentive to build, the small landlord who is themselves not rich) if we plug the master leak first?"
livelihood,research/livelihood/QUESTION_BANK_EXTENDED.md,L38,bank,"[EXT] **Interest and the fee stack, without demonizing the banker.** Bank fees, interest and the payday-lending trap are his named leaks — but the teller, the loan officer and the credit union are inside this system too and many are not the enemy. What's the partners-never-adversaries version: postal banking, credit-union expansion, a public-banking bridge, fee caps argued both ways — and which of these plugs the leak without pretending the risk-bearing and liquidity functions of lending simply vanish (the H38 test applied to money itself)?"
livelihood,research/livelihood/QUESTION_BANK_EXTENDED.md,L39,bank,"[EXT][SEED 2] **What is the smallest complete slice of the parallel economy?** Not a pilot of one feature — the smallest *end-to-end* version where a person could get needed-work, earn/receive livelihood, meet real needs (food, shelter, care) and do it mostly outside the wage system, all in one neighbourhood. What are the minimum parts that have to exist together for the new system to actually run rather than be a demo, and where in Toronto could that slice stand up first?"
livelihood,research/livelihood/QUESTION_BANK_EXTENDED.md,L40,bank,"[EXT][SEED 2] **The backup-system rule — how do the two economies coexist without the new one collapsing the old?** People will have one foot in each for years. How does someone earn credits in the parallel economy *and* dollars in the old one without the tax system, benefits clawbacks, or landlord expectations punishing them for it? What's the interface layer that lets the two run side-by-side — and what's the honest failure mode where the ""backup"" old system gets hollowed out before the new one can carry the load?"
livelihood,research/livelihood/QUESTION_BANK_EXTENDED.md,L41,bank,"[EXT] **Pilot → test → scale, with a real off-ramp.** His method is pilot/test/scale, but most pilots die at ""scale"" and many should. What are the pre-committed decision gates — what evidence promotes a pilot to the next stage, and just as important, what evidence *retires* it gracefully so a failed slice of the parallel economy shuts down without stranding the people who relied on it (the dignity-floor two-key gate applied to our own experiments)?"
livelihood,research/livelihood/QUESTION_BANK_EXTENDED.md,L42,bank,"[EXT] **Who is inside the parallel economy first, and is that fair?** Early adopters of a new economy tend to be the already-secure who can afford to experiment. If the people who most need the dignity floor are the last able to take a risk on an unproven system, how do we build the parallel economy so it reaches the bottom decile *first* rather than becoming a lifestyle option for the comfortable — and what would tell us we got that backwards?"
livelihood,research/livelihood/QUESTION_BANK_EXTENDED.md,L43,bank,"[EXT][SEED 2] **Money's three functions — what replaces each, honestly?** If money fades, something still has to let strangers exchange value (medium of exchange), still has to let us compare a haircut to a bag of rice (unit of account), and still has to let someone save for a hard winter (store of value). For each of the three, what actually does that job in the demonetized economy — gift and reciprocity, mutual credit, reputation, provisioning-in-kind — and which of the three is *hardest* to replace without quietly reinventing money under a new name?"
livelihood,research/livelihood/QUESTION_BANK_EXTENDED.md,L44,bank,"[EXT] **The honest counter-case to demonetization.** Money also does things we don't love to admit: it lets strangers cooperate without trusting each other, it stores value across distance and time, it protects the powerless from having to owe a favor to the powerful. What does a moneyless or money-light economy do *worse* than money did — does it re-personalize obligation in ways that can trap people (owing your landlord a favor instead of rent), and how do we keep demonetization from recreating feudal dependency dressed as gift?"
livelihood,research/livelihood/QUESTION_BANK_EXTENDED.md,L45,bank,"[EXT][SEED 2] **The 30-year trajectory, staged.** If his kids not carrying money is the destination, what's the honest ladder there — what gets demonetized first (the food floor, transit, tool libraries), what gets demonetized last (housing, capital goods), and what may never fully demonetize? What's the checkpoint at year 5, year 15, year 30 that would tell us the trajectory is real and not just wishful — and what checkpoint failure would tell us money is here to stay and we should say so?"
livelihood,research/livelihood/QUESTION_BANK_EXTENDED.md,L46,bank,"[EXT] **Demonetization without the surveillance that usually comes with it.** Every moneyless system that has scaled — points, social credit, closed platform economies — became a tracking system, because you can't run credits without a ledger and you can't run a ledger without watching people. How do we replace money's *anonymity* (cash asks no questions) as well as its three functions, so the demonetized economy doesn't become the most complete surveillance of economic life ever built (the TorontoOS sovereignty mold applied to livelihood)?"
livelihood,research/livelihood/QUESTION_BANK_EXTENDED.md,L47,bank,"[EXT][SEED 2] **Prosperity as needing-least.** If the healthiest, happiest state is needing the least, then the goal of livelihood policy isn't to raise everyone's income — it's to *lower the cost of a good life* until a small income (or none) buys it. So what is the honest ""needing-least"" number for Toronto — what would a genuinely good life here cost per month if housing, food, transit and care were designed for low-need — and is *that* the number on the wall instead of a poverty line or a living wage?"
livelihood,research/livelihood/QUESTION_BANK_EXTENDED.md,L48,bank,"[EXT] **The needing-least trap — is this just austerity with a yoga mat?** The dark counter-case: ""learn to need less"" is exactly what every system tells the poor while the rich need more than ever. How is designing-for-low-need different from telling struggling people to be content with less — is the difference that we're lowering the *cost* of dignity rather than lowering people's *expectations*, and how do we hold that line so needing-least never becomes a respectable name for managed poverty?"
livelihood,research/livelihood/QUESTION_BANK_EXTENDED.md,L49,bank,"[EXT] **Whose needs, and who decides they're ""low""?** A person with a disability, a chronic illness, three kids, or a body that needs more care does not get to ""need less"" — their floor is higher and non-negotiable. How does a needing-least design avoid punishing high-need people, and does the whole frame have to flip for them: not ""need less"" but ""the community carries what you can't,"" which is the gift economy and the dignity floor doing exactly their job?"
livelihood,research/livelihood/QUESTION_BANK_EXTENDED.md,L50,bank,"[EXT][SEED 2] **Drucker vs Goodhart, both true at once.** He quotes Drucker (can't manage what you can't measure) *and* warns garbage-in-garbage-out. Goodhart says any measure you optimize gets gamed. So how does LIVELIHOOD pick the five dashboard numbers (L21) so that measuring them actually improves the thing — what makes a metric *robust to being targeted*, and is the honest answer that some of the most important things (dignity, belonging, purpose) should be *watched but never optimized* because optimizing them destroys them?"
livelihood,research/livelihood/QUESTION_BANK_EXTENDED.md,L51,bank,"[EXT] **The metric that can't be gamed because it's the person's own report.** If every top-down economic metric eventually gets gamed by whoever it judges, is the only Goodhart-proof measure the one the *person themselves* reports about their own life — ""do you have enough, are you secure, do you have work that matters"" — collected without surveillance and owned by them? What's the honest weakness of self-reported flourishing as the city's economic scoreboard, and does it beat GDP anyway?"
livelihood,research/livelihood/QUESTION_BANK_EXTENDED.md,L52,bank,"[EXT][SEED 2] **What we deliberately refuse to measure.** Per L33 — some things we should honor without scoring. What is the explicit *do-not-measure* list for LIVELIHOOD: the mother's work we celebrate but never rank, the neighbour's help we honor but never credit-score, the contribution we make visible but never turn into a leaderboard? Writing that list *is* the answer to ""should we measure contributions"" — so what's on it, and who is empowered to keep things off the scoring ledger permanently?"
livelihood,research/livelihood/QUESTION_BANK_EXTENDED.md,L53,bank,"[EXT][SEED 2] **Service-to-others as a livelihood, not a hobby.** He names service as one of humanity's greatest purposes. In a post-jobs economy, is *service to others* the default productive activity — and if so, how is it honored and provisioned so that a life of service isn't a life of self-sacrifice-into-poverty? What's the mechanism that lets someone serve full-time (eldercare, mentoring, neighbourhood-holding) and still have the dignity floor under them, without turning service into a scored, gamed transaction?"
livelihood,research/livelihood/QUESTION_BANK_EXTENDED.md,L54,bank,"[EXT][SEED 2] **The gift economy at city scale — and its honest failure modes.** Gurdwara langar, community meals, doorstep food, tool libraries — the gift economy already works in pockets. What lets it scale to a million people without the two things that kill gift economies: free-riding that exhausts the givers, and the quiet coercion where a ""gift"" creates an obligation you can't refuse? What's the design that keeps the gift a gift?"
livelihood,research/livelihood/QUESTION_BANK_EXTENDED.md,L55,bank,"[EXT][SEED 2] **Game of Life 3.0 — the economic skill-tree without the poison.** He wants gamified progression (L27's skill-tree of economic self-reliance). But gamification is exactly how extractive platforms hook people, and a ""contribution score"" is the L33 trap wearing a fun costume. What's the version of the progression game that motivates practice and mastery (visible growth, real skill, grandmother-mentors) while *gating nothing* essential — so no one is ever locked out of the dignity floor for a low level, and the game can be ignored entirely by someone who just wants to live?"
livelihood,research/livelihood/QUESTION_BANK_EXTENDED.md,L56,bank,"[EXT] **The 99%-practice ethos applied to earning.** If making a living is a practice (L27) — 99% practice, 1% theory — then most people are, by definition, always *practising* a livelihood, not performing at mastery. How does an economy stay dignified and solvent when its premise is that everyone is a perpetual learner allowed to be bad at things while they grow — what carries a person through the long incompetent middle of learning a trade or a craft, and is *that* what the dignity floor is really for?"
livelihood,research/livelihood/QUESTION_BANK_EXTENDED.md,L57,bank,"[EXT][SEED 2] **The dignity floor as the thing we ship first.** Everything else in this bank is a long build; the dignity floor is immediate. So what is the honest minimum viable dignity floor for Toronto right now — direct rent relief, doorstep food, community meals — that could stand up inside a year, needs no system to fail first, and is designed dignity-first (nobody lines up, nobody is means-tested into shame)? What does it cost, who pays, and what's the two-key gate that keeps it voluntary and non-stigmatizing?"
livelihood,research/livelihood/QUESTION_BANK_EXTENDED.md,L58,bank,"[EXT][SEED 2] **Doorstep food and the community meal — replacing the food-bank line.** He is explicit that lining up for a food bank is undignified and that meals should be community events the without can still join (the gift economy). What is the design that turns food aid into a shared table — the gurdwara-langar model generalized, meals-as-celebration (the CONNECTION seam) — and how do we do it without insulting or displacing the food-bank staff and volunteers who are inside the current system and are partners, not the problem?"
livelihood,research/livelihood/QUESTION_BANK_EXTENDED.md,L59,bank,"[EXT] **The dignity floor without a poverty trap.** Every direct-provision floor risks a clawback cliff — earn a dollar, lose your support, so don't earn. How is the Toronto dignity floor designed so that receiving it never punishes someone for also doing paid or credit work in the parallel economy (the L40 interface), and so that it's a floor to stand on rather than a hole to fall into and never climb out of?"
livelihood,research/livelihood/QUESTION_BANK_EXTENDED.md,L60,bank,"[EXT][SEED 2] **If AI and robots do the ""slave work,"" what does the world actually look like?** His direct question. Play it forward honestly: if the drudgery is automated and humans are freed for purpose, passion and problem-solving — who owns the robots and the AI, because *that* decides whether the freed time becomes universal leisure or universal unemployment? Is the whole demonetization/dignity-floor architecture actually a bet that automation's gains must be commonly owned, and what happens to this vision if they're privately owned instead?"
livelihood,research/livelihood/QUESTION_BANK_EXTENDED.md,L61,bank,"[EXT] **What is ""slave work"" and who decides?** One person's drudgery is another's craft and livelihood — the janitor, the driver, the line cook, the warehouse picker. If we automate the ""slave work,"" we automate *their jobs*, and partners-never-adversaries means we owe them the transition, not the pink slip. Who gets to label work as ""slave work"" fit for automation, and how do we make sure the people currently doing it are the ones deciding and benefiting, not the ones discarded (the L25/L26 transition made concrete)?"
livelihood,research/livelihood/QUESTION_BANK_EXTENDED.md,L62,bank,"[EXT] **Purpose-work — is everyone actually built for it?** The vision assumes that freed from drudgery, people flow toward purpose, mastery and service. But some people found meaning, structure and identity *in* their job, and not everyone has a passion waiting. What does the economy owe the person who is freed from work and finds not purpose but emptiness — is purpose-cultivation itself a public service the movement provides (the EDU/CONNECTION seam), and what would falsify the assumption that humans reliably choose purpose when the wage-whip is gone?"
livelihood,research/livelihood/QUESTION_BANK_EXTENDED.md,L63,bank,"[EXT] **Automating the low-value at the individual scale — the Ferris principle as personal livelihood tool.** His paraphrase: automate away the low-value activities that divert you from the real value you generate. Below the city-scale robots-do-the-drudgery vision, is there a personal-scale version LIVELIHOOD teaches everyone — using AI to automate your own busywork so your hours go to what matters — and does that democratize the 4-hour-workweek freedom that used to belong only to people who could afford to hire it out?"
livelihood,research/livelihood/QUESTION_BANK_EXTENDED.md,L64,bank,"[EXT][SEED 2] **The ordering as a hard filter, not a poster.** He is emphatic that the *order* matters — Change the World, then Have Fun, then Make Money — and that whenever he followed it the money came and he felt right, and whenever he didn't he made money but felt wrong. So can that ordering be an actual *test* every LIVELIHOOD venture, co-op and main-street business has to pass — does it change the world first, is it joyful second, does it make money third — and what gets *rejected* by that filter that a normal business plan would approve?"
livelihood,research/livelihood/QUESTION_BANK_EXTENDED.md,L65,bank,"[EXT][SEED 2] **Regen > Degen as an investment and design rule.** ""Regen > Degen"" is his compression: regenerative over extractive/degenerative. How does LIVELIHOOD operationalize it — is there a regen/degen test that sorts which businesses, platforms and financial products the movement builds, hosts, or refuses to touch, and how do we keep it honest so ""regen"" doesn't become a greenwash label the way ""sustainable"" did (the seed-not-finding discipline applied to our own favorite word)?"
livelihood,research/livelihood/QUESTION_BANK_EXTENDED.md,L66,bank,"[EXT][SEED 2] **#PLURG as economic values — Peace, Love, Unity, Respect, Gratitude.** He holds these as universal. What does an economy that actually runs on PLURG look like versus one that runs on competition and scarcity — is Gratitude the missing economic emotion (the opposite of the manufactured dissatisfaction his seed says advertising sells us), and can a livelihood culture be deliberately built to produce *enough-ness* and gratitude rather than the permanent wanting that the current system needs to keep running?"
livelihood,research/livelihood/QUESTION_BANK_EXTENDED.md,L67,bank,"[EXT][SEED 2] **Raising the next generation as the flagship case of needed-work.** He names it as the work that most needs doing and that no corporation will pay for *because it's not extractive*. So is child-raising, parenting and youth-development the single clearest proof that the market prices the wrong things — and does LIVELIHOOD make *the raising of children a compensated or provisioned livelihood* (paid parental time, stipended community-parenting roles, the mother's work honored economically), while keeping the clean boundary with GENESIS's first-1,000-days domain?"
livelihood,research/livelihood/QUESTION_BANK_EXTENDED.md,L68,bank,"[EXT] **Honoring the mother's work without turning care into a job.** He explicitly wants the contributions of ""mothers"" valued. But the moment you pay for care you risk commodifying love, means-testing it, and Goodhart-gaming it (L50). What's the design that *honors and provisions* care work — so no parent is driven into poverty for doing it — without turning a mother's love into a metered service or a scored contribution (the L33 ""should we measure"" question landing on the most sacred case)?"
livelihood,research/livelihood/QUESTION_BANK_EXTENDED.md,L69,bank,"[EXT] **The next generation as economic architects, not inheritors of ours.** If his kids won't carry money in 30 years, they're not just recipients of the new economy — they'll build and run it. How does LIVELIHOOD raise a generation *economically literate in the new system* — mutual credit, gift economy, co-op governance, needing-least — rather than schooling them for the old wage economy we're trying to retire (the EDU seam), and what do we teach them that we ourselves never learned?"
livelihood,research/livelihood/QUESTION_BANK_EXTENDED.md,L70,bank,"[EXT] **The extraction baseline for the wall.** Extending L4 and L35–L36: what is the one honest number for how much money leaks out of a bottom-decile Toronto household or neighbourhood every month to rent, fees, interest and platform takes — the extraction figure that, put on the wall, makes the whole program's urgency undeniable and survives a hostile fact-checker?"
livelihood,research/livelihood/QUESTION_BANK_EXTENDED.md,L71,bank,"[EXT] **The co-op and community-wealth baseline, honest base rates.** Before we romance worker co-ops and community wealth building (L11–L13), what is Toronto ACTUALLY at — how many worker co-ops, at what survival rate versus conventional firms, employing how many, and what does the honest global base-rate literature say about whether co-ops out-survive or under-perform? The version that names co-op romanticism where it exists, so we build on the real base rate not the hoped-for one."
livelihood,research/livelihood/QUESTION_BANK_EXTENDED.md,L72,bank,"[EXT] **The automation-exposure baseline.** Extending L25: which Toronto jobs, in which neighbourhoods and immigration cohorts, are most exposed to the automation wave in the next 5–10 years — the honest, contested, both-sides-cited estimate, not the scary headline number — so the fast-but-safe transition (L25) is aimed at the people who will actually be hit, in the order they'll be hit?"
livelihood,research/livelihood/QUESTION_BANK_EXTENDED.md,L73,bank,"[EXT] **The demonetization-already-happening baseline.** Where is money *already* absent or fading in Toronto life honestly — libraries, transit passes for some, tool libraries, mutual aid, gift-economy pockets, the informal economy of favors — so the demonetization trajectory (L43– L45) builds on what's real and already working rather than starting from a blank utopian sheet?"
livelihood,research/livelihood/QUESTION_BANK_EXTENDED.md,L74,bank,"[EXT] **The next role for the intermediary workforce we're questioning.** The extraction audit (L35–L38) and fake-GDP thesis (L20) put a target on the livelihoods of real people — bank tellers, loan officers, temp-agency staffers, landlords who are themselves not rich, platform workers, middle-men of every kind. What is each of their *next roles* in the new economy, offered as a transformation, so questioning the extraction layer never becomes attacking the people who work inside it (partners-never-adversaries as a design constraint, not a slogan)?"
livelihood,research/livelihood/QUESTION_BANK_EXTENDED.md,L75,bank,"[EXT] **The next role for the poverty-industrial complex.** Extending L26: food-bank operators, employment counselors, workforce agencies, poverty-focused nonprofits — many exist because the current system fails, and the dignity floor (L57) aims to make some of their work unnecessary. What is their transformation — from managing scarcity to building the new economy — and how do we run that so we don't destroy the very organizations and skilled people we'll need to build the replacement?"
livelihood,research/livelihood/QUESTION_BANK_EXTENDED.md,L76,bank,"[EXT] **The landlord who is not the enemy.** Rent is the master leak (L37), but a huge share of Toronto's rental housing is owned by small landlords who are not wealthy families — the seed's real target — and are one bad tenancy from insolvency themselves. What's the role transformation and the honest deal for the small landlord in a demonetized-housing trajectory, so plugging the rent leak (L37) doesn't crush the modest landlord along with the extractive one?"
livelihood,research/livelihood/QUESTION_BANK_EXTENDED.md,L77,bank,"[EXT][SEED 1] **Connection as the underlying economic answer.** His CONNECTION seed says meeting people is an information-management problem, and L28 asks if livelihood is the same. But the deeper claim across the whole movement is that *connection is the underlying answer* — so is the real substrate of a post-jobs economy simply that a well-connected community *provisions its own* (needed-work found through relationships, the gift economy running on trust, the people's capital graph as the non-rich's actual capital)? Does LIVELIHOOD ultimately rest on CONNECTION, and if the connection substrate isn't there, does the whole economic architecture have nothing to stand on?"
livelihood,research/livelihood/QUESTION_BANK_EXTENDED.md,L78,bank,"[EXT] **Kill-criterion for the parallel-economy thesis — pre-registered.** His method is build-a-parallel-system-and-scale-it (L39–L42). Before we build, name what would prove it wrong: what measured result — parallel-economy pilots that never reach self-sustaining scale, that only work with permanent subsidy, that reach only the comfortable and never the bottom decile, that collapse the moment the old-system backup is withdrawn — would honestly falsify the parallel-build thesis? Can we pre-register those kill-criteria publicly now, and who is empowered to declare the parallel-economy thesis dead and stop pouring people's hope and effort into it?"
livelihood,research/livelihood/QUESTION_BANK_EXTENDED.md,L79,bank,"[EXT] **Kill-criterion for the demonetization thesis — pre-registered.** Extending L45's checkpoints into a hard falsification: what result would prove that his kids *will* have to carry money in 30 years after all — demonetized systems that quietly reinvent money under a new name (L43), that require surveillance to run (L46), that recreate feudal dependency (L44), or that simply never move past a few pockets while the money economy grows? What's the honest evidence that would make us say demonetization was wrong, at least for now, and design for a money-light rather than moneyless future instead?"
livelihood,research/livelihood/QUESTION_BANK_EXTENDED.md,L80,bank,"[EXT] **The structural safeguard — what keeps the movement's economy from becoming a company town, cult economy, or political-capture instrument?** This is the sharpest safety question in the program. A movement that runs the dignity floor, the credit economy, the parallel jobs, the procurement pipeline and the gift network holds enormous power over people's material survival — which is exactly how company towns, cult economies and machine-politics patronage systems trapped people (owe your livelihood to the movement, owe it your loyalty and your vote). What is the *structural* wall — credits and dignity floor legally separated from any political activity, provision unconditional on particip"
livelihood,research/livelihood/QUESTION_BANK_EXTENDED.md,L81,bank,"[EXT] **The taking-money-out honesty applied to ourselves.** He wants money taken out of systems, honestly (L23) — but LIVELIHOOD's own credit economy, dignity floor and demonetized services will have staff, infrastructure and costs. Where does *our* new economy still touch real dollars, who pays for the moneyless system's plumbing, and what's the honest answer to ""if money is the problem, how is the movement funded"" that doesn't collapse into either hypocrisy or a dependency on the very extraction we're fighting?"
livelihood,research/livelihood/QUESTION_BANK_EXTENDED.md,L82,bank,"[EXT] **Organized labour as a first-class partner, never union-adjacent ambiguity.** A post-jobs economy could read as anti-worker or anti-union if we're careless — automation, gig platforms, co-op conversions all touch organized labour directly. How is LIVELIHOOD unambiguously *with* workers and their unions in the transition — not routing around them, not replacing collective bargaining with a gamified app — and what's the first-class role for the labour movement in building the new economy rather than defending the old one?"
livelihood,research/livelihood/QUESTION_BANK_EXTENDED.md,L83,bank,"[EXT] **The ABUNDANCE boundary, tested at the edge.** L24 draws the line — LIVELIHOOD owns how people earn, ABUNDANCE owns how the city funds the commons. But the dignity floor (L57), the credit economy (L6) and demonetized services (L23) all sit right on that seam: is directly paying someone's rent a *livelihood* intervention or a *commons-funding* one? Where exactly does the handoff happen, and what's the rule that keeps the two programs braiding instead of each assuming the other owns the hardest part (the money)?"
livelihood,research/livelihood/QUESTION_BANK_EXTENDED.md,L84,bank,"[EXT] **What we refuse to build even though it would work.** Some of the most effective levers here are the most dangerous — a total economic ledger (L46), a contribution score (L55), a provision system conditional on participation (L80). What is LIVELIHOOD's explicit *refuse-to- build* list: the economic instruments that would raise our numbers but cross a line — the ones we won't build even if a hostile competitor would, and the ones the two-key ethics gate stops cold — and who has the standing to add to that list and make it stick?"
livelihood,research/livelihood/QUESTION_BANK_EXTENDED.md,L85,bank,"[EXT][SEED 2] **The one-liner, tested against his own uncertainty.** LIVELIHOOD = the city where losing your job doesn't mean losing your livelihood — the work that needs doing pays or is honored, the money leaks are plugged, the parallel economy is built beside the old one bridge-not-cliff, and ""no more jobs but much work"" is the operating system instead of the fear. But he said plainly he doesn't have the details pieced together — so what does this one-liner *over-promise*, where does it paper over the hardest unanswered question (how do we organize, measure, stay productive, and should we measure at all — L30–L33), and is the honest program the one that says out loud ""we have the patterns"
livelihood,research/livelihood/QUESTION_BANK_EXTENDED.md,L86,bank,"[SEED 3] Your thesis: superintelligent AI is capitalism and economic competition's LAST gift — the negatives no longer warrant the benefits. Steel-man both halves honestly: what did competition actually buy humanity (the honest ledger), what does it cost now, and what observable evidence would show the trade has genuinely flipped — rather than us merely being tired of it?"
livelihood,research/livelihood/QUESTION_BANK_EXTENDED.md,L87,bank,"[SEED 3] ""Cooperation and collaboration at global scale"" — real precedents exist (CERN, the ISS, the Internet's protocol commons, the Montreal Protocol, smallpox eradication, open source). What made each stable, what made the failures fail, and what does cooperation run on for an engine when there is no competitor — is the honest answer mission, practice culture, and #PLURG-grade values, and is that enough?"
livelihood,research/livelihood/QUESTION_BANK_EXTENDED.md,L88,bank,"[SEED 3] The Toronto lane (LIV-R11): if the future model is global cooperation, the city-scale proof is this program itself — does ""Toronto demonstrates, the world copies"" make the parallel economy the pilot plant of the post-competition thesis, and what exactly would it have to demonstrate for that claim to be earned?"
livelihood,research/livelihood/QUESTION_BANK_EXTENDED.md,L89,bank,"[SEED 3] The military-industrial complex, redirected: history has tried swords-to-plowshares before (post-Cold-War defense conversion, NASA spin-offs, DARPA's civilian dividends) — what actually happened, honestly? And can space mining and other humanity-scale missions run WITHOUT the competitive/extractive/zero-sum model — what separates extracting from dead rock cooperatively from re-importing the old model with better PR (the Outer Space Treaty and asteroid-rights debates are the live test)?"
livelihood,research/livelihood/QUESTION_BANK_EXTENDED.md,L90,bank,"[SEED 3] Kill-criteria (the L78–L80 mold): pre-register what would falsify the last-gift thesis — AI progress stalling out, cooperation persistently underperforming competition on the outcomes we actually care about, or redirected institutions reverting to zero-sum within a generation. What's the honest test, and who runs it?"
mci,research/mci/QUESTION_BANK_EXTENDED.md,MC43,bank,"If most people steal only because they don't have enough or fear not having enough, what share of Toronto's actual acquisitive crime (theft, shoplifting, break-ins, ""boosting"") is need-driven vs. organized-profit-driven vs. status-driven — measured, not assumed? What data would honestly split it?"
mci,research/mci/QUESTION_BANK_EXTENDED.md,MC44,bank,The strongest direct evidence for the seed is participant-level: prescribed-supply trials and managed alcohol programs show large drops in acquisitive crime among DEPENDENT users. The weakest link is population-level (Housing First's Toronto RCT found no significant arrest reduction). What's the honest causal chain — and which link does a needs floor NOT fix on its own?
mci,research/mci/QUESTION_BANK_EXTENDED.md,MC45,bank,"Fear of not having enough drives harm before actual lack does. What are Toronto's measurable ""fear of scarcity"" indicators (eviction filings, food-bank first-visits, payday-loan volumes, benefit churn) — and could the program publish a Fear Index as honestly as a poverty line?"
mci,research/mci/QUESTION_BANK_EXTENDED.md,MC46,bank,"Where has a real needs floor been tried at scale, and did acquisitive harm fall — what do the cash-transfer, basic-income, and social-supermarket literatures actually show, caveats attached?"
mci,research/mci/QUESTION_BANK_EXTENDED.md,MC47,bank,"""Enough is enough"" cuts both ways: a floor everyone reaches AND a point where more stops mattering. What does the evidence say about the second half — the wellbeing plateau, and what a city gains when its status economy stops rewarding accumulation?"
mci,research/mci/QUESTION_BANK_EXTENDED.md,MC48,bank,"The seed's null case: some theft is not need — fraud is wealth-correlated, organized retail crime is an industry. If the program overclaims, it forfeits trust. Where exactly is the honest boundary of the thesis, stated in advance?"
mci,research/mci/QUESTION_BANK_EXTENDED.md,MC49,bank,"What does Toronto currently spend downstream of scarcity (police responses to theft/survival behaviour, courts, incarceration, ED visits, shelter churn) vs. what a needs-floor completion would cost upstream — both columns honestly built, FOR and AGAINST?"
mci,research/mci/QUESTION_BANK_EXTENDED.md,MC50,bank,"Which needs-floor components are MUNICIPAL levers (rec, transit passes, library, connectivity, food programs) vs. provincial (OW/ODSP rates, health) vs. federal (income architecture, criminal law)? Draw the addressee map before drafting a single recommendation."
mci,research/mci/QUESTION_BANK_EXTENDED.md,MC51,bank,"What would a ""no one prosecuted for poverty"" audit find in Toronto today — which bylaws, enforcement patterns, and fare-inspection practices functionally criminalize being poor, and what do the institutions that run them recommend themselves?"
mci,research/mci/QUESTION_BANK_EXTENDED.md,MC52,bank,"If the purok layer (50-household cells) knew — really knew — which neighbours lacked food, medicine, or transit fare, what share of the gap could neighbour-scale mutual aid close, and what must NEVER be delegated to it (the state's obligations)?"
mci,research/mci/QUESTION_BANK_EXTENDED.md,MC53,bank,"The operator's line: alcohol for alcoholics, drugs for addicts, tobacco for smokers are NEEDS and medicines; never criminalize; help people toward healthier alternatives. What is the strongest evidence-based version of this plank (heroin-assisted treatment, managed alcohol programs, dissuasion-not-punishment) — and the strongest honest AGAINST (diversion, the Oregon/BC reversals, community impacts), both argued from real sources?"
mci,research/mci/QUESTION_BANK_EXTENDED.md,MC54,bank,Zurich's four-pillar policy was ratified by REFERENDUM after the Platzspitz failure — harm reduction with public legitimacy. What sequence earns Toronto that legitimacy rather than assuming it (AGORA crossing)?
mci,research/mci/QUESTION_BANK_EXTENDED.md,MC55,bank,"Jurisdiction honesty: criminal drug law is federal; Ontario now governs consumption-site siting (the 2025 closures, under Charter challenge); the city holds public health and services. What CAN a city actually do under ""never criminalize"" — and what is the city's honest role when province and federal government hold the keys?"
mci,research/mci/QUESTION_BANK_EXTENDED.md,MC56,bank,"""Pharmaceutical companies are the biggest drug dealers on the planet"" — his-view, class-level. What does the documented record (opioid litigation, settlements, marketing findings) support, what does it not, and how does the program use it pointer-never-author?"
mci,research/mci/QUESTION_BANK_EXTENDED.md,MC57,bank,"""Healthier alternatives — never criminalize"" implies an offramp architecture: what does the evidence show about what actually moves people from harmful use toward health (housing, income, belonging, treatment on demand, time), and what share is connection rather than chemistry (CONNECTION crossing)?"
mci,research/mci/QUESTION_BANK_EXTENDED.md,MC58,bank,"What would the managed-alcohol-program model look like extended citywide and to other substances — costed, safeguarded, unions and health workers as partners — as a PAPER program only until its own gate clears?"
mci,research/mci/QUESTION_BANK_EXTENDED.md,MC59,bank,"Kill criteria for this lane, pre-registered: what measured outcome (diversion causing net new harm, mortality rising in served populations, community trust collapsing) would mean the plank is wrong — and what does the program do then?"
mci,research/mci/QUESTION_BANK_EXTENDED.md,MC60,bank,"If hoarding wealth is a trauma/fear response, what does the evidence actually support (scarcity-mindset research was done on the poor, not the rich; status competition is a live rival explanation) — and does the program need the causal claim at all, or only the design consequence (build systems where security doesn't require accumulation)?"
mci,research/mci/QUESTION_BANK_EXTENDED.md,MC61,bank,"What municipal-scale instruments reduce the RATIONAL need to hoard — public goods so reliable that private buffers shrink (the Vienna intuition)? Which four-domain services, made trustworthy, most reduce households' felt need for money in the bank?"
mci,research/mci/QUESTION_BANK_EXTENDED.md,MC62,bank,"How does a movement talk about wealth concentration with dignity — no villain casting, institutional framing, fear named as the common enemy at BOTH ends of the income scale — without losing honesty about power?"
mci,research/mci/QUESTION_BANK_EXTENDED.md,MC63,bank,"The studies exist in stacks — TTC 5-Year Service Plan, Capital Investment Plan's unfunded backlog, Metrolinx business cases, Auditor General findings, decades of advocacy reports. What did they RECOMMEND, what was adopted, what was shelved, and who (institution) shelved it? Build the adoption-status scoreboard the atlas makes possible."
mci,research/mci/QUESTION_BANK_EXTENDED.md,MC64,bank,"""Better, faster, safer"" — for each: which single documented recommendation, if adopted, moves the needle most per dollar, per the studies' own numbers?"
mci,research/mci/QUESTION_BANK_EXTENDED.md,MC65,bank,"Where do the TTC's, Metrolinx's, and the City's documented plans CONTRADICT each other — and what does the new provincial fare-setting power (Bill 98 ⚠️ verify) do to every fare recommendation written before it?"
mci,research/mci/QUESTION_BANK_EXTENDED.md,MC66,bank,"Transit safety without fear-framing: what do the TTC's own community-safety program evaluations show works (presence, outreach, TCCS on platforms), and what does the evidence say about enforcement-first responses?"
mci,research/mci/QUESTION_BANK_EXTENDED.md,MC67,bank,"What can Toronto shamelessly copy from its own region — Brampton Transit's frequency-led ridership growth — and why hasn't it (honest answer, institutional)?"
mci,research/mci/QUESTION_BANK_EXTENDED.md,MC68,bank,"The regional agencies (GO, YRT, MiWay, DRT, Brampton): whose riders cross boundaries and pay twice, where does One Fare actually leave gaps, and what does the cross-boundary equity map look like?"
mci,research/mci/QUESTION_BANK_EXTENDED.md,MC69,bank,"The operator's direction: free TTC passes for ALL OW/ODSP and social-benefit holders, instead of fare-free-for-all — ""just make sure everyone who needs free access gets it."" No public costing exists for exactly this. Build it: headcount, trip elasticity, revenue forgone, administration — the program's first original contribution to the documented record."
mci,research/mci/QUESTION_BANK_EXTENDED.md,MC70,bank,"Fair Pass today: 36% off single fares, 113,500 participants, ~9 trips/month average ⚠️ (verify at use). Why is uptake low relative to eligibility — stigma, application friction, awareness — and what does ""everyone who needs it GETS it"" require operationally (auto-enrolment via provincial benefit rolls? opt-out not opt-in)?"
mci,research/mci/QUESTION_BANK_EXTENDED.md,MC71,bank,"Targeted-free vs. universal-free, FOR and AGAINST from real evidence (Tallinn's modest mode shift, Kansas City, Calgary's sliding scale): where does targeting beat universality, where does targeting's stigma/friction cost exceed universality's price tag, and what does his completeness guarantee do to that trade-off?"
mci,research/mci/QUESTION_BANK_EXTENDED.md,MC72,bank,"Who must say yes — TTC board, City Council, the province (post-Bill 98 fare power), Ontario (OW/ODSP data sharing)? Addressee map with adoption-status tracking from day one."
mci,research/mci/QUESTION_BANK_EXTENDED.md,MC73,bank,"What's the dignity design — a pass indistinguishable from anyone else's Presto, no visible marker, no annual re-proving of poverty?"
mci,research/mci/QUESTION_BANK_EXTENDED.md,MC74,bank,"Pre-register the seed's own test: if a needs-floor intervention lands (Fair Pass completion, MAP expansion, benefit auto-enrolment) and acquisitive harm does NOT fall in the served population, what does the program say — and publish?"
mci,research/mci/QUESTION_BANK_EXTENDED.md,MC75,bank,"Which of the four domains does the Enough Thesis explain LEAST well? Argue it against congestion and cleanliness honestly, so the thesis stays a hypothesis, not a hammer."
mci,research/mci/QUESTION_BANK_EXTENDED.md,MC76,bank,"The steel-man AGAINST the whole seed: ""scarcity is real but crime is choices; subsidizing dependency entrenches it; the city can't afford floors."" Write it at full strength, then answer it with evidence or concede what can't be answered."
mci,research/mci/QUESTION_BANK_EXTENDED.md,MC77,bank,The Enough Line (flagship concept): does the operator ratify a standing public needs-floor instrument + honest four-domain scoreboard as MCI's flagship — published even in embarrassing years?
mci,research/mci/QUESTION_BANK_EXTENDED.md,MC78,bank,"Purok cells as the budget observatory's dignity fabric: could 50-household cells host the lived-budget panel (trust already local), and what two-key gate protects participants?"
mci,research/mci/QUESTION_BANK_EXTENDED.md,MC79,bank,"Game of Life 3.0 in the enough economy: what progressions make sufficiency, repair, sharing, and stewardship high-status — and which are YOURS to name vs. the community's?"
mci,research/mci/QUESTION_BANK_EXTENDED.md,MC80,bank,"LIVELIHOOD owns income architecture; HOMES owns housing; HARVEST owns food; VITALITY owns health — MCI's needs-floor lane is the MUNICIPAL COMPLETION of their floors (transit, rec, connectivity, public realm as the commons dividend). Ratify that seam or redraw it."
mci,research/mci/QUESTION_BANK_EXTENDED.md,MC81,bank,DR3 crossing: disasters are scarcity at surge speed. Is the needs floor the city's true resilience infrastructure — and does DR3's surge planning assume it exists?
mci,research/mci/QUESTION_BANK_EXTENDED.md,MC82,bank,"Indigenous overlay (Seed 2): whose land the commons sits on; published Indigenous voices on justice diversion and land stewardship as the safety and public-realm lanes' teachers — protocol-governed, supported-never-ours. What does MCI adopt as posture, not appropriation?"
mci,research/mci/QUESTION_BANK_EXTENDED.md,MC83,bank,"CONNECTION as the fifth domain under all four (MC24, extended by Seed 1): if scarcity-fear drives harm at the bottom AND hoarding at the top, is disconnection the shared root — and belonging the shared treatment — the program's unifying claim? Test it, don't assume it."
mci,research/mci/QUESTION_BANK_EXTENDED.md,MC84,bank,"TorontoOS rails: 311, open data, the scoreboard, adoption-status tracking — which instruments does MCI spec for TorontoOS to build?"
mci,research/mci/QUESTION_BANK_EXTENDED.md,MC85,bank,"ABUNDANCE crossing: ""how do we take money out of it, honestly"" meets ""what does the floor cost"" — does the needs-floor ledger become ABUNDANCE's first municipal costing client?"
mci,research/mci/QUESTION_BANK_EXTENDED.md,MC86,bank,"AGORA crossing: which of the seeds' planks (never-criminalize, targeted-free transit, the basket definition) go to citizen deliberation FIRST, so legitimacy precedes advocacy?"
mci,research/mci/QUESTION_BANK_EXTENDED.md,MC87,bank,EDU crossing: civic literacy about where the property-tax dollar goes and what a councillor controls — is the Enough Line's methodology page itself the curriculum?
mci,research/mci/QUESTION_BANK_EXTENDED.md,MC88,bank,"ELDERS/youth chains: who staffs the observatory's community layer — elders as budget-wisdom keepers, youth as data stewards, both with real roles and real protections?"
mci,research/mci/QUESTION_BANK_EXTENDED.md,MC89,bank,The meta-sprint: does week 1 (cleanup) carry an Enough Line moment — the city that cleans together also counts together?
mci,research/mci/QUESTION_BANK_EXTENDED.md,MC90,bank,"And the operator's own falsifiable bet, restated for ratification in his words, not ours: ""enough is enough"" for almost everyone — what evidence would change his mind, and what evidence would change OURS?"
newcomers,research/newcomers/QUESTION_BANK_EXTENDED.md,N1,bank,"Where is Toronto's newcomer population ACTUALLY at — the honest, measured baseline, not the imagined one: how many arrived in the last five years and through which streams (economic, family, refugee/protected, and the temporary-resident surge — students and permit holders now the largest and fastest-changing group), where do they live, what languages, what credentials sitting unused, what income gap versus the Canadian-born, and how long until that gap closes (or doesn't)? Meet the system where it IS, not where the brochure says it is."
newcomers,research/newcomers/QUESTION_BANK_EXTENDED.md,N2,bank,"What does ""integration"" actually measure, and are we measuring the right things — is it employment and income, or is it also friendship across origin lines, civic participation, sense of belonging, and whether a newcomer's kids feel Canadian AND rooted? What's the dashboard the movement would publish, and which of its numbers would embarrass the current system into moving?"
newcomers,research/newcomers/QUESTION_BANK_EXTENDED.md,N3,bank,"How do we radically reform settlement and integration in a world of AI frontier models — when instant translation, credential-mapping, benefits-navigation, and legal triage can be free and in every language, what is the settlement system FOR, and what parts of it were only ever a workaround for the absence of these tools? What does a newcomer's first ninety days look like when the friction of language, paperwork, and not-knowing is largely gone?"
newcomers,research/newcomers/QUESTION_BANK_EXTENDED.md,N4,bank,"Where is the settlement sector ACTUALLY at right now — the measured baseline of the agencies, their funding, their caseloads, their outcomes, and their staff (many of them former newcomers themselves)? What works that we must protect, what is theatre we must retire, and what do the people inside the system say when asked honestly what they'd change?"
newcomers,research/newcomers/QUESTION_BANK_EXTENDED.md,N5,bank,"How do we hold the honest tension the operator named himself — ""very real problems as well as huge untapped opportunities"" — in a single frame, so the program neither romanticizes newcomers into a sales pitch nor reduces them to a problem set, but describes both the exploitation and the extraordinary capacity with the same unflinching, dignified precision? What is the test that a given artifact has held both truths at once?"
newcomers,research/newcomers/QUESTION_BANK_EXTENDED.md,N6,bank,"What does the settlement worker BECOME in the AI era — if the paperwork and translation collapse, does the caseworker become the connector, the coach, the community-weaver, the human who does the one thing software can't: belong-you-into a new city? How do we fund and dignify that higher role rather than treating the efficiency gain as a headcount cut? (Partners, never adversaries — the settlement sector is invited into its own transformation, not engineered out of it.)"
newcomers,research/newcomers/QUESTION_BANK_EXTENDED.md,N7,bank,"What does the ESL / LINC language teacher become when instant translation is universal — does the answer flip from ""teach them to decode English"" to ""teach them to belong in English,"" making language class the front door to friendship, work, and confidence rather than a grammar drill? How do we redesign language learning around practice-in-real-life (working alongside, cooking together, doing projects) rather than classroom theory, and what happens to the teacher's role and livelihood in that shift?"
newcomers,research/newcomers/QUESTION_BANK_EXTENDED.md,N8,bank,"How do we take money OUT of the newcomer system honestly — the pay-to-pay networks, the fees stacked on the desperate, the recruiters and agents who charge for what should be free — while being truthful that some of that money currently IS someone's livelihood, and designing the transition so the honest workers land somewhere better rather than being thrown out with the predators? Where does the money actually flow today, and who loses income when it stops?"
newcomers,research/newcomers/QUESTION_BANK_EXTENDED.md,N9,bank,"How do we transform the legitimate immigration-consulting and settlement-advising workforce — the licensed, honest practitioners — into partners in a system that needs far less paid navigation, without pretending they don't exist or that their expertise is worthless? What is the role for a trustworthy human guide in a world of free AI navigation, and how do the good actors get to keep working while the fraudulent layer is dismantled?"
newcomers,research/newcomers/QUESTION_BANK_EXTENDED.md,N10,bank,"The immigration-consultant fraud layer is the one workforce that CAN'T simply be transitioned — it exists to exploit. How do we confront it honestly at the institutional level (documented enforcement actions, regulatory failures, the pay-to-play and ghost-consultant patterns that credible published sources have established) and design it out of existence — free, trusted, multilingual navigation that removes the desperation the fraud feeds on — without ever publishing a list of named individuals or turning a whole profession into a slur? (Pointer-never-author; unverified serious allegations route to authorities and journalists, never to publication.)"
newcomers,research/newcomers/QUESTION_BANK_EXTENDED.md,N11,bank,"How do we make HOSTING a newcomer high-status — so that being the family, the block, the workplace that welcomes and belongs-in the newly arrived is a thing people compete to do and are celebrated for, the way we celebrate other forms of generosity? What does the evidence say actually builds cross-origin friendship (the contact hypothesis, done right — equal status, shared goals, cooperation, sanction), and how do we design the conditions rather than just hoping people mingle?"
newcomers,research/newcomers/QUESTION_BANK_EXTENDED.md,N12,bank,"How do we make FOOD, music, and dance the front door to integration and mean it as infrastructure, not decoration — community kitchens, shared meals, mixed-origin choirs and dance and drumming, the potluck as civic technology — so that the fastest route across fear is through the stomach and the body, and so these are funded and scaled rather than left to chance? What's the design that gets a fourth-generation Torontonian and a three-month newcomer cooking side by side by next month, not next decade?"
newcomers,research/newcomers/QUESTION_BANK_EXTENDED.md,N13,bank,"How do we build ""working alongside each other on projects"" into the actual on-ramp — since the operator is right that people bond through shared work, not forced socializing, what does a newcomer-and-neighbour project pipeline look like (building, growing, fixing, organizing, serving) that produces both a finished thing and a finished friendship? (Directly composes with the EDU Toronto Corps and the practice-over-theory core.)"
newcomers,research/newcomers/QUESTION_BANK_EXTENDED.md,N14,bank,"How do we make bridge-building itself a recognized, high-status ROLE — the people who connect communities across origin, language, and faith lines, who introduce and translate and vouch and weave — so that ""connector"" is an aspirational identity a young person wants, not invisible unpaid emotional labour? What does the evidence on brokers and ""weak ties"" say about who these people are and how a city cultivates more of them?"
newcomers,research/newcomers/QUESTION_BANK_EXTENDED.md,N15,bank,"How do we name and dissolve the ""illusion of separation"" and ""illusion of different values"" the operator points to — practices that let people discover, in their own experience, that ""the details may be different but the patterns are the same"" (the same love of children, the same grief, the same wish to belong)? What are the taught, practiced, repeatable experiences — not lectures — that move a person from fear-of-the-stranger to recognition-of-the-self-in-the-other?"
newcomers,research/newcomers/QUESTION_BANK_EXTENDED.md,N16,bank,"How do we end the sub-minimum-wage sub-base — the tier below the base of the pyramid where status-precarious workers are paid below minimum in cash, off the books, under threat of a call to immigration — as a matter of ENFORCED labour standards, not charity? Where is this ACTUALLY happening in Toronto's economy (which sectors, documented at the institutional level), and what is the enforcement design that reaches workers too afraid to complain because complaining risks their status? (Jurisdiction: labour-standards enforcement is a real municipal/provincial lane; describe the sectors, never expose the individuals.)"
newcomers,research/newcomers/QUESTION_BANK_EXTENDED.md,N17,bank,"How do we sever the link between immigration status and labour exploitation — since the root of the sub-base is that a worker's right to stay is tied to a single employer or to silence, how do we design portable status, firewall between labour-complaint systems and immigration enforcement, and safe reporting, so that a worker can report wage theft or abuse WITHOUT betting their future on it? What's the municipal lane, and what must be demanded of the province and the feds?"
newcomers,research/newcomers/QUESTION_BANK_EXTENDED.md,N18,bank,"How do we honour the operator's ""clean house in their own backyards"" ask as COMMUNITY PROTECTION, never informant culture — designing safe, dignified, community-led channels through which a community can move against the exploiters preying on its own (the labour brokers, the traffickers, the wage-thieves ""everyone knows about"") without any individual becoming a surveilled target, without collective blame, and without the mechanism ever being turnable against the community itself? What is the architecture that makes ""help us stop the wolves among us"" safe to say?"
newcomers,research/newcomers/QUESTION_BANK_EXTENDED.md,N19,bank,"How do we confront human trafficking and forced labour honestly — labour trafficking, sex trafficking, debt bondage, the recruitment-fee trap — at the level of documented patterns, enforcement gaps, and survivor-services capacity that credible published sources establish, so the program can name the reality and fund the exits WITHOUT publishing anything that identifies a victim, a source, or a family, and while routing any unverified serious allegation to authorities and journalists rather than to a report? (Safety of people over completeness of research, at maximum force.)"
newcomers,research/newcomers/QUESTION_BANK_EXTENDED.md,N20,bank,"How do we build safe, well-funded EXITS for the exploited and the trafficked — legal aid, emergency status protection, income, housing, and a path that doesn't depend on the victim first proving their case to a skeptical system — so that leaving an exploiter is survivable? What do the strongest survivor-led and frontline models show about what an exit actually requires, and what does Toronto lack?"
newcomers,research/newcomers/QUESTION_BANK_EXTENDED.md,N21,bank,"How do we protect against ""abuse by partners"" and gendered exploitation specific to precarious status — where a sponsor, spouse, or employer holds a person's status, documents, or language access as a weapon? What is the design that lets someone leave an abusive situation without losing their right to stay, and how do we reach people isolated precisely so they can't reach help? (Dignity center; consent and safety handled with maximum care.)"
newcomers,research/newcomers/QUESTION_BANK_EXTENDED.md,N22,bank,"Where is the honest line between an ethnic ""bubble"" that ISOLATES and an ethnic community that SUSTAINS — since the same in-language, same-origin network that keeps a newcomer from making Canadian friends is ALSO the thing that houses them, feeds them, finds them work, and holds their grief? How do we strengthen the sustaining function while opening the isolating one, rather than attacking the community that is often a newcomer's only safety net?"
newcomers,research/newcomers/QUESTION_BANK_EXTENDED.md,N23,bank,"How do we resolve the fear of ""losing identity/culture/language/religion"" — since the operator is right that this fear is real and often drives the retreat into the bubble — by making the message ""keep ALL of it AND gain a country,"" not ""trade it away to belong""? What does the evidence show about integration-without-assimilation (rootedness predicting confidence, not conflicting with it), and how do we make the second and third generation FLUENT in both their heritage and their city rather than losing the first to gain the second?"
newcomers,research/newcomers/QUESTION_BANK_EXTENDED.md,N24,bank,"How do we address the fear of racism and of ""being misjudged"" HONESTLY — not by telling newcomers the fear is imaginary (it isn't) but by both reducing the real thing (through the contact and connection this whole program is built on) and equipping people to navigate it? Where is Toronto ACTUALLY at on newcomer experiences of discrimination, and what practices measurably reduce it on the majority side rather than only counseling the target?"
newcomers,research/newcomers/QUESTION_BANK_EXTENDED.md,N25,bank,"How do we reach the most isolated newcomers — the ones NO program touches: the woman brought over and kept home, the worker in a dormitory who never leaves the worksite, the elder minding grandchildren in a language-island suburb, the person whose ""community"" is one exploiter? What does a ""no newcomer uncounted, no newcomer unreachable"" outreach design look like that finds them WITHOUT surveillance, and who does the finding? (Composes with the ELDERS invisible-elders frame from the newcomer side.)"
newcomers,research/newcomers/QUESTION_BANK_EXTENDED.md,N26,bank,"How do we build genuine cross-origin friendship at scale rather than parallel lives — since a ""diverse"" city can still be a set of communities that live beside each other and never meet? What are the specific, evidence-backed mechanisms (mixed schools done right, mixed workplaces, mixed housing, shared third places, joint projects) that turn co-location into actual relationship, and where does Toronto's diversity ACTUALLY produce contact versus merely proximity?"
newcomers,research/newcomers/QUESTION_BANK_EXTENDED.md,N27,bank,"How do we build interfaith and intercultural understanding as a PRACTICED, repeated, everyday thing — people actually sitting in each other's houses of worship, sharing each other's festivals, learning the real content of each other's traditions — rather than a once-a-year panel? What do the strongest interfaith and intergroup-contact models show about what dissolves suspicion, and how do we scale the ones that work?"
newcomers,research/newcomers/QUESTION_BANK_EXTENDED.md,N28,bank,"How do we confront the ""fear of terrorism"" and the collective suspicion it produces honestly — naming that the fear exists and is exploited, that entire communities get tarred for the acts of a few, and that this suspicion is itself a driver of the isolation the program is trying to end — without either dismissing security concerns or validating collective blame? What is the frame that keeps a whole community from being made to answer for a stranger who shares its label?"
newcomers,research/newcomers/QUESTION_BANK_EXTENDED.md,N29,bank,"How does the movement stay RIGOROUSLY neutral on homeland politics while serving diasporas that carry live conflicts — so that a shared Toronto project between people whose home countries are at war does not import that war, and so no community's internal politics or a foreign government's interference can capture the movement's diaspora networks? What is the capture-resistant design, and what are the bright lines the movement will not cross regardless of who asks? (Homeland-politics neutrality; foreign-interference-resistant by design — which also protects the communities.)"
newcomers,research/newcomers/QUESTION_BANK_EXTENDED.md,N30,bank,"How do we teach the ""patterns are the same"" insight as literacy — helping people across faiths and cultures see the shared architecture beneath different forms (the same rites of passage, the same care for the dead, the same hospitality codes, the same longing) so that difference becomes fascinating rather than threatening? What's the curriculum-of-lived-experience that produces this, and how do we make comparative-humanity understanding as normal as literacy?"
newcomers,research/newcomers/QUESTION_BANK_EXTENDED.md,N31,bank,"How do we equip newcomers AND the Canadian-born to read each other accurately — since the fear runs both ways, and a newcomer can misread Canadian coldness as rejection just as a Canadian can misread a newcomer's customs as hostility — so that both sides get the ""cultural translation"" that prevents the small daily misunderstandings from hardening into the ""illusion of different values""?"
newcomers,research/newcomers/QUESTION_BANK_EXTENDED.md,N32,bank,"How do we make the ""improve their homes from here"" thesis REAL — remittances that build rather than just sustain, diaspora-directed investment, skills and knowledge transfer, homeland civic and journalistic and human-rights support run from the safety of Toronto — while protecting every participant from transnational repression, and while staying scrupulously neutral on which side of a homeland conflict anyone is on? What can a diaspora safely do FOR home from here, and what must never be published or channeled in a way that endangers family back home?"
newcomers,research/newcomers/QUESTION_BANK_EXTENDED.md,N33,bank,"How do we test the operator's ""global sales and support team"" thesis rather than assume it — do diaspora networks actually function as trade bridges (the evidence on diaspora-driven trade, investment, and market entry is real but uneven), and if so, how does Toronto build the bridge WITHOUT turning newcomers into unpaid brokers or reducing rich human beings to a distribution channel? What's the design where the diaspora member is a principal and beneficiary, not a tool?"
newcomers,research/newcomers/QUESTION_BANK_EXTENDED.md,N34,bank,"How do we tap the ""extraordinary talent, skills, experience, wisdom"" the operator sees — the human-rights advocates, journalists, engineers, artists, and builders who fled and are now driving cabs — as the FIRST move, not an afterthought: rapid, respectful credential recognition and a path back into the work they trained for? Where is Toronto ACTUALLY at on credential recognition (the measured baseline of the ""engineer driving Uber"" problem), and what is the fast-but-safe fix?"
newcomers,research/newcomers/QUESTION_BANK_EXTENDED.md,N35,bank,"How do we support the newcomers who want to GO home — circular and return migration as a success story rather than a failure — helping people who choose to return carry Toronto's training, networks, and capital back to rebuild, so the city becomes a place that STRENGTHENS the world's hardest places rather than only draining their talent? What does ethical, non-extractive brain-circulation look like, and how does it avoid becoming brain-drain by another name?"
newcomers,research/newcomers/QUESTION_BANK_EXTENDED.md,N36,bank,"How do we protect the diaspora-as-bridge design from foreign-interference capture — since the same networks that can carry Toronto's products and values outward can be infiltrated to carry a hostile state's influence inward, and since the communities themselves are the first victims of that interference? What are the governance safeguards that keep the bridge one-directional in the ways that matter and community-controlled throughout?"
newcomers,research/newcomers/QUESTION_BANK_EXTENDED.md,N37,bank,"What does the evidence ACTUALLY show about the ""1000x better at community"" thesis, argued honestly both directions — the real research on social capital, collectivist vs individualist family and community structures, immigrant resilience and the ""healthy immigrant effect,"" multigenerational households, and mutual-aid density — AND the counter-evidence (that tight community can also mean social control, gender constraint, and isolation from opportunity)? Where is the thesis strong, where does it romanticize, and what is its strongest defensible version?"
newcomers,research/newcomers/QUESTION_BANK_EXTENDED.md,N38,bank,"If newcomer communities genuinely hold community-building wisdom the mainstream has lost, what SPECIFICALLY is transferable — which practices of hospitality, elder-respect, child-rearing, celebration, mutual aid, and grief-holding — and how do we learn them through genuine relationship and credit rather than the ""shamelessly copy"" extraction instinct? What are the terms the communities themselves would set for teaching the rest of the city?"
newcomers,research/newcomers/QUESTION_BANK_EXTENDED.md,N39,bank,"How do we actually put newcomers in the LEADERSHIP the operator's question implies — leading community organizing, celebration, and the raising of children the city over — as real structural roles with real resources, not tokenism or a photo-op, while being honest that ""you're good at community, so run ours for free"" would just be a new exploitation? What does paid, powered, dignified newcomer community leadership look like?"
newcomers,research/newcomers/QUESTION_BANK_EXTENDED.md,N40,bank,"How do we honour newcomer wisdom about RAISING FAMILIES and children specifically — multigenerational care, the village model, respect and interdependence — as something the wider city can learn from, while holding the tension honestly where a heritage practice and Canadian rights or child-wellbeing norms genuinely conflict, and letting communities lead that conversation about their own practices rather than having it imposed?"
newcomers,research/newcomers/QUESTION_BANK_EXTENDED.md,N41,bank,"How do we test whether ""1000x better at happiness, resilience, contentment"" survives contact with the DATA on newcomer mental health — the trauma many carry, the depression of isolation, the stress of precarity, the intergenerational strain — so the program celebrates real strengths without erasing real suffering, and builds mental-health and trauma support (in-language, culturally-matched, de-stigmatized) as seriously as it builds the celebration? Where is the honest both/and?"
newcomers,research/newcomers/QUESTION_BANK_EXTENDED.md,N42,bank,"How do we take money OUT of the newcomer system across the board — the pay-to-pay networks, the stacked fees, the recruiters and agents and predatory lenders who monetize desperation — and replace it with free, trusted, universal navigation, while being honest about who currently earns from each layer and designing their transition rather than pretending the income doesn't exist? What's the full map of who profits from a newcomer's vulnerability today?"
newcomers,research/newcomers/QUESTION_BANK_EXTENDED.md,N43,bank,"How do we fund the good work that remains — the settlement agencies, the language teaching, the trauma and legal and housing support that a humane system still needs — when the money currently comes through a patchwork of grants tied to headcounts and outcomes that may not measure what matters? What is the funding transformation, and what do we do with the agencies, jobs, and facilities as roles shift?"
newcomers,research/newcomers/QUESTION_BANK_EXTENDED.md,N44,bank,"How do we run the fast-but-safe transition the operator demands — fast enough that a newcomer arriving this year benefits, safe enough that no precarious-status person is used as a test subject and no exploited worker is exposed by a half-built reform? What is the sequencing that moves quickly on the safe reforms (free navigation, connection infrastructure) while gating the sensitive ones (anything touching status, enforcement, or the trafficked) behind the highest safeguards?"
newcomers,research/newcomers/QUESTION_BANK_EXTENDED.md,N45,bank,"How do we design pilots that touch REAL newcomers — many precarious, some traumatized, some in exploitative situations — under a safeguarding gate the movement cannot waive, with consent architecture, with an absolute firewall between any pilot and immigration enforcement, and with vault discipline for anything that could identify a vulnerable participant? What is the vulnerable-population framework this whole program is gated behind?"
newcomers,research/newcomers/QUESTION_BANK_EXTENDED.md,N46,bank,"How do we capture the high-ROI social wins — measured, not assumed — where a dollar spent on fast credential recognition, or on connection infrastructure, or on ending wage theft, returns multiples in taxes paid, poverty avoided, and lives un-wasted? What does the program MEASURE as success, and what does it refuse to target directly so the metric doesn't corrupt the mission (Goodhart)?"
newcomers,research/newcomers/QUESTION_BANK_EXTENDED.md,N47,bank,"How does the movement hold the immigration-LEVELS debate with jurisdiction honesty — since levels and selection are FEDERAL and not the municipal lane, how does the program engage the real, documented Canadian debate (the pace of arrivals versus housing, healthcare, and services capacity; the temporary-resident surge) with precise, humane, non-scapegoating language, staying in its own lane of settlement/services/integration/labour while being honest that the federal taps upstream shape everything downstream? What does the city DO, what does it DEMAND of the province, what of the feds?"
newcomers,research/newcomers/QUESTION_BANK_EXTENDED.md,N48,bank,"How do we engage the ""exploitation of the system"" and ""lack of quality immigrants"" framings the operator uses — which map onto real, documented policy debates (program integrity, fraud, credential and language mismatches) — in language that never slides into ""certain people are lesser,"" that survives a hostile fact-checker AND leaves every newcomer reading it feeling described with dignity, and that locates the failure in SYSTEM DESIGN (bad incentives, weak enforcement, a fraud-enabling consultant layer) rather than in the character of the people the system failed?"
newcomers,research/newcomers/QUESTION_BANK_EXTENDED.md,N49,bank,"How do we confront organized crime and gang exploitation of migration channels honestly — at the institutional and enforcement-policy level that credible published sources establish (the documented networks, the recruitment patterns, the enforcement gaps) — while refusing to let a whole community be criminalized for the predators exploiting it, and while protecting the exploited who are usually the victims, not the perpetrators? (Institutional/policy level only; no named individuals; dignity for the community held throughout.)"
newcomers,research/newcomers/QUESTION_BANK_EXTENDED.md,N50,bank,"How does housing intersect with everything else — since newcomers are concentrated exactly where housing is scarcest and most exploited (the overcrowded rooming house, the illegal basement, the tied accommodation that is itself a control mechanism)? What is the municipal lane on newcomer housing exploitation, and how does it connect to the wage-exploitation and status-control questions in N-S4?"
newcomers,research/newcomers/QUESTION_BANK_EXTENDED.md,N51,bank,"How do we ensure the SECOND generation thrives and doesn't inherit the isolation — the children of newcomers caught between a heritage they're losing and a country that doesn't fully claim them, at documented risk when belonging fails? What does the evidence show about second- generation integration, and what does the program build so the arc bends toward belonging across generations rather than alienation? (Composes with the EDU program from the newcomer side.)"
newcomers,research/newcomers/QUESTION_BANK_EXTENDED.md,N52,bank,"How do we build the CIVIC on-ramp — from arrival to full participation to citizenship to leadership — so that becoming a newcomer is the first step on a path to running the place, not a permanent hyphenated second-class? What does the fastest dignified path from ""just arrived"" to ""shapes the city"" look like, and where does Toronto ACTUALLY put the ceilings today?"
newcomers,research/newcomers/QUESTION_BANK_EXTENDED.md,N53,bank,"How does the movement itself avoid being a project done TO newcomers rather than BY them — guarding against the trap where a well-meaning majority designs a newcomer program without newcomers holding the pen, the power, and the payroll? What is the governance design that puts newcomers in control of their own program from the start? (The ""nothing about us without us"" test, applied to the movement.)"
newcomers,research/newcomers/QUESTION_BANK_EXTENDED.md,N54,bank,"How do we make Toronto the city the WORLD copies on integration — since the movement's frame is ""Toronto demonstrates, the world copies"" — building the newcomer system as an exportable, replicable, inter-networkable model that other diverse cities can adopt? What is the minimum demonstrable proof, and what makes it travel?"
newcomers,research/newcomers/QUESTION_BANK_EXTENDED.md,N55,bank,"How do we practice-not-theory the whole thing — since ""life is 99% practice"" — so that the program is measured by newcomers who ACTUALLY made a Canadian friend this month, ACTUALLY got their credential recognized, ACTUALLY left an exploiter safely, ACTUALLY led a block party — real events in real weeks, not frameworks and pledges? What is the practice-culture design that keeps this program from becoming another well-worded report?"
newcomers,research/newcomers/QUESTION_BANK_EXTENDED.md,N57,bank,"The sold-a-path cohort, faced head-on: hundreds of thousands of international students came believing — and were often actively SOLD, by recruiters, colleges, and consultants paid per head — a study→work→PR pathway that federal policy has now sharply narrowed, with many being asked to leave. What is the honest anatomy of who sold what (which institutions profited, what was promised vs. what policy ever actually guaranteed), and what does Toronto owe the people caught mid-pathway — protection from the desperation-exploitation spiral (N-S4's hardest case), truthful odds-telling as a service, a dignified stay where a pathway exists, and a dignified, asset-building exit where it doesn't (the imp"
newcomers,research/newcomers/QUESTION_BANK_EXTENDED.md,N58,bank,"The direct question, made measurable: what would make Toronto THE best city in the world for an immigrant to land, live, and thrive — and how would we know? Define the thrive-index honestly (work at skill level, credential-recognition time, loneliness, exploitation exposure, cost of establishment, belonging and the civic on-ramp), audit where Toronto ACTUALLY stands today against the world's best, name the top gaps, and build the shameless-copy list (N54's world-copies thesis pointed inward first)."
regeneration,research/regeneration/QUESTION_BANK_EXTENDED.md,RG1,bank,"[SEED-PROMPT][SEED] Sustainable = less bad, regenerative = the place is measurably HEALTHIER because the city is there — is that the bar, and is ""net-zero by 2040"" success or the wrong test entirely, a sustainability-era metric smuggled into a regeneration program?"
regeneration,research/regeneration/QUESTION_BANK_EXTENDED.md,RG2,bank,"[SEED-PROMPT] What is the UNIT of regeneration — watershed, ravine, block, purok — and do we organize by bioregion (with Peel/York/Hamilton counterparts) or make the block the unit and federate up into watersheds?"
regeneration,research/regeneration/QUESTION_BANK_EXTENDED.md,RG3,bank,"[SEED-PROMPT] ""Beauty as ecological function"" — literal or poetic? Is a beautiful street measurably more alive, and if beauty IS function, who decides what's beautiful and how do we stop it becoming taste-policing by the already-comfortable?"
regeneration,research/regeneration/QUESTION_BANK_EXTENDED.md,RG4,bank,[SEED-PROMPT] Toronto may hold the largest urban ravine system of any major city on earth ⚠️ (~17% of its land ⚠️) and treats it as a hidden backyard — what would it take to make the ravines what the harbour is to Sydney: the city's identity and first civic institution?
regeneration,research/regeneration/QUESTION_BANK_EXTENDED.md,RG5,bank,"[SEED-PROMPT][SEED] One Ravine One Year, resolved by the seed to ALL ravines, one year — adopt, regenerate visibly in twelve months with the purok layer as standing stewards, repeat down the network; right flagship or too small for a program this wide?"
regeneration,research/regeneration/QUESTION_BANK_EXTENDED.md,RG6,bank,"[SEED-PROMPT] The ravines already have owners and lovers — TRCA, Parks & Forestry, the Ravine Strategy ⚠️, Evergreen ⚠️, First Nations with treaty relationships — so what does the movement ADD that they can't do alone (people at scale, political cover, honest baselines) and what must it never presume to take over?"
regeneration,research/regeneration/QUESTION_BANK_EXTENDED.md,RG7,bank,"[SEED-PROMPT] Do we actually know what lives here — iNaturalist, bird counts, FLAP's dead-bird ledger ⚠️, all scattered and unowned — and should the program's FIRST act be a census of the living city, the where-is-Toronto-ACTUALLY-at discipline applied to species?"
regeneration,research/regeneration/QUESTION_BANK_EXTENDED.md,RG8,bank,"[SEED-PROMPT] Rewilding the avenues — native meadow over mowed boulevard, oak savanna ⚠️, bird-safe glass as code — where's the line between rewilding and looks-like-neglect, and how do we make WILD read as BEAUTIFUL so it survives politics (RG3 with teeth)?"
regeneration,research/regeneration/QUESTION_BANK_EXTENDED.md,RG9,bank,[SEED-PROMPT] Every kid within a ten-minute walk of somewhere they can catch a frog — is child–nature contact a REGENERATION objective in its own right (GENESIS/EDU seam) or is that CONNECTION's nature-connection lane wearing our jacket? Draw the line.
regeneration,research/regeneration/QUESTION_BANK_EXTENDED.md,RG10,bank,"[SEED-PROMPT] The seam is ruled — the flood MAP is ours, the flood is DR3's; the city that doesn't flood is ours, readiness doctrine is theirs — so where exactly does adaptation end and response begin, and what must the two co-own (the heat-wave plan, the tower cooling retrofit)?"
regeneration,research/regeneration/QUESTION_BANK_EXTENDED.md,RG11,bank,"[SEED-PROMPT] Heat kills the poor in towers, not the rich in shade ⚠️; canopy maps onto income almost perfectly ⚠️ — is climate adaptation in Toronto a CLASS program before it is an ecological one, and should the charter say so in those words?"
regeneration,research/regeneration/QUESTION_BANK_EXTENDED.md,RG12,bank,"[SEED-PROMPT] Hurricane Hazel wrote Toronto's best planning law from the dead of 1954 ⚠️ — what's the law we pass BEFORE the next disaster instead of after, the pre-written heat/flood/ ice-storm statute waiting in a drawer (DR3 crossing)?"
regeneration,research/regeneration/QUESTION_BANK_EXTENDED.md,RG13,bank,"[SEED-PROMPT] Insurance is repricing climate faster than the city plans ⚠️ — do we treat the actuaries as the honest signal and ride it, or is that abandoning the people who can least afford the premium to triage-by-market?"
regeneration,research/regeneration/QUESTION_BANK_EXTENDED.md,RG14,bank,"[SEED-PROMPT] Enwave's deep-lake-water cooling is world-class and almost nobody knows it exists ⚠️ — the energy edition of where-is-Toronto-ACTUALLY-at: what's already here to scale (district energy, sewer-heat recovery ⚠️, the grid's real carbon intensity ⚠️) before importing anyone's answer?"
regeneration,research/regeneration/QUESTION_BANK_EXTENDED.md,RG15,bank,"[SEED-PROMPT] Most 2050 buildings already exist ⚠️; the retrofit wave is the decade's biggest jobs program if we choose to see it that way (LIVELIHOOD seam) — who trains, who pays, who profits, and can the trades be made the HEROES rather than the cost line?"
regeneration,research/regeneration/QUESTION_BANK_EXTENDED.md,RG16,bank,"[SEED-PROMPT] Who should OWN the energy — community co-ops, public power, rooftop collectives, Indigenous equity stakes ⚠️ — taking-money-out-honestly applied to kilowatts; where does ownership matter more than generation?"
regeneration,research/regeneration/QUESTION_BANK_EXTENDED.md,RG17,bank,"[SEED-PROMPT] Waste diversion has plateaued for years ⚠️ — is the answer better bins or a repair CULTURE (tool libraries, repair cafés, right-to-repair, sharing infrastructure), given waste-to-soil is HARVEST's and MATERIALS is ours?"
regeneration,research/regeneration/QUESTION_BANK_EXTENDED.md,RG18,bank,"[SEED-PROMPT] Construction and demolition may be the city's biggest single waste stream ⚠️; deconstruction ordinances (Portland's ⚠️) turn old houses into lumber yards and jobs — COPY-NOW candidate, or does Toronto's building stock and labour market break the analogy?"
regeneration,research/regeneration/QUESTION_BANK_EXTENDED.md,RG19,bank,"[SEED-PROMPT] What would make repairing higher-status than replacing — gamified progression, credit economy paying stewardship hours, the mended thing as a badge — or does gamifying stewardship cheapen the ethic (the honest counter, argued properly)?"
regeneration,research/regeneration/QUESTION_BANK_EXTENDED.md,RG20,bank,"[SEED-PROMPT] Toronto buried its rivers — Garrison Creek runs under brick and playground ⚠️ — is daylighting buried creeks expensive theatre or real hydrology plus real beauty-as-function, and which creek first?"
regeneration,research/regeneration/QUESTION_BANK_EXTENDED.md,RG21,bank,"[SEED-PROMPT] A harbour swimmable every summer day — is swimmability the single best un-spinnable public metric for water health (people trust water they'll put their kids in), and should the program adopt one un-fakeable metric like it per domain?"
regeneration,research/regeneration/QUESTION_BANK_EXTENDED.md,RG22,bank,"[SEED-PROMPT] The lake is drinking water for nine million people ⚠️ — does REGENERATION hold Lake Ontario stewardship, or is the lake a bioregional alliance beyond any city, and if so who convenes it (RG2's federation at full scale)?"
regeneration,research/regeneration/QUESTION_BANK_EXTENDED.md,RG23,bank,"[SEED-PROMPT] This land is under the Dish With One Spoon wampum ⚠️ and Treaty 13 ⚠️, and regeneration without Indigenous stewardship at the centre is landscaping — protocol-governed, what does following Indigenous-LED restoration look like, and what does the program refuse to do without First Nations partnership, full stop?"
regeneration,research/regeneration/QUESTION_BANK_EXTENDED.md,RG24,bank,"[SEED-PROMPT] ""Land back"" in a city — co-governance of the ravine system ⚠️, Indigenous-led crews with real budgets, naming, cultural burning where safe ⚠️ — which of these are ours to PROPOSE at all, versus ours only to support when asked?"
regeneration,research/regeneration/QUESTION_BANK_EXTENDED.md,RG25,bank,"[SEED-PROMPT] AI-era role transformations — what does the city forester become? The waste-truck operator, the HVAC tech, the demolition crew, the gas-utility worker whose job the transition ends? Partners-never-adversaries applied to the workforces the transition threatens most — what is OWED them, concretely, and who pays it?"
regeneration,research/regeneration/QUESTION_BANK_EXTENDED.md,RG26,bank,"[SEED-PROMPT] A civic stewardship corps — paid, credentialed, a real ladder from volunteer purok steward to master ecologist (Game of Life 3.0) — or does professionalizing stewardship kill the volunteer soul that makes it work? Both arguments, properly."
regeneration,research/regeneration/QUESTION_BANK_EXTENDED.md,RG27,bank,"[SEED-PROMPT] Green gentrification is documented ⚠️ — the park improves, rents rise, the people it was built for are displaced (HOMES seam) — does every greening project need an anti-displacement covenant bolted on AT DESIGN TIME, and what does that instrument actually look like?"
regeneration,research/regeneration/QUESTION_BANK_EXTENDED.md,RG28,bank,"[SEED-PROMPT] The capture wall (LIVELIHOOD L78–L80 pattern) — offsets, ESG theatre, corporate tree-washing — what structural wall keeps REGENERATION from becoming a marketing department for business-as-usual, and what's the pre-registered kill criterion that shuts a stream down when the wall is breached?"
regeneration,research/regeneration/QUESTION_BANK_EXTENDED.md,RG29,bank,"[SEED-PROMPT] 2056, an ordinary Tuesday — what does the regenerated Toronto FEEL like (the sound, the smell, what a kid does after school, what the ravine smells like in June)? Write the postcard; the fleet works backward from it."
regeneration,research/regeneration/QUESTION_BANK_EXTENDED.md,RG30,bank,"[SEED-PROMPT] Candidate flagships to react to (react, don't accept) — a Ravine Charter, a Living City Index, One/All Ravines One Year, a Bioregional Assembly — which is THE one, what's missing, what dies?"
regeneration,research/regeneration/QUESTION_BANK_EXTENDED.md,RG31,bank,"[SEED-PROMPT] What's the gurdwara-free-meal of this program — the one act, repeated at scale, that teaches the ethic without a word of preaching (tree in the ground, creek cleanup, the repaired thing handed back, something better)?"
regeneration,research/regeneration/QUESTION_BANK_EXTENDED.md,RG32,bank,"[SEED-PROMPT] The standing kill question — what evidence would make you NOT build REGENERATION, or fold it into HARVEST/VITALITY/DR3 and admit the category was wrong? Name it now, before the fleet falls in love with the material."
regeneration,research/regeneration/QUESTION_BANK_EXTENDED.md,RG33,bank,"[EXT][SEED] **If not net-zero, what is the RIGHT metric?** He says net-zero is carbon-only, ignores all our other consumption, and ignores the carbon already released. So what is the single number (or small set) that would actually tell Toronto it is regenerating rather than merely emitting-less — net-positive biodiversity, watershed health, soil carbon *drawn down*, the canopy/birds/soil-all-improving test of RG1 — and is the honest answer that carbon belongs *inside* a living-systems metric, never as the metric itself?"
regeneration,research/regeneration/QUESTION_BANK_EXTENDED.md,RG34,bank,"[EXT][SEED] **Multiple yields as the design test.** His permaculture framing: every system should have *multiple yields*, with people care, planet care, fair share. So is the test every REGENERATION intervention must pass ""does this produce multiple yields across all three ethics at once"" — a retrofit that also cools *and* employs *and* beautifies *and* holds water — and what gets *rejected* by that filter that a single-yield carbon project would approve?"
regeneration,research/regeneration/QUESTION_BANK_EXTENDED.md,RG35,bank,"[EXT][SEED]⚑ **People care / planet care / fair share — the three ethics as a hard filter, not a poster.** He names the permaculture ethics verbatim. Can they be an actual sorting test — does a project care for people (including the workforce it disrupts, RG25), care for the planet (net-positive, not less-bad), *and* return the surplus fairly (fair share, not to whoever owns the land or the offset) — and what's the honest tension when the three pull against each other (a rewilding that displaces, a retrofit that gentrifies)?"
regeneration,research/regeneration/QUESTION_BANK_EXTENDED.md,RG36,bank,"[EXT][SEED]⚑ **""Regenerative"" must not rot the way ""sustainable"" did.** He says ""sustainable development"" got massively misused to make people feel less bad. What's the structural discipline that keeps ""regenerative"" from becoming the next feel-good greenwash label — a published, un-spinnable definition-of-done per project, a third-party-audited standard, the seed-not-finding rule applied to our own favorite word — and who has standing to strip the word from a project that hasn't earned it (the capture-wall crossing, RG28)?"
regeneration,research/regeneration/QUESTION_BANK_EXTENDED.md,RG37,bank,"[EXT] **The consumption footprint net-zero hides.** Net-zero counts what Toronto emits, not what Toronto *consumes* — the concrete, steel, food, electronics and clothing whose emissions and ecological damage happen elsewhere ⚠️. If regeneration means the place is healthier because the city is there, does the honest metric have to include the *consumption* footprint we export to other bioregions — and does a truly regenerative Toronto owe repair to the places it draws from, not just to its own ravines?"
regeneration,research/regeneration/QUESTION_BANK_EXTENDED.md,RG38,bank,"[EXT][SEED] **What do the fictional lenses give us that a policy paper can't?** He wants the fictional lenses explored — solarpunk, cli-fi, the utopian and ecotopian canon. Is their real function to expand the *imagination of what's possible* (the RG29 postcard, the 2056 Tuesday) before the engineers and the actuaries narrow it — and how do we use them to design backward from a desirable future *without* letting the fiction masquerade as a plan or a promise (the honesty guardrail on our own hope)?"
regeneration,research/regeneration/QUESTION_BANK_EXTENDED.md,RG39,bank,"[EXT] **Solarpunk as an actual aesthetic brief for beauty-as-function.** RG3 asks who decides what's beautiful. Solarpunk answers with a specific look — visible greenery, visible repair, visible community, technology in service of life. Is that a usable *design language* for the regenerated city (making WILD read as BEAUTIFUL, RG8) — and does adopting an aesthetic risk the taste-policing RG3 warns about, or does naming *a* beauty honestly beat pretending beauty is neutral?"
regeneration,research/regeneration/QUESTION_BANK_EXTENDED.md,RG40,bank,"[EXT] **The honest dystopian lens too — cli-fi as the failure we're avoiding.** Solarpunk is the postcard; cli-fi (the flooded, the overheated, the abandoned city) is the counterfactual. Does REGENERATION owe an honest *dark* postcard as well — the 2056 Tuesday if we do nothing, or if we do the greenwash version — so the vision isn't only aspirational but stakes-honest, and what keeps that from tipping into the fear-mongering the movement rejects?"
regeneration,research/regeneration/QUESTION_BANK_EXTENDED.md,RG41,bank,"[EXT][SEED] **Topanga as the named global leader — what specifically do we copy, adapt, or refuse?** He names Topanga (near LA) as perhaps a global leader worth checking for updates ⚠️. What is Topanga *actually* doing that's transferable to a nine-million-person cold-winter city — and what's the honest gap between a wealthy low-density canyon community and dense Toronto, so we study it without cargo-culting a context that doesn't map (the where-is-Toronto-ACTUALLY-at discipline applied to who we learn from)?"
regeneration,research/regeneration/QUESTION_BANK_EXTENDED.md,RG42,bank,"[EXT][SEED] **The world scan of regenerative/permaculture/ecovillage hubs — honest base rates.** He wants global hubs identified and studied. Before we romance them, what does the honest record show — which ecovillages, permaculture sites, transition towns and regenerative-city programs *actually* delivered measurable ecological gain versus stayed small, aged out, or became lifestyle enclaves for the comfortable ⚠️ — so we build on the real base rate, not the brochure (the LIVELIHOOD co-op-base-rate mold applied to green utopias)?"
regeneration,research/regeneration/QUESTION_BANK_EXTENDED.md,RG43,bank,"[EXT][SEED]⚑ **The ecovillage/intentional-community deep-dive, and the HARVEST seam.** He wants a project exploring ecovillages, conscious/intentional communities, communes, earthship villages and natural building at length. HARVEST owns the ecovillage/re-ruralization *pipeline*; HOMES owns built-form. So what does REGENERATION own here — the *living-systems design* those communities model (water, energy, materials, biodiversity, closed loops) that a dense city can learn from — and where exactly is the handoff so three programs braid instead of grabbing?"
regeneration,research/regeneration/QUESTION_BANK_EXTENDED.md,RG44,bank,"[EXT] **Earthships and natural building in a Toronto winter — honest or romantic?** Earthship villages and natural building (cob, straw-bale, rammed earth) are on his study list. What survives a Canadian winter, a Canadian building code, and a Canadian insurer ⚠️ — is the transferable lesson the *materials* (low-embodied-carbon, local, repairable) rather than the whole form, and how do we learn the principle without importing a desert form that fails at -20°C?"
regeneration,research/regeneration/QUESTION_BANK_EXTENDED.md,RG45,bank,"[EXT][SEED] **Keystone-species-as-KPI — which species, and does deer actually work?** He names deer as a candidate measurable, celebratable KPI. But the routing note flags urban-deer *over*abundance as a possible counter-signal ⚠️ — too many deer can mean a *broken* system (no predators, browsed-out understory), not a healthy one. So which species genuinely indicate regeneration when they return — beaver ⚠️, river otter ⚠️, brook trout ⚠️, chimney swift ⚠️, monarch ⚠️, a returning salmon run ⚠️ — and what's the honest test that separates a *keystone recovery* from a *nuisance overabundance* before we celebrate the wrong number?"
regeneration,research/regeneration/QUESTION_BANK_EXTENDED.md,RG46,bank,"[EXT][SEED] **The celebratable indicator — a number the public can love and can't spin.** He wants KPIs we can *monitor AND celebrate*. RG21's swimmable-harbour is one un-fakeable metric; is a returning keystone species the biodiversity equivalent — the beaver back in the Don ⚠️, the salmon run, the frog a kid can catch (RG9) — a living scoreboard people trust because they can see it with their own eyes? What's the small set of these the Living City Index (RG30) should lead with, one per domain, un-spinnable?"
regeneration,research/regeneration/QUESTION_BANK_EXTENDED.md,RG47,bank,"[EXT]⚑ **The dark side of a single celebrated indicator — Goodhart on wildlife.** The moment a species becomes *the* KPI, the temptation is to manage *for that number* — feed the deer, stock the trout, plant the showy pollinator — and game the indicator while the system underneath stays broken (the LIVELIHOOD Goodhart trap wearing fur and feathers). How do we pick living KPIs that are *robust to being targeted* — indicators of whole-system health that can't be faked by propping up one charismatic animal — and which measures do we deliberately *watch but never optimize*?"
regeneration,research/regeneration/QUESTION_BANK_EXTENDED.md,RG48,bank,"[EXT] **The canopy-and-heat baseline, by income, un-averaged.** RG11 asserts canopy maps onto income almost perfectly ⚠️. What is the actual, both-sides-cited number — the tree-cover gap and the heat-death gap between Toronto's richest and poorest neighbourhoods ⚠️ — the single figure that, on the wall, makes climate-adaptation-as-a-class-program undeniable, and survives a hostile fact-checker?"
regeneration,research/regeneration/QUESTION_BANK_EXTENDED.md,RG49,bank,"[EXT] **The biodiversity baseline — are we gaining or losing, right now?** Before any promise, what is Toronto's living city ACTUALLY doing — species richness, native vs invasive cover, insect and bird abundance trends, the honest trajectory ⚠️ — and is the honest answer that we don't adequately know, which makes the census (RG7) not a nice-to-have but the precondition for every claim the program will make?"
regeneration,research/regeneration/QUESTION_BANK_EXTENDED.md,RG50,bank,"[EXT] **The materials and waste baseline, honestly.** RG17 says diversion has plateaued ⚠️ and RG18 that C&D may be the biggest stream ⚠️. What's the honest full-picture number — how much material actually flows through Toronto and where it really goes (not the diversion-rate headline, which counts what's collected, not what's *avoided*) — so the repair-culture case (RG17) is aimed at the real leak, per household and per construction site?"
regeneration,research/regeneration/QUESTION_BANK_EXTENDED.md,RG51,bank,"[EXT] **The energy-and-ownership baseline.** RG14–RG16 name deep-lake cooling, district energy and the ownership question. Where is Toronto ACTUALLY at — the grid's real carbon intensity ⚠️, how much building energy is already low-carbon, and crucially *who owns* the energy assets today ⚠️ — so the community-ownership question (RG16) is argued against the real ownership map, not a blank utopian sheet?"
regeneration,research/regeneration/QUESTION_BANK_EXTENDED.md,RG52,bank,"[EXT] **Who maintains the wild once the ribbon is cut?** A rewilded meadow, a daylighted creek, a native boulevard (RG8, RG20) is not build-and-done — it needs decades of stewardship or it reverts to weeds-and-litter that reads as neglect (RG8's dread). Is the honest hard part of regeneration not the *planting* but the *perpetual care*, and does that make the stewardship corps (RG26) and the purok layer the actual load-bearing structure of the whole program rather than a nice-to-have?"
regeneration,research/regeneration/QUESTION_BANK_EXTENDED.md,RG53,bank,"[EXT] **Beauty-as-function meets the maintenance budget — the un-sexy truth.** Cities cut *maintenance* first when budgets tighten ⚠️; the beautiful regenerated street is one austerity cycle from ruin. What's the design and funding structure that makes stewardship *un-cuttable* — endowed, community-held, or credit-economy-paid (RG19, RG26) — so beauty-as-function survives the budget cycle that kills ordinary parks?"
regeneration,research/regeneration/QUESTION_BANK_EXTENDED.md,RG54,bank,"[EXT]⚑ **""Beautiful"" for whom — and does regenerating for beauty exclude?** RG3 warns of taste-policing. Push it: a ""beautiful"" naturalized landscape read by one community as thriving may read by another as unkempt, unsafe, or a sign the city has stopped caring about *their* neighbourhood ⚠️. How do we design beauty-as-function *with* each community's own sense of it rather than imposing a professional-ecologist or solarpunk aesthetic — and is participatory design of what-counts-as-beautiful itself part of the regeneration (the CONNECTION seam)?"
regeneration,research/regeneration/QUESTION_BANK_EXTENDED.md,RG55,bank,"[EXT][SEED]⚑ **The gas-utility worker whose job the transition ENDS — the sharpest owed- debt.** RG25 names them. The retrofit-and-electrification wave (RG15) doesn't transform the gas-distribution worker's job — in the honest version it *eliminates* it. Partners-never- adversaries with someone whose whole trade the transition retires: what is *concretely* owed — wage guarantee, first claim on the retrofit jobs, pension bridge, retraining that isn't theatre (the LIVELIHOOD L25 warning) — who pays it, and is that owed-debt a *precondition* of the transition rather than a line item added after?"
regeneration,research/regeneration/QUESTION_BANK_EXTENDED.md,RG56,bank,"[EXT] **The city forester and the waste worker — transformation, not obsolescence.** RG25 asks what the city forester and waste-truck operator *become*. In the regenerated city is the forester the anchor of a whole stewardship faculty (from purok volunteer to master ecologist, RG26) and the waste worker a *materials-recovery* specialist in a repair economy (RG17) — real ladders up, not sideways shuffles — and what makes these roles *higher*-status than today, so the transition is something to want, not fear?"
regeneration,research/regeneration/QUESTION_BANK_EXTENDED.md,RG57,bank,"[EXT]⚑ **The stewardship corps without the two failure modes — make-work and volunteer-burnout.** RG26 holds the paid-vs-volunteer tension. Push both failure modes: a paid corps can become subsidized make-work that a hostile auditor guts, and a volunteer corps can exhaust its givers and collapse (the LIVELIHOOD gift-economy free-rider trap). What's the design that's *real work at real wages* (defensible to the auditor) *and* keeps the volunteer soul alive — and does the credit economy (RG19) sit exactly in that gap, honoring hours without either cheapening the ethic or pretending it's a salary?"
regeneration,research/regeneration/QUESTION_BANK_EXTENDED.md,RG58,bank,"[EXT] **What would make repair actually higher-status than replace — the honest mechanics.** RG19 asks the question; extend it past gamification. Repair loses today because new is cheaper, faster, and warrantied while repair is slow, uncertain, and un-guaranteed ⚠️. What *structural* changes flip that — right-to-repair law, extended-producer-responsibility that makes manufacturers own the whole lifecycle, a repair-labour credit, warranties on repairs — so repairing is the *rational* choice, not just the virtuous one, and status follows?"
regeneration,research/regeneration/QUESTION_BANK_EXTENDED.md,RG59,bank,"[EXT]⚑ **Who profits from linear waste today — the partners we can't ignore.** A circular economy takes revenue *away* from someone: the hauler paid by the tonne, the landfill operator, the manufacturer who sells replacements, the demolition contractor who dumps ⚠️. Partners-never- adversaries: what's the role transformation and honest deal for the businesses and workers whose income *is* the linear waste stream (RG50) — so deconstruction-not-demolition (RG18) transforms the demolition crew rather than simply ending them?"
regeneration,research/regeneration/QUESTION_BANK_EXTENDED.md,RG60,bank,"[EXT] **The building as a material bank — deconstruction as the COPY-NOW test.** RG18 floats Portland's deconstruction ordinance ⚠️. Push it to the design principle: if most 2050 buildings already exist (RG15) and C&D is the biggest waste stream (RG18/RG50), is every existing building a *material bank* to be harvested rather than dumped — and what's the honest Toronto version (labour market, building stock, the salvage market that has to exist to absorb the materials) that makes deconstruction pencil out rather than stay a boutique gesture?"
regeneration,research/regeneration/QUESTION_BANK_EXTENDED.md,RG61,bank,"[EXT] **Daylighting vs the invisible water win — which actually regenerates more?** RG20 romances the daylighted creek (photogenic, real beauty-as-function). But the bigger hydrological gain may be invisible and unglamorous — permeable pavement, bioswales, rain gardens, disconnected downspouts, sponge-city green infrastructure everywhere ⚠️. Honest question: does the program lead with the *one beautiful creek* (the RG31 teachable act) or the *thousand invisible sponges* (the bigger metric) — and can the flagship be the creek while the workhorse is the sponge?"
regeneration,research/regeneration/QUESTION_BANK_EXTENDED.md,RG62,bank,"[EXT] **Swimmability as the un-fakeable water metric — and what it hides.** RG21 proposes swimmability as the metric no one can spin. Stress-test it: a harbour swimmable on a calm July day can still be dead below the surface, or unswimmable after every rain (combined-sewer overflow) ⚠️ — so is swimmability the honest headline *plus* a small set of un-glamorous companions (overflow events per year, dissolved oxygen, the benthic community), and does the ""one un-fakeable metric per domain"" discipline (RG21) always need that honest fine print underneath?"
regeneration,research/regeneration/QUESTION_BANK_EXTENDED.md,RG63,bank,"[EXT][SEED]⚑ **ReFi (regenerative finance) — what's ours, what's ABUNDANCE's, and what's the greenwash risk?** He pre-routes ReFi to ABUNDANCE, so the *funding mechanism* is theirs. But REGENERATION defines *what regeneration ReFi is supposed to fund* — the un-spinnable outcome the finance is accountable to. What's our half of the seam (the measurable ecological result), what's ABUNDANCE's (the capital stack, tokenized carbon/biodiversity, community-owned green bonds), and what's the honest warning that ReFi and voluntary carbon/biodiversity markets are riddled with the exact offset-theatre the capture wall (RG28) exists to stop ⚠️?"
regeneration,research/regeneration/QUESTION_BANK_EXTENDED.md,RG64,bank,"[EXT] **Community energy ownership — where it matters more than generation, concretely.** RG16 says ownership sometimes matters more than generation. Make it concrete: does a community-owned or Indigenous-equity ⚠️ solar/district-energy asset regenerate a neighbourhood in ways a utility-owned identical asset does not — keeping the revenue local (the extraction-audit logic), building the stewardship muscle, making residents *owners* of the transition — and what's the honest cost (capital access, technical capacity, risk the non-rich can't bear) that ownership romanticism skips?"
regeneration,research/regeneration/QUESTION_BANK_EXTENDED.md,RG65,bank,"[EXT]⚑ **What does ""Indigenous-led"" mean structurally, so it isn't consultation-theatre?** RG23 says regeneration without Indigenous stewardship at the centre is landscaping. Push past the word: what is the *structural* difference between Indigenous-*led* restoration (First Nations hold the budget, the decisions, the naming, the timeline) and Indigenous-*consulted* restoration (a settler program that checks a box) ⚠️ — and is the honest test that the program is willing to *not proceed*, or to hand over control entirely, when that's what partnership requires (RG23's refusal, made operational)?"
regeneration,research/regeneration/QUESTION_BANK_EXTENDED.md,RG66,bank,"[EXT]⚑ **Two-Eyed Seeing / Etuaptmumk — braiding knowledges without extracting one.** Published Indigenous scholarship offers frames like Two-Eyed Seeing (Mi'kmaw Elder Albert Marshall) ⚠️ for holding Indigenous and Western knowledge together. Protocol-governed: is there an honest way to let Indigenous ecological knowledge and Western science *both* inform the living census (RG7) and the KPIs (RG45) — without the settler program cherry-picking, appropriating, or reducing Indigenous knowledge to data inputs it strip-mines (the extraction the protocol forbids)?"
regeneration,research/regeneration/QUESTION_BANK_EXTENDED.md,RG67,bank,"[EXT] **Ecological time vs political time — how do you go fast AND safe when nature is slow?** Fast-but-safe is the movement's method, but a forest takes decades, soil builds over generations, a species recovers on its own clock ⚠️. What does ""fast"" honestly mean in regeneration — fast to *start* and fast to *protect*, while being patient about *outcomes* — and how do we hold public momentum (One Ravine One Year visible wins, RG5) without faking ecological results that genuinely take twenty years, which would be the greenwash we swore off (RG36)?"
regeneration,research/regeneration/QUESTION_BANK_EXTENDED.md,RG68,bank,"[EXT] **The parallel-build for living systems — what's the ""keep the old as backup"" here?** In LIVELIHOOD the parallel economy runs beside the old until it can carry the load. What's the regeneration analogue — rewild *this* boulevard, daylight *this* creek, retrofit *this* block, proven and protected before scaling, while grey infrastructure stays as backup — and what's the honest failure mode where a nature-based solution (a flood-holding wetland) is scaled before it's proven and *fails during the storm it was built for* (the DR3 crossing, RG10)?"
regeneration,research/regeneration/QUESTION_BANK_EXTENDED.md,RG69,bank,"[EXT] **Stewardship as a practice, with grandmothers — the Game of Life 3.0 skill-tree of ecology.** The movement's practice-culture ethos (99% practice) and gamified progression (RG26's volunteer-to-master-ecologist ladder) — what's the honest skill-tree of *regenerative practice*, from planting-a-tree to reading-a-watershed, and who are its grandmothers (retired foresters, Indigenous knowledge-keepers where protocol invites, master naturalists as faculty)? Does making stewardship a *practice you get visibly better at* do more to change the culture than any policy?"
regeneration,research/regeneration/QUESTION_BANK_EXTENDED.md,RG70,bank,"[EXT]⚑ **The stewardship credit economy — honoring hours without cheapening the ethic or building a surveillance ledger.** RG19 fears gamifying stewardship cheapens it. Combine with the LIVELIHOOD warning that every credit system becomes a tracking system: what's the version of a stewardship credit economy (paying/honoring caretaking hours, RG53's un-cuttable funding) that motivates and provisions care *without* turning every planted tree into a scored, surveilled, leaderboard'd transaction — and which stewardship acts do we deliberately keep *off* the ledger, honored but never counted?"
regeneration,research/regeneration/QUESTION_BANK_EXTENDED.md,RG71,bank,"[EXT] **The virtue at the program's core — what is regeneration's aspirational identity?** Virtues-made-aspirational is the standing theme. What's the virtue at REGENERATION's heart — *care*, *stewardship*, *reciprocity with the living world*, *leaving-it-better* — and what makes being a regenerator the aspirational identity (the way craftsmanship is to LIVELIHOOD), so a kid grows up wanting to be the person who brought the beaver back, not despite it being uncool but because it's the most admired thing you can be?"
regeneration,research/regeneration/QUESTION_BANK_EXTENDED.md,RG72,bank,"[EXT][SEED] **Is the real regeneration the repair of the human–nature *connection*?** The movement's claim is that connection is the underlying answer. Applied here: is a city that has *lost its relationship to the living world* — kids who never caught a frog (RG9), adults who don't know the ravine exists (RG4) — ecologically doomed no matter how good the policy, because people don't protect what they don't love? Does REGENERATION ultimately rest on reconnection (the CONNECTION seam), and if the connection isn't rebuilt, does every technical fix eventually get cut, paved, or voted away?"
regeneration,research/regeneration/QUESTION_BANK_EXTENDED.md,RG73,bank,"[EXT]⚑ **The CONNECTION / VITALITY / REGENERATION braid — three programs, one ravine, no turf war.** The same ravine is CONNECTION's belonging, VITALITY's health-dose, and REGENERATION's living system. That's a feature, not a conflict — but it needs a rule. Who leads on the *same physical place* when all three have a claim, how do the three braid so a resident experiences one regenerated ravine rather than three overlapping programs, and what's the seam-rule that keeps each honoring the others' charter (the boundary discipline made operational)?"
regeneration,research/regeneration/QUESTION_BANK_EXTENDED.md,RG74,bank,"[EXT][SEED]⚑ **The pre-registered kill criteria — what makes us NOT build REGENERATION.** RG32 asks it; make it hard and public. Name now, before the fleet falls in love: what measured result would honestly say fold it into HARVEST/VITALITY/DR3 or don't build it — the living systems keep declining despite the program, the ""regenerative"" work turns out to be net-zero greenwash in a green jacket (RG36), the census (RG7) shows the category was always someone else's (VITALITY's health, HARVEST's soil, DR3's adaptation) — and who is empowered to declare it dead and stop pouring people's hope into it?"
regeneration,research/regeneration/QUESTION_BANK_EXTENDED.md,RG75,bank,"[EXT]⚑ **The capture wall, structurally — what makes tree-washing *impossible*, not just discouraged.** RG28 names the wall; the LIVELIHOOD L80 discipline demands it be *structural*, not promised. A program that runs the ravine restoration, the retrofit jobs, the green finance and the offset accounting holds exactly the levers ESG-theatre and corporate tree-washing capture. What is the *irrevocable* structure — offsets never counted toward a ""regenerative"" claim, third-party audit held by whom, every project's definition-of-done published and un-editable, no corporate logo buys a green claim it didn't earn — that makes capture impossible rather than merely against policy, and if no such wall"
regeneration,research/regeneration/QUESTION_BANK_EXTENDED.md,RG76,bank,"[EXT]⚑ **Green gentrification — the anti-displacement covenant as a design-time requirement, not a regret.** RG27 names it; make it binding. If greening reliably raises rents and displaces the people it was for (HOMES seam) ⚠️, is *no greening project approved without a bolted- on anti-displacement instrument* the actual rule — community land trust, rent protection, right of return, resident ownership of the improvement — and what's the honest tension when protecting against displacement *slows or shrinks* the greening the neighbourhood also needs (the fair-share ethic, RG35, pulling against people-care)?"
regeneration,research/regeneration/QUESTION_BANK_EXTENDED.md,RG77,bank,"[EXT] **The consumption-and-repair honesty — does a regenerative Toronto owe the bioregions it draws from?** Extending RG37: if the honest metric includes the ecological damage Toronto exports (its concrete, food, electronics, clothing) ⚠️, does ""the place is healthier because the city is there"" have to mean *both* Toronto's ravines *and* the places Toronto consumes from — and is a truly regenerative city one that shrinks its extractive footprint elsewhere, not just greens its own backyard while exporting the damage (the fair-share ethic at global scale)?"
regeneration,research/regeneration/QUESTION_BANK_EXTENDED.md,RG78,bank,"[EXT][SEED] **The one-liner, tested against the seed's own ambition.** REGENERATION = the city that is measurably *healthier* — watershed, canopy, birds, soil, people — *because* Toronto is there; where every system yields multiple returns across people-care, planet-care and fair-share; where the ravines are the city's identity; where net-zero was never the test because regeneration was; and where the workforces the transition ends are partners owed a next role, not a cost line. But is that one-liner *over-promising* — does it paper over the hardest unanswered question (what IS the right metric if not net-zero, RG33; can ""regenerative"" survive being a marketing word, RG36; who maintains the "
sport,research/sport/QUESTION_BANK_EXTENDED.md,SP82,bank,"You named nutrition the fourth plank — ""just as vital as the Mysore-style daily practice."" But the fourth plank is the one the poorest kid can't buy: an athlete's body is built in the kitchen, and food deserts, ultra-processed defaults, and the price of protein decide who gets to fuel well [HARVEST seam: ""'free' food shouldn't mean shit food"" applies straight to the athlete's plate]. If fuel is a plank of mastery, is affordable good food a SPORT deliverable and not just a HARVEST one — and where's the honest seam between the two programs so neither drops it?"
sport,research/sport/QUESTION_BANK_EXTENDED.md,SP83,bank,"The arena and rec-centre concession stand is where kids actually eat around sport — and it sells the exact opposite of what the sport asks of their bodies ⚠️. The snack bar is a fixable thing the city already controls. How do we flip every publicly-run concession to real fuel without turning it into a joyless lecture — and can the rec-centre kitchen become a teaching kitchen, the fourth plank taught where the practice already happens?"
sport,research/sport/QUESTION_BANK_EXTENDED.md,SP84,bank,"Sport nutrition is a wilderness of supplements, protein-powder marketing, and gray-zone ""performance"" products that shade into the PED economy (SP37 seam) ⚠️. Most of what citizens need is boring: eat enough, eat real, time it roughly. What's the program's honest, free, un-sponsored nutrition literacy — the anti-supplement-industry teaching that a 15-year-old and a 60-year-old can both use — and who funds it when no vitamin company will?"
sport,research/sport/QUESTION_BANK_EXTENDED.md,SP85,bank,"The dangerous end: RED-S and under-fueling (SP36), disordered eating in aesthetic and weight-class and endurance sport, the coach who praises weight loss ⚠️. Fuel done wrong is where sport hurts kids quietly. How does a practice culture make ""eat enough to train"" the status message instead of ""eat less to look the part"" — and what safeguarding sits around the coach who comments on a young athlete's body at all?"
sport,research/sport/QUESTION_BANK_EXTENDED.md,SP86,bank,"Newcomer Toronto brings the world's food cultures, most of them wiser about real fuel than the ultra-processed default ⚠️ [NEWCOMERS seam]. Is the city's diaspora the actual nutrition curriculum — the athlete's plate as a World Food Atlas the way SP64 made a World Practice Atlas — and how do we honor those food traditions instead of flattening them into ""macros""?"
sport,research/sport/QUESTION_BANK_EXTENDED.md,SP87,bank,"Recovery is your fifth plank, and sleep is most of it — the single highest-leverage, most-skipped input for any athlete or ordinary body ⚠️. Yet a practice culture that worships the 4am streak (SP7, SP63) can quietly become a sleep-deprivation cult. How does the program make SLEEP high-status — the dawn practice and the eight hours held as one system, not rivals — and is ""guard your sleep"" the most radical thing a hustle city could be taught?"
sport,research/sport/QUESTION_BANK_EXTENDED.md,SP88,bank,"Teen athletes are chronically under-slept — early school start times collide with adolescent circadian biology, and then we schedule 6am practices on top ⚠️ [EDU seam]. If sleep is a plank, the school-start-time fight is a SPORT fight too. Does the program take a position on practice scheduling and school hours for young athletes — and what would a sleep-honest training calendar for a 15-year-old actually look like?"
sport,research/sport/QUESTION_BANK_EXTENDED.md,SP89,bank,"Shift workers, new parents, the sleepless poor, the anxious, the wired-at-midnight gamer (SP69) — huge parts of the city can't just ""sleep more,"" and telling them to is useless [VITALITY seam]. How does a practice culture serve people whose sleep is broken by circumstance, not choice — naps as legitimate, recovery designed around real lives — without turning recovery into one more thing they're failing at?"
sport,research/sport/QUESTION_BANK_EXTENDED.md,SP90,bank,"Push your limits (SP59) and you will get hurt — that's not a bug, it's the cost of the edge. But physiotherapy, sports medicine, and good rehab are largely pay-to-heal: the rich athlete gets fixed and returns, the poor one gets told to rest and quietly disappears from sport ⚠️. If injury care is where sport careers and lifelong practices actually end, is equitable physio access a SPORT deliverable [VITALITY seam] — and what does ""sport medicine for everyone"" cost and mean?"
sport,research/sport/QUESTION_BANK_EXTENDED.md,SP91,bank,"The injured young athlete is a safeguarding situation, not just a clinical one: pressure to play hurt, to hide pain, to come back before the body is ready, because the scholarship or the team spot depends on it ⚠️. Rowan's Law ⚠️ handled concussion; the rest of the body has no such floor. What's the program's return-to-play ethic — who holds the line for the 15-year-old who'd play on a torn knee to keep her place (SP36 seam)?"
sport,research/sport/QUESTION_BANK_EXTENDED.md,SP92,bank,"Prevention beats repair, and most of it is cheap and un-sexy: warm-ups that cut ACL injuries, load management, movement screening, the boring prehab work ⚠️. The girls'-ACL epidemic (SP36) is partly a coaching-knowledge gap, not fate. How does the program push free, evidence-based injury-prevention into every volunteer coach's hands (SP39) — and does the AI coach (SP42) earn its keep here, catching the overload before the body breaks?"
sport,research/sport/QUESTION_BANK_EXTENDED.md,SP93,bank,"Chronic pain, old injuries, and disability are not the opposite of practice — for millions they're the reason movement matters most [ELDERS + VITALITY seams]. Adaptive practice, pain-informed movement, and rehab-as-practice serve the largest population sport usually ignores. How does the program treat the mending body and the permanently-changed body as first-class practitioners (SP52), so ""physical mastery"" includes mastering the body you actually have?"
sport,research/sport/QUESTION_BANK_EXTENDED.md,SP94,bank,"""How do we ensure this never ends into adulthood?"" — your own seed, taken all the way to the end of life. Masters sport is where practice culture proves it wasn't just youth development in disguise: the 70-year-old swimming every dawn (SP30), the 60-year-old setting a personal best, masters leagues and records as celebrated, not comedy ⚠️. Is masters excellence a flagship of the ""personal limits only"" philosophy (SP60) — the purest proof that the edge is yours at every age — and how do we make being a 65-year-old athlete high-status?"
sport,research/sport/QUESTION_BANK_EXTENDED.md,SP95,bank,"Aging is capacity loss you can slow but not stop, and strength training is the closest thing to a fountain of youth the evidence has ⚠️ — muscle mass, bone density, falls prevention, independence [ELDERS seam, their synthesis already holds it]. Yet gyms are coded young and the edge feels reckless at 75. What's the pedagogy of the aging edge — pushing personal limits safely into the ninth decade — and does the program make lifelong strength the default civic expectation, not a rare wonder?"
sport,research/sport/QUESTION_BANK_EXTENDED.md,SP96,bank,"Pregnancy and the postpartum year are where sport abandons women hardest: contradictory advice, no coach training, elite mothers dropped by sponsors, and recreational athletes told to simply stop ⚠️. The evidence increasingly supports active pregnancies and structured return-to-sport ⚠️, but the system has no pathway. How does the program build the pregnant and postpartum athlete a real, dignified, medically-honest path back to her practice — and treat motherhood as a training phase, not an exit?"
sport,research/sport/QUESTION_BANK_EXTENDED.md,SP97,bank,"The pelvic floor, diastasis, the postpartum return-to-run — this is unglamorous, under-researched, under-coached physiology that touches a huge share of the population ⚠️ [VITALITY seam]. It sits exactly where the fourth-and-fifth-plank honesty (fuel, recovery) meets women's health. Does the program fund the boring, essential postpartum-practice knowledge that the market never will — and who are the protocol-respecting partners to build it with?"
sport,research/sport/QUESTION_BANK_EXTENDED.md,SP98,bank,"Menopause and the midlife body change training reality for half the population, and sport science has barely studied it ⚠️. If practice is lifelong, the program can't design only for the 25-year-old male body the research over-sampled. How does the program push honest, life-stage-specific practice knowledge across the whole arc — and is the under-studied midlife female athlete a research gap Toronto could actually help close?"
sport,research/sport/QUESTION_BANK_EXTENDED.md,SP99,bank,"For a huge share of people, ""sport"" is a wound — the kid picked last, the fat kid in gym class, the one the scale-and-shame culture drove out for good (SP51). A body-mastery program that shames bodies is a contradiction that will fail its own mission. How does the program build genuinely weight-inclusive practice — movement for the joy and capacity of THIS body, not as punishment for its size or a project to shrink it — and win back the millions sport humiliated?"
sport,research/sport/QUESTION_BANK_EXTENDED.md,SP100,bank,"The evidence is messier than either camp admits: fitness and movement carry real health benefits somewhat independent of weight, AND weight-focused messaging often backfires and harms ⚠️ [VITALITY seam, graded honestly]. The program has to hold both without preaching either diet culture or its denial. What's the honest, non-shaming ruling — movement and capacity as the metric, never the number on the scale — and how does the AI coach (SP42) refuse to become a body-surveillance tool?"
sport,research/sport/QUESTION_BANK_EXTENDED.md,SP101,bank,"Aesthetic and weight-class sports — gymnastics, figure skating, wrestling, boxing, dance-as-mastery (SP3) — carry the sharpest body-image and disordered-eating risk in all of sport ⚠️ (SP85 seam). These are also real practices with real mastery that people love. How does the program keep the practice while defusing the body harm structurally — coaching rulings, no weigh-in culture for youth, safeguarding around the mirror?"
sport,research/sport/QUESTION_BANK_EXTENDED.md,SP102,bank,"""The kid picked last"" is a design failure, not a fact of nature — the captains'-pick, the cut at nine (SP15), the humiliation ritual baked into how we've always done it. A connection-first program (SP1) can simply refuse it. What are the concrete anti-humiliation design rules — no public cuts for kids, everybody-plays defaults (SP27's no-one-finishes-last), the Mysore room where you only measure against yourself (SP60) — and is ""nobody gets picked last, ever"" a charter-level promise?"
sport,research/sport/QUESTION_BANK_EXTENDED.md,SP103,bank,"You said every culture has a martial art (SP64), and martial arts already solved visible progression with the belt (SP8) — but their deepest gift may be the pedagogy itself: the dojo's blend of discipline, respect, graded challenge, controlled contact, and the older student teaching the younger (SP16). Is the martial-arts studio the most complete existing model of ""practice culture made civic"" — and what does the city learn by studying HOW the good dojos teach, not just that they exist?"
sport,research/sport/QUESTION_BANK_EXTENDED.md,SP104,bank,"Martial arts hold a real tension the program must face: controlled violence as a path to non-violence, self-defense as genuine safety (especially for women, kids, the vulnerable ⚠️), and the shadow of dojos that build ego and aggression instead of humility (SP38's ""character is conditional""). How does the program tell the forming dojo from the deforming one — and is trained physical confidence a civic good the city should make accessible to everyone who feels unsafe?"
sport,research/sport/QUESTION_BANK_EXTENDED.md,SP105,bank,"The martial-arts world is also full of belt-mill commercialization, fake lineages, and pay-to-progress ⚠️ (SP8's grading poison, SP12's pay-to-play). Meanwhile the authentic lineages are exactly the protocol-and-respect traditions SP66 says not to flatten. How does the program support real martial-arts practice — honoring lineage, resisting the belt-mill — without the city presuming to certify arts it doesn't own?"
sport,research/sport/QUESTION_BANK_EXTENDED.md,SP106,bank,"Drowning is preventable and its risk skews hard by income, newcomer status, and race ⚠️ (SP11) — while swim-lesson waitlists run long and lifeguards are in shortage (SP41). Water competence isn't a sport, it's survival: the ability to not drown is closer to literacy than to athletics. Should ""every Torontonian can swim"" be a flat civic-right target the way ""every kid can read"" is — and what does universal water competence cost and take?"
sport,research/sport/QUESTION_BANK_EXTENDED.md,SP107,bank,"A city of lakefront, rivers, ravine creeks, islands, and a harbour with a live swimmability question ⚠️ (SP71) is a city whose relationship to water is broken — we live on a Great Lake and fence ourselves off from it. Earth-as-gym (SP71) means open water as a birthright. How do we reopen the city to its own water — safe open-water swim access, the harbour clean enough (REGENERATION seam), the beaches as practice grounds — and is ""swim in your own lake"" a civic goal?"
sport,research/sport/QUESTION_BANK_EXTENDED.md,SP108,bank,"Newcomer adults who never learned to swim carry both real danger and real shame around water ⚠️ [NEWCOMERS seam] — and dignity, not embarrassment, is the only way in. Adult learn-to-swim (SP28) is where the program meets the most vulnerable, sometimes with faith-based modesty needs (SP127 seam) around pool access. How does the program build dignified adult and newcomer water competence — women-only hours, patient beginner culture, no shame for starting at 40 — as a first-order safety mission?"
sport,research/sport/QUESTION_BANK_EXTENDED.md,SP109,bank,"Cycling lives on a seam SPORT shares with mobility: it's transport, sport, and practice at once, and the same bike lane serves the commuter, the kid, and the racer [MCI mobility seam]. The infrastructure fight (SP21) is a sport fight and a climate fight (SP121) and an access fight all at once. How does SPORT show up in the streets-and-bikes question — is ""every kid can ride, and the city is safe to ride"" the water-competence (SP106) of land, and where does SPORT push versus defer to the mobility program?"
sport,research/sport/QUESTION_BANK_EXTENDED.md,SP110,bank,"Climbing gyms became the third-place community centre for a generation that won't attend rec centres (SP22), and climbing, skateboarding, sport climbing and BMX are now Olympic ⚠️ — youth-owned, self-organizing, self-coaching cultures the institutions didn't build and don't control. What does the public option learn from these self-made scenes (SP22) — and how does it support them (more walls, more parks, more free hours) WITHOUT institutionalizing away the youth-ownership that made them work?"
sport,research/sport/QUESTION_BANK_EXTENDED.md,SP111,bank,"Skateparks and parkour spots are where sport is most self-taught, most intergenerational in skill-transfer (the older kid teaching the younger, SP16), and most criminalized — kids chased off ledges, ""no skateboarding"" signs, the permission gray zone (SP21) ⚠️. These are the purest Mysore rooms (SP5) the city already has and mostly fights. How does the program flip the city's stance from policing youth movement to building for it — and are DIY skate/parkour scenes a model of practice culture the institutions should copy, not tame?"
sport,research/sport/QUESTION_BANK_EXTENDED.md,SP112,bank,"The best youth sports are often the ones adults didn't organize — pick-up basketball, street scenes, the self-run cypher and session. Adult ""helping"" can kill exactly what made them work (the parkrun-funding warning, SP27). Where's the line between supporting youth-owned sport and colonizing it — how does the program add walls, lights, and hours (SP19) while keeping its hands off the culture, and what's the humility rule for when to just leave it alone?"
sport,research/sport/QUESTION_BANK_EXTENDED.md,SP113,bank,"Refs are quitting faster than they can be replaced because sideline abuse curdled the culture (SP40) — but reframe it: officiating is itself a practice, a mastery, a discipline of judgment under pressure that develops a person as much as playing does. What if the program treated the official as a practitioner on the same development ladder as the athlete (SP16's chains) — every teen a trained official of something — and made refereeing a celebrated civic skill instead of a thankless one?"
sport,research/sport/QUESTION_BANK_EXTENDED.md,SP114,bank,"The sideline-parent problem (SP40) is a spectator-culture problem, and spectator culture is designed, not fated — the quiet-sideline movements, the parent code, silent-support weekends already exist somewhere ⚠️. Fandom is in your trio (SP77), and the abusive sideline is fandom's shadow. Is teaching the city HOW to watch — how to be a good fan, a good sports parent, a good spectator — an actual program deliverable, and what does it look like from the youngest league up?"
sport,research/sport/QUESTION_BANK_EXTENDED.md,SP115,bank,"Sport is the greatest story-engine a city has — the local hero (SP30), the underdog, the comeback, the neighbourhood myth (SP32) — and right now those stories are told by media owned by the same concentrated hands as the teams (SP74) or not told at all. Who tells the city's grassroots sport stories — the masters swimmer, the girls' team that stayed together, the newcomer who learned to skate at 40 (SP108)? Is a public, un-extractive sport-storytelling commons part of making practice sexy (SP29) — and how does the city own its own myths?"
sport,research/sport/QUESTION_BANK_EXTENDED.md,SP116,bank,"Media shapes who plays: what gets broadcast, covered, and celebrated decides which sports and which bodies kids see as possible — women's sport chronically under-covered ⚠️, para sport nearly invisible ⚠️ (SP52), the diaspora's sports (SP13) absent from the sports page. Representation is a pipeline input (SP79), not a nicety. How does the program push visibility for the under-shown — and is ""you can't be what you can't see"" a design principle for the city's sport media commons?"
sport,research/sport/QUESTION_BANK_EXTENDED.md,SP117,bank,"""Life is 99% practice"" is a claim the science of skill acquisition has actually studied — deliberate practice, motor learning, the constraints-led and games-based approaches, the honest and contested state of the ""10,000 hours"" story ⚠️. If practice is the whole program, the program should know how practice actually works. What does the real skill-acquisition literature (promising, mixed, oversold in places ⚠️) change about how every coach in the city teaches — and does the program publish an honest ""how humans actually learn a physical skill"" for its whole workforce (SP41)?"
sport,research/sport/QUESTION_BANK_EXTENDED.md,SP118,bank,"The transfer question is the deepest one under your whole thesis (SP55): does mastering body and breath actually build the skills and resilience that carry into mind, spirit, work, and life — or does that beautiful claim mostly fail to transfer the way most far-transfer claims do ⚠️ (the same skepticism SP67 aimed at strategy games)? The program's honesty depends on facing this squarely. What evidence would make the transfer thesis real rather than inspirational — and are you willing to design as if it's true while the factory tests whether it is?"
sport,research/sport/QUESTION_BANK_EXTENDED.md,SP119,bank,"The AI coach (SP42) reshapes the coaching LABOR economy, not just the athlete's experience: if video form-analysis, programming, and feedback go free and automated, what happens to the paid personal trainer, the private-academy coach, the technique specialist whose living depends on scarcity (SP41)? Partners-never-adversaries with a workforce AI is about to disrupt. What's the honest role-transformation deal for coaching labor — AI takes the analysis, the human keeps the love, accountability, and long relationship (SP39) — and who pays the human when the analysis no longer commands a fee?"
sport,research/sport/QUESTION_BANK_EXTENDED.md,SP120,bank,"If elite coaching knowledge becomes free and abundant (SP42), the scarce, valuable, un-automatable thing is the human coach who KNOWS a kid — her body, her history, her fears, her home (the Mysore teacher, SP5). That relationship doesn't scale and shouldn't be automated. How does the program pay for and protect relational coaching at scale — a real living for tens of thousands of neighbourhood coaches whose value is exactly the part AI can't do — and is that the actual jobs program hiding inside SPORT?"
sport,research/sport/QUESTION_BANK_EXTENDED.md,SP121,bank,"Earth-as-gym (SP71) assumes an earth you can safely train on — and the climate is changing what ""outdoors"" means: worse heat waves, smoke days from distant fires ⚠️, shorter reliable winters (SP20's friluftsliv needs snow), extreme-weather cancellations. The outdoor future is less stable, not more. How does the program design outdoor sport for a destabilizing climate — heat protocols, smoke-day plans, and the honest question of whether the winter-mastery city (SP20) is training for winters that won't reliably come?"
sport,research/sport/QUESTION_BANK_EXTENDED.md,SP122,bank,"Heat is already a safety-and-equity issue: youth practices in dangerous temperatures, no acclimatization protocols, and the poorest neighbourhoods hottest and least shaded ⚠️ [REGENERATION + equity seams]. Sport medicine (SP90) meets climate here. What are the program's heat-safety floors for youth and outdoor practice — and does the tree-canopy-and-shade fight (who gets cool places to play) become a SPORT fight, not just a climate one?"
sport,research/sport/QUESTION_BANK_EXTENDED.md,SP123,bank,"Sport is also a climate ACTOR, not just a victim: the carbon of travel-team culture flying kids across the continent (SP12), mega-event footprints (SP33), the emissions of the facilities themselves ⚠️. A movement built on union-with-nature (SP73) can't quietly wreck the nature. How does the program make its own footprint honest — local-first competition over fly-everywhere travel ball, the 158-Neighbourhood Games (SP32) as the low-carbon answer to the jet-set circuit — and is ""practice where you live"" a climate virtue too?"
sport,research/sport/QUESTION_BANK_EXTENDED.md,SP124,bank,"Legal sports betting now saturates the broadcast (SP46), the odds are read into the play-by-play, and the same ecosystem addicts the fans it depends on ⚠️ — the addiction seam inverted, and it lands hardest on young men and problem gamblers ⚠️ [VITALITY seam]. Fandom is in your trio (SP77); this is fandom's newest and fastest-growing poison. What is the program's hard firewall — does grassroots and youth sport take zero gambling money, ever, and does the city's own sport media commons (SP115) refuse the odds entirely?"
sport,research/sport/QUESTION_BANK_EXTENDED.md,SP125,bank,"The harm is designed: gamified betting apps, in-play micro-bets, and the same variable-reward machinery that poisons gaming progression (SP8's ""which practices should NEVER be gamified"") ⚠️. Kids now grow up seeing betting AS part of watching sport. How does the program inoculate young fans — gambling-harm literacy the way we teach any other addiction risk [EDU seam] — and does watching-that-feeds-playing (SP77) become the deliberate counter to watching-that-feeds-betting?"
sport,research/sport/QUESTION_BANK_EXTENDED.md,SP126,bank,"Gambling money is now structurally braided into pro sport's revenue (SP47), so partners-never-adversaries with the pro clubs runs straight into an addiction industry funding the teams. That's a real conflict the program can't wish away. What's the honest ask to the pro ecosystem here — and is refusing gambling sponsorship a line the grassroots commons (SP49) can hold precisely because it's built on different money?"
sport,research/sport/QUESTION_BANK_EXTENDED.md,SP127,bank,"Faith and sport are ancient partners — the fast that includes training, the sabbath as forced recovery (SP63), the Sikh gatka and wrestling akhara, the church-basement badminton (SP13), modesty needs that shape pool and gym access (SP108) ⚠️. Congregations are partners-never- adversaries (the CONNECTION faith-respect pattern) and hold halls, gyms, and belonging the program needs (SP19). How does SPORT partner with the city's faith communities on physical practice — honoring belief, never watering it down, never syncretism-by-design — and is the faith hall one of the biggest dormant practice commons in the city?"
sport,research/sport/QUESTION_BANK_EXTENDED.md,SP128,bank,"University and college sport is a whole tier the bank has barely touched: U SPORTS and OUA programs ⚠️, varsity facilities that sit underused by the surrounding city, the campus as either a talent-factory silo or a public commons. These are massive public-adjacent sport assets (SP11's unlock-what-exists). How does the program treat campus sport — open the varsity pool and track to the neighbourhood, weave college athletes into the coaching chains (SP16), and refuse the US-style scholarship machine that buys performance with young lives (SP26)?"
sport,research/sport/QUESTION_BANK_EXTENDED.md,SP129,bank,"Sport diplomacy is real soft power — the city that hosts a thousand small world championships (SP33) becomes a global practice crossroads, and Toronto's diaspora makes it the natural neutral ground for the world's sports [NEWCOMERS seam, host-never-import]. This is the peaceful, connection-first answer to the mega-event trap. What's the sport-diplomacy strategy — the city as the place the world trains and meets BECAUSE everyone lives here (SP79) — and how does it stay a people's-exchange rather than a nation-branding stunt?"
sport,research/sport/QUESTION_BANK_EXTENDED.md,SP130,bank,"Sport crosses the deepest human lines — the mixed team in a divided neighbourhood, the local peace table (CONNECTION seam) with a ball in it, the practice that unites people politics divides (Yoga = Union, SP54). It can also inflame tribalism (SP77's poison), especially where diaspora communities carry live home-country conflicts (the host-never-import safety constraint). How does the program use sport to unite across difference without becoming a proxy battlefield — and who convenes the mixed practice when the wider conflict is radioactive?"
sport,research/sport/QUESTION_BANK_EXTENDED.md,SP131,bank,"**The base-rate defeat.** Most mass-participation interventions fail to move population activity (SP50), and if, after real investment, Toronto's honest capability census (SP10) — can-you-swim, can-you-ride, can-you-run, minutes-of-practice — shows no movement in the actual population, the program failed at its core promise. What population-level result, measured over what horizon, would you accept as proof the ""mastery for everyone"" mandate didn't work — and would you shut it down?"
sport,research/sport/QUESTION_BANK_EXTENDED.md,SP132,bank,"**The transfer thesis collapses.** Your deepest claim (SP55, SP118) is that mastering body and breath builds mind and spirit. If the evidence architecture the factory builds shows physical practice does NOT transfer to executive function, emotion regulation, or meaning any better than a coin flip ⚠️, then the philosophical spine cracks. Would you accept that falsification — and does the program survive on movement's direct benefits alone even if the transfer story dies?"
sport,research/sport/QUESTION_BANK_EXTENDED.md,SP133,bank,"**It became an exclusion engine.** If the program, built to win back the picked-last kid (SP99, SP102) and serve those sport wounded (SP51), instead concentrates on the already-fit and already-included — if the gifted pipelines (SP15) quietly recreate the gatekeeping they were meant to end, and the gap between the sporty and the sedentary WIDENS — it became the opposite of its mission. What equity metric, measured how, would prove the program is helping the wrong people, and what stops that before it happens?"
sport,research/sport/QUESTION_BANK_EXTENDED.md,SP134,bank,"**The commons got captured or corrupted.** If the 158-Neighbourhood Games (SP32) turns corporate, the free access hours get monetized (SP49), gambling or junk money (SP124, SP46) buys back in through a side door, or the whole thing becomes a data-surveillance apparatus over people's bodies (SP43, SP100) — the program was captured by exactly what it refused. What are the tripwires that would tell you capture is happening, and who has the authority to pull the plug?"
sport,research/sport/QUESTION_BANK_EXTENDED.md,SP135,bank,"**Personal limits became a harm.** Your ""push past your limits"" seed (SP59) held against the shadow: if the program's edge-culture produces measurably more RED-S, overtraining, disordered eating, safeguarding failures, or burned-out kids (SP36, SP62, SP85) than the passive city it replaced, then ""find your limits"" became a machine for hurting people who'd pay anything (SP36). What safety-outcome threshold would prove the edge-pedagogy is doing net harm — and is ""personal limits only"" strong enough to hold when a kid's own ambition is the thing endangering her?"
torontoos,research/torontoos/QUESTION_BANK_EXTENDED.md,T1,bank,"Where is the Toronto-Waterloo tech ecosystem ACTUALLY at — the honest, measured baseline, not the imagined one: total VC deployed vs the Bay Area and other hubs, the documented anchor- company and scale-up gap (the ""we found companies but sell them before they anchor"" pattern), net talent retention vs the brain drain south, patents and research output, and the specific places the ""undercoordinated and underfunded"" diagnosis is TRUE versus where it's a comforting story? Meet the ecosystem where it IS before designing where it could go. *(Where-is-the-ecosystem-ACTUALLY-at; ""better than Silicon Valley"" as evidence, not assumption.)*"
torontoos,research/torontoos/QUESTION_BANK_EXTENDED.md,T2,bank,"What does the evidence say actually causes the coordination and funding gap — is it capital, or is it fragmentation, a thin domestic customer base, risk-averse procurement, a policy environment, or a culture that sells early? Because the fix for ""undercoordinated"" (convene, network, commons) is completely different from the fix for ""underfunded"" (capital), and the fix for ""we sell before we scale"" is different again — which diagnosis is right, and what does the program build against it?"
torontoos,research/torontoos/QUESTION_BANK_EXTENDED.md,T3,bank,"How do we actually MOBILIZE the ecosystem to build public infrastructure — Civic Tech TO, the incubators, the university labs, the tech-literate youth, the hobbyists — when the thing being built is a public good that doesn't make anyone rich? What does the evidence show about what moves world-class builders onto non-extractive work (mission, status, portfolio, a real user base at city scale, paid fellowships, open-source reputation) versus what civic-tech volunteerism has repeatedly failed to sustain? *(The core ""how could we tap them"" question, answered with the failure modes attached.)*"
torontoos,research/torontoos/QUESTION_BANK_EXTENDED.md,T4,bank,"How do we make BUILDING public digital infrastructure high-status and aspirational — ""sexy"" — so that the most talented engineers, designers, and researchers in the corridor compete to contribute to the commons the way they compete for FAANG offers, and so a line on TorontoOS is worth more to a career than a line at a surveillance-ad company? What actually shifts the status game of a tech scene? *(Making the virtue aspirational; the operator's standing ""make it sexy"" frame applied to civic building.)*"
torontoos,research/torontoos/QUESTION_BANK_EXTENDED.md,T5,bank,"Where is Civic Tech TO and the civic-tech movement ACTUALLY at — measured, not romanticized: what has the community actually shipped and sustained, what died (because most civic apps die), what is its real capacity and burn-out rate, and what is the honest lesson from a decade of civic tech worldwide about why volunteer-built public tools so rarely reach scale or last? What would it take for this to be the exception? *(Civic-tech failure modes as a first-class question.)*"
torontoos,research/torontoos/QUESTION_BANK_EXTENDED.md,T6,bank,"How do we treat the existing tech workforce, the universities, AND the incumbent vendors as partners-never-adversaries in the build — since the corridor's talent is currently employed by the very extractive companies the platform means to displace, and since City IT and existing suppliers will feel threatened by ""build from scratch and absorb""? What is the design where their expertise is drawn IN rather than fought, and where the transition dignifies rather than discards them? *(Partners- never-adversaries; tees up T-S3 and T-S6.)*"
torontoos,research/torontoos/QUESTION_BANK_EXTENDED.md,T7,bank,"What is the shared SPINE common to all three faces — the City's operations platform, the politicians↔citizens engagement platform, and the citizens↔citizens platform — and to the CityOS→ProvinceOS→CountryOS→DisasterOS→NeighborhoodOS scaling the operator names? If trust and identity are the common need he flags, what else is genuinely shared (data commons, deliberation, payments/value, notification, consent, discovery) versus what must stay face-specific, so we build one spine and three surfaces rather than three tangled apps? *(The architecture question, from his own framing.)*"
torontoos,research/torontoos/QUESTION_BANK_EXTENDED.md,T8,bank,"How is the TRUST AND IDENTITY layer designed so it is the answer to Sidewalk Toronto rather than a repeat of it — a citizen-owned, sovereign, privacy-preserving identity the person controls, not a platform-owned profile that becomes the surveillance key to everything? What is the honest FOR/AGAINST across the real options (self-sovereign identity / verifiable credentials, a public federated identity, a boring government-issued digital ID), which one actually protects the citizen, and where has each been abused (Aadhaar's exclusion harms, national-ID mission creep)? *(Sidewalk anchor + DPI failure modes + web3-realism converge on the single most load-bearing design choice.)*"
torontoos,research/torontoos/QUESTION_BANK_EXTENDED.md,T9,bank,"How do we build sovereignty-by-architecture so the person owns their data structurally, not by policy promise — since Quayside collapsed exactly because ""we'll govern the data responsibly"" was never enough: what is the design (personal data stores / data pods, edge/local-first computing, end-to-end encryption, data minimization, the citizen holding the keys) where the platform CANNOT extract or surveil even if a future operator, vendor, or government wanted to? Is that achievable, or is it aspiration dressed as architecture? *(Sovereignty is the product; structural not promissory.)*"
torontoos,research/torontoos/QUESTION_BANK_EXTENDED.md,T10,bank,"What is the honest answer on QUANTUM SECURITY — the operator names it, so: where is post-quantum cryptography ACTUALLY at (the standards that now exist, the real migration timeline), what in a city platform genuinely needs it (long-lived identity, health, sealed ballots — the ""harvest-now-decrypt-later"" risk) versus where it's a buzzword, and how do we design for crypto-agility so the platform can rotate its cryptography without a rebuild? *(Quantum security as engineering reality, not a buzzword; evidence honesty.)*"
torontoos,research/torontoos/QUESTION_BANK_EXTENDED.md,T11,bank,"How does the DATA COMMONS actually work as a governed public good — who decides what becomes commons vs stays private, how is consent granular and revocable, how does the commons create public value (research, planning, the sovereign-fund thesis from VITALITY) WITHOUT becoming the honeypot that Sidewalk's critics feared? What is the legal container (public data trust, civic data cooperative), and where has a genuine data commons been governed well or badly? *(Data commons as governed institution, not a database.)*"
torontoos,research/torontoos/QUESTION_BANK_EXTENDED.md,T12,bank,"How is the platform ACCESSIBLE and inclusive by law and by design from day one — AODA/WCAG compliance, plain language, every major Toronto language, the digitally-excluded (elders, low-income, disabled, newcomers, the un-connected) reached through human and offline channels — since a ""civic platform for all"" that only the connected can use is a new inequity, and DPI's worst harm everywhere has been excluding the people who needed it most? *(AODA/accessibility as constraint; DPI exclusion as the failure to design against.)*"
torontoos,research/torontoos/QUESTION_BANK_EXTENDED.md,T13,bank,"What is the actual SYSTEMS MAP — measured, not guessed: what does the City of Toronto (and the GTA municipalities) ACTUALLY run today (311, permits/building, property tax, transit, the ERP/finance backbone, HR, GIS, open-data portal, the myriad department systems), which are aging or locked-in, which contracts and renewal dates constrain the timeline, and which vendors hold the keys? You cannot decide replace-vs-integrate without the real inventory. *(Where-is-Toronto-ACTUALLY- at, applied to the tech estate.)*"
torontoos,research/torontoos/QUESTION_BANK_EXTENDED.md,T14,bank,"What is the honest replace / integrate / leave-alone decision RULE — since ""build from scratch and absorb ALL"" is how government IT megaprojects fail (the graveyard of billion-dollar rewrites): what is the test that says integrate with a system that works (via open APIs / a strangler-fig pattern) rather than rebuild it, replace only what is genuinely extractive or broken, and never touch what is fine? What does the evidence from failed and successful public-sector modernizations say the rule should be? *(Evidence honesty: government-IT failure as the thing to design against.)*"
torontoos,research/torontoos/QUESTION_BANK_EXTENDED.md,T15,bank,"How do we absorb WITHOUT lock-in — since the whole point is anti-vendor-lock-in, how does the platform itself avoid becoming the new monopoly, the new thing no future city can leave? What is the open-standards, open-data-format, forkable-and-exportable design that guarantees a citizen, a department, or another city can walk away with their data and their workflows intact? *(Anti-lock-in applied reflexively to our own build.)*"
torontoos,research/torontoos/QUESTION_BANK_EXTENDED.md,T16,bank,"How does the MIGRATION happen fast-but-safe without breaking services people depend on — since 311, benefits, permits, and payments cannot go down for a rewrite: what is the sequencing (parallel-run, incremental cutover, real fallbacks) that moves fast where it's safe and slow where lives and livelihoods are on the line, and where is the honest line between ""move fast"" and ""recklessly rip out infrastructure""? *(Fast-but-safe transitions; the operator's standing rule applied to critical systems.)*"
torontoos,research/torontoos/QUESTION_BANK_EXTENDED.md,T17,bank,"What does the City IT organization and the public-sector technologist BECOME in this transition — do the people currently maintaining legacy systems become the stewards, architects, and product owners of the new commons, or do they become the resistance because the project treats them as obstacles? How is their role transformed as an invitation, and how do we work WITH their unions through it? *(Role transformation + partners-never-adversaries; the internal workforce the build depends on.)*"
torontoos,research/torontoos/QUESTION_BANK_EXTENDED.md,T18,bank,"How do we run ""build from scratch and absorb"" without repeating Sidewalk's central mistake — a private-led megaproject that promised the city everything and controlled the terms? What is the governance where the build is public-led, publicly owned, incrementally proven, and reversible at every stage, so the city is never again in a position where a single builder holds the leverage? *(Sidewalk anchor applied to the delivery model itself, not just the data.)*"
torontoos,research/torontoos/QUESTION_BANK_EXTENDED.md,T19,bank,"What does ""1–3M conversations between the mayor and all the citizens"" actually MEAN mechanically — since one human cannot have three million conversations, the honest design is the question: opinion-clustering and consensus-surfacing at scale (the Polis / vTaiwan model the existing pilot already implements) that finds where the city actually agrees, feeding a much smaller number of real human deliberations, with the mayor genuinely IN the loop — not a chatbot wearing the mayor's face. Where exactly does the human stay central, and where does AI only assist? *(Builds on the DELIB pilot; AI-as-facilitator-never-replacement made concrete.)*"
torontoos,research/torontoos/QUESTION_BANK_EXTENDED.md,T20,bank,"How do the 10,000 purok-level conversations ROLL UP without the human texture being crushed into a number — what is the design where a block's real deliberation is aggregated up to the ward, the city, the GTA, and (per the CountryOS scaling) beyond, in a way that preserves dissent, minority positions, and the ""why,"" rather than flattening everything into a majority bar chart? How does roll-up inform without laundering local voice into false consensus? *(Deliberation-at-scale with fidelity; the roll-up is where scale usually kills nuance.)*"
torontoos,research/torontoos/QUESTION_BANK_EXTENDED.md,T21,bank,"Where is the line the AI facilitator must NEVER cross — since the operator's hard constraint is ""without losing the human touch"": AI may cluster, translate, summarize, surface, and schedule; AI may NOT decide, vote, manufacture consensus, or be presented as a participant with a stake. How do we encode that line so no future operator can quietly move it, and how is every AI-summarized or AI-modeled output LABELED as such so citizens always know what a human said versus what a model inferred? *(The DELIB validity rule: simulated is always labeled; only real deliberation confers mandate.)*"
torontoos,research/torontoos/QUESTION_BANK_EXTENDED.md,T22,bank,"How do we prevent deliberation-at-scale from being CAPTURED, astroturfed, brigaded, or Sybil-attacked — since any system that ""rolls up"" to influence power becomes a target: what is the design (the sovereign identity layer from T-S2, sortition/random-sample panels, rate-limiting, bot detection) that keeps the loudest, the best-funded, and the fake from dominating, and keeps the quiet majority and the marginalized genuinely heard? *(Elections-integrity-adjacent; the failure mode that discredits every civic platform if unsolved.)*"
torontoos,research/torontoos/QUESTION_BANK_EXTENDED.md,T23,bank,"How does mass deliberation actually change a DECISION — the honesty question civic tech usually ducks: what is the binding relationship between what the 10,000 puroks deliberate and what the City actually does, given that council, the City Manager, provincial law, and budgets hold real authority? Is this consultation theatre with better graphics, or does it have teeth (participatory budgeting with real dollars, citizen assemblies with a mandate, published must-respond obligations)? Where has digital democracy genuinely shifted power, and where was it a pressure valve? *(Digital-democracy evidence + failure modes; jurisdiction honesty on where authority actually sits.)*"
torontoos,research/torontoos/QUESTION_BANK_EXTENDED.md,T24,bank,"How does the platform reach the people who will NEVER be on an app — since a deliberation system that hears only the connected produces a confidently-wrong ""will of the city"": what are the offline, in-person, translated, doorstep, and community-broker channels (the purok facilitators themselves as humans) that bring the disconnected in, so the roll-up represents the whole city, not its online sliver? *(Connection as the underlying answer; the human facilitator is the feature, not a cost to automate away.)*"
torontoos,research/torontoos/QUESTION_BANK_EXTENDED.md,T25,bank,"What does it mean for TorontoOS to be the delivery layer for EVERY program — VITALITY, NEWCOMERS, EDU, deliberation, the puroks, the research library — rather than each building its own silo? What is the shared services model (identity, notifications, consent, payments, deliberation, data commons) every program plugs into, so a Torontonian has ONE trusted front door to all of it, and what is the honest risk of that single front door becoming a single point of control or failure? *(The delivery-layer thesis + its concentration risk.)*"
torontoos,research/torontoos/QUESTION_BANK_EXTENDED.md,T26,bank,"What ARE the right role-appropriate dashboards — genuinely different views for the City Manager (whole-of-city operations), the Mayor (political and public accountability), a Department Head (their unit's KPIs and bottlenecks), the Public (radical transparency, plain-language), and the Unions (workforce conditions, safety, staffing) — built on the same underlying truth so no one gets a private, flattering version? What is the design where everyone sees the SAME reality, sliced for their role? *(The operator's dashboard question, made concrete and honest.)*"
torontoos,research/torontoos/QUESTION_BANK_EXTENDED.md,T27,bank,"How do we make the city's operations RADICALLY transparent to the public — real KPIs, real spending, real service levels, real wait times, updated live — as the anti-Sidewalk move (the public can see everything the platform does), while protecting the legitimately private (personal data, security-sensitive operations, HR)? Where is the honest line between transparency-as-accountability and transparency-as-exposure, and who draws it? *(Transparency as the trust-building product; privacy/security as the constraint.)*"
torontoos,research/torontoos/QUESTION_BANK_EXTENDED.md,T28,bank,"How do we stop the dashboards from being GAMED or turned into a surveillance-management weapon — since the moment a KPI has power, it gets juked (Goodhart), and since ""everything each department is doing"" can become a tool to surveil and speed-up the workforce the unions represent? What does the evidence say about metric gaming and algorithmic management, and what is the design where dashboards illuminate and improve rather than punish and distort? *(Goodhart + partners-never- adversaries; the unions' legitimate fear addressed head-on.)*"
torontoos,research/torontoos/QUESTION_BANK_EXTENDED.md,T29,bank,"What does the CITY MANAGER, the department head, and the frontline public servant BECOME when the whole operation is legible in real time — does the manager shift from chasing status reports to stewarding outcomes, and the frontline worker from filling forms to serving people, with the admin absorbed by the system? How is that role transformation designed as dignity and higher-value work rather than as the justification for cuts? *(Role transformation; the public servant as partner.)*"
torontoos,research/torontoos/QUESTION_BANK_EXTENDED.md,T30,bank,"How does the platform deliver the operator's YEAR-TWO teaching mega-plank — ""anyone can get involved by mastering something and teaching it locally or to 8 billion"" — as native functionality: the tools for a Torontonian to learn, credential (without gatekeeping), and teach through the same commons, so the platform is not just where the city is run but where its people level up and pass it on? *(The operator's mega-note, folded into the delivery layer as designed, per Planning's year-two scoping.)*"
torontoos,research/torontoos/QUESTION_BANK_EXTENDED.md,T31,bank,"Do we actually need to be ""web3-native,"" or is there a better alternative — argued straight, FOR and AGAINST? FOR web3: user-owned data, credible-neutral rails, censorship-resistance, programmable value, exit from platform capture. AGAINST: most blockchain UX is terrible, energy and cost concerns, the fraud-and-collapse history, and the plain fact that a boring federated database with verifiable credentials often does the job better and cheaper. What is the honest per-function answer — where does a chain genuinely win, and where is it a solution chasing a problem? *(Web3 realism, non-negotiable; the alternative always on the table.)*"
torontoos,research/torontoos/QUESTION_BANK_EXTENDED.md,T32,bank,"What are the REAL lessons from DAOs ""in real life"" — since the operator asks to apply them, and since most DAOs failed: what actually worked (transparent treasuries, on-chain accountability, global permissionless participation, novel governance experiments) versus what failed hard (voter apathy, plutocracy by token, governance attacks, legal ambiguity, the gap between decentralization theatre and real power)? What does the platform take FROM the DAO experiment and what does it explicitly refuse to repeat? *(DAO failure modes as first-class evidence, not inspiration-porn.)*"
torontoos,research/torontoos/QUESTION_BANK_EXTENDED.md,T33,bank,"How does the platform handle MONEY — or its absence — and regenerative finance, without becoming a speculative casino? What are the honest options (a public/community currency, mutual- credit and time-banking, participatory-budgeted public funds, cooperative ownership stakes, a regenerative-finance model that funds the commons from the value it creates rather than from extraction), which have actually worked at city scale, and how does the platform move value WITHOUT importing crypto's boom-bust and scam dynamics? *(Regenerative finance as evidence-checked design; take-the-money-out honesty.)*"
torontoos,research/torontoos/QUESTION_BANK_EXTENDED.md,T34,bank,"How could the platform genuinely REPLACE the gig-economy companies — the ride-hail, the delivery, the task platforms — with worker- and community-owned cooperatives running on the public commons, so the value the Ubers extract stays with the drivers, couriers, and city? What does the evidence say about platform cooperatives (where they've worked, where they've struggled against network effects and capital), and what does the platform provide (identity, payments, reputation, dispatch) that lets a co-op actually out-compete a venture-subsidized incumbent? *(Replacing gig extraction; the ""repatriate the Meta/Uber tax"" thesis argued institutionally, pointer-never-author; gig workers as partners "
torontoos,research/torontoos/QUESTION_BANK_EXTENDED.md,T35,bank,"What does the GIG WORKER become in this transition — from an atomized, algorithmically- managed contractor with no ownership to a co-owner of the platform they work on, with portable reputation, real bargaining power, and a stake in the surplus? How is that transition sequenced fast-but-safe so workers aren't stranded between the old extractive platform and an immature co-op? *(Role transformation for the most-extracted workers; fast-but-safe.)*"
torontoos,research/torontoos/QUESTION_BANK_EXTENDED.md,T36,bank,"How does the platform let Toronto's products and services reach GLOBAL markets at scale non-extractively — since the operator wants global reach: is this an open, exportable protocol other cities and cooperatives adopt (CityOS as a public good the world runs, not a product we sell), a marketplace that connects Toronto co-ops to the world, or both? How do we reach global scale WITHOUT becoming the extractive platform we replaced, and what is the honest business model that funds the commons without capturing it? *(Global reach as public good, not empire; the export thesis stress- tested against becoming the new monopoly.)*"
torontoos,research/torontoos/QUESTION_BANK_EXTENDED.md,T37,bank,"What does ""freely accessible frontier AI for all"" ACTUALLY require and cost — since frontier models are enormously expensive to train and run, and the honest options are very different: hosting open-weight models on public/shared compute, negotiated public access to commercial frontier models, a public-compute cooperative, or edge/small-model approaches for privacy? Where is the line between a fundable public-AI-access commons and a promise the city cannot afford, and how do we keep it free at the point of use without hidden dependence on a single foreign provider? *(Free-frontier-AI as honest cost/architecture, not a slogan; sovereignty from provider lock-in.)*"
torontoos,research/torontoos/QUESTION_BANK_EXTENDED.md,T38,bank,"How do we CURATE ""the best tools, technologies, and education in the world"" without the curation itself becoming a gatekeeping power — who decides what's ""best,"" how is the curation transparent, contestable, and kept current, and how does it avoid entrenching today's favourites or a curator's bias? What is the governance of a public curation commons? *(Curation as governed public good, not editorial fiat.)*"
torontoos,research/torontoos/QUESTION_BANK_EXTENDED.md,T39,bank,"How do we build ON the world's digital public goods responsibly — standing on the mature open infrastructure that already exists (the Digital Public Goods registry, government-tech commons like the ones India, Estonia, Brazil, and others have open-sourced, the open-source deliberation and identity stacks) rather than reinventing them — while being honest about which are genuinely good, which carry exclusion or surveillance baggage (the Aadhaar lesson), and how we adapt them to Toronto's law and values? What do we ADOPT, ADAPT, and REJECT? *(Building on public goods with evidence honesty about each; the operator's synthesize-don't-reinvent instruction.)*"
torontoos,research/torontoos/QUESTION_BANK_EXTENDED.md,T40,bank,"How do we CONTRIBUTE BACK and remain a good commons citizen — since taking from open source without giving back is its own extraction: how does the platform upstream its improvements, fund the maintainers it depends on, and release its own work as a global public good so the CityOS→CountryOS export is genuine sharing, not a Toronto-branded enclosure of others' free labour? *(Non-extractive toward the commons we build on; reciprocity as a design rule.)*"
torontoos,research/torontoos/QUESTION_BANK_EXTENDED.md,T41,bank,"How do we keep sovereignty while depending on global open source — the honest dependency question: if a critical open-source project is abandoned, captured, or compromised, what is the platform's resilience (forkability, multiple providers, in-house capacity), and how do we avoid trading vendor lock-in for a subtler dependence on foreign-controlled ""open"" infrastructure? *(Sovereignty vs dependency; the supply-chain risk of building on others' code.)*"
torontoos,research/torontoos/QUESTION_BANK_EXTENDED.md,T42,bank,"What is the FULL generative catalog of everything that could live in this system — identity, deliberation, dashboards, services delivery, the data commons, payments/value, the program layer (VITALITY/NEWCOMERS/EDU/puroks), the marketplace, curation, AI access, mapping/GIS, emergency (DisasterOS), the co-op/gig layer, teaching/credentialing — laid out exhaustively FIRST, before any cutting, so nothing obvious is missed? *(The operator's ""list ALL of it"" instruction, done generatively.)*"
torontoos,research/torontoos/QUESTION_BANK_EXTENDED.md,T43,bank,"What is the honest KISS cut — which of those are the irreducible SPINE (identity, consent, deliberation, data commons, one service front-door) that must exist for anything else to work, and which are downstream apps that can wait, be community-built, or never get built at all? What is the smallest thing that is genuinely useful on its own? *(KISS as the operator demands; the anti-bloat discipline.)*"
torontoos,research/torontoos/QUESTION_BANK_EXTENDED.md,T44,bank,"What is the honest ROI ranking — measured, not assumed: for each candidate build, what is the real cost (build, run, maintain, support), the real benefit (users reached, value created, extraction stopped, trust built), and the real risk (failure, harm, capture)? Which builds are high-value/low- cost/low-risk and go first, and which are seductive but low-ROI and get deferred or killed? *(ROI as evidence, not vibes; the operator's second instruction.)*"
torontoos,research/torontoos/QUESTION_BANK_EXTENDED.md,T45,bank,"What is the smallest honest FIRST BUILD — the minimum viable public good that proves the model, earns trust, and is useful even if nothing else ships: is it the deliberation layer (which already has a working pilot), a single high-pain service done beautifully, or the identity spine? What ships first, and what does its success actually demonstrate? *(Practice over theory; start small, prove it, then scale — the operator's own pattern from other programs.)*"
torontoos,research/torontoos/QUESTION_BANK_EXTENDED.md,T46,bank,"How do we keep the platform from becoming a BLOATED everything-app that does nothing well — since ""a platform for all programs and all citizens and all services"" is exactly how public tech becomes an unusable, unmaintainable monster? What is the architectural and governance discipline (small composable pieces, ruthless scope control, sunset rules for dead features) that keeps it lean as it grows? *(KISS as a standing constraint, not a one-time cut.)*"
torontoos,research/torontoos/QUESTION_BANK_EXTENDED.md,T47,bank,"What is the honest TOTAL cost and the honest funding model — since none of this is free: what does building and running TorontoOS actually cost over its life, who pays (city, province, federal DPI funding, philanthropy, the regenerative-finance model, cost-savings from replaced extractive contracts), and what does the program refuse to promise it can afford? Where does the money come from, honestly? *(Take-the-money-out and honest-costs discipline; no invented savings.)*"
torontoos,research/torontoos/QUESTION_BANK_EXTENDED.md,T48,bank,"What does ""humanistic"" AI, robotics, and automation actually MEAN as a testable design standard, not a slogan — human-in-command, augmenting-not-replacing where the human touch matters, transparent, contestable, accessible, and demonstrably reducing drudgery rather than dignity? What is the checklist Toronto could publish and be held to, so ""we did it the right way"" is auditable rather than asserted? *(AI/robotics humanism as an accountable standard; the operator's ""the right way(s)"" made concrete.)*"
torontoos,research/torontoos/QUESTION_BANK_EXTENDED.md,T49,bank,"How do we hold the JOBS question honestly as automation arrives — since the operator's own frame elsewhere is ""there are no more jobs but there is a lot of work to be done"": what is the honest transition for the workers automation displaces (drivers, warehouse, delivery, clerical), how do the co-op/ownership models from T-S6 give them a stake rather than a pink slip, and how is this demonstrated as fast-but-safe and partners-never-adversaries rather than techno-optimist hand-waving? *(Honest automation-displacement; role transformation; the workforce as partner.)*"
torontoos,research/torontoos/QUESTION_BANK_EXTENDED.md,T50,bank,"Is the DRIVERLESS CONVERSION-KIT enterprise actually viable, and is it SAFE — the operator's concrete idea, stress-tested: where is autonomous-driving tech ACTUALLY at (the honest state of the art and its failure modes), what does it take to retrofit an existing vehicle safely, what are the brutal safety, liability, insurance, and regulatory realities (this is provincial/federal, not municipal — jurisdiction honesty), and is ""kit to convert any vehicle"" a real engineering path or a dangerous shortcut? *(Evidence honesty on self-driving; safety and jurisdiction as hard constraints, not enthusiasm.)*"
torontoos,research/torontoos/QUESTION_BANK_EXTENDED.md,T51,bank,"How do we DEMOCRATIZE frontier technologies — driverless, robotics, automation — to be free or low-cost for all rather than luxuries of the rich, WITHOUT cutting the safety corners that ""cheap"" usually implies? What is the model (open hardware, public-transit-first deployment, community ownership, shared fleets) where the poorest neighbourhood gets the benefit on the same terms as the richest, and how do we prove safety wasn't traded for accessibility? *(Democratize-frontier-tech + equity + the non-negotiable safety line.)*"
torontoos,research/torontoos/QUESTION_BANK_EXTENDED.md,T52,bank,"What does ""hyperlocalization at scale"" actually mean as a transition strategy — local production, local energy, local food, local manufacturing, local fabrication (the maker/fab-lab layer) coordinated through the platform, so Toronto meets more of its own needs resiliently? Where is the evidence that hyperlocalization builds resilience versus where it just raises costs and reduces the gains from scale, and which transitions genuinely benefit from it? *(Hyperlocalization as evidence-checked strategy, not ideology.)*"
torontoos,research/torontoos/QUESTION_BANK_EXTENDED.md,T53,bank,"What ELSE could Toronto actually build and commercialize non-extractively — beyond driverless kits: given the real ecosystem strengths (AI research, quantum, biotech, cleantech, fintech, the civic-tech and DPI expertise this very program builds), what could Toronto genuinely export to the world as a public good or a cooperatively-owned product, and how is that commercialization structured so the value stays with the city and its workers rather than being sold south the moment it works (the anchor-company gap from T1)? *(What-else-to-commercialize + the retention/anchoring problem from T-S1; export as public good.)*"
torontoos,research/torontoos/QUESTION_BANK_EXTENDED.md,T54,bank,"Should ROBOTICS/AUTOMATION be its own program spinout, and if so what's the honest scope — since the operator flags it as possibly meriting its own section: what belongs in TorontoOS as platform (coordination, ownership, deployment) versus in a dedicated robotics/automation program (humanoid robotics, automated delivery, the conversion-kit enterprise), and where is the clean seam? *(Scoping the candidate spinout the fleet was asked to fold in, honestly.)*"
torontoos,research/torontoos/QUESTION_BANK_EXTENDED.md,T55,bank,"How is the platform REGIONAL by design, not Toronto-then-bolt-on-the-suburbs — since the operator is right that the platform is inherently GTA-scale (people cross municipal lines to work, transit, and live): how do CityOS instances across Toronto, Peel, York, Durham, and Halton federate and interoperate while each municipality keeps sovereignty over its own data and decisions? What is the federation model that makes the GTA one commons without one municipality dominating the rest? *(GTA-regional as architecture; the ProvinceOS scaling made concrete; federation over centralization.)*"
torontoos,research/torontoos/QUESTION_BANK_EXTENDED.md,T56,bank,"How do we build the GTA coalition WITHOUT central headspace — since the operator explicitly says leads are needed in the adjacent municipalities because he can't hold it: what is the design for distributed, self-organizing municipal leads who run their own local instance and conversation while plugging into the shared spine, so the region coordinates without a single overloaded center? *(The coordination problem the operator handed forward, treated as a design question.)*"
torontoos,research/torontoos/QUESTION_BANK_EXTENDED.md,T57,bank,"Where is the JURISDICTION line across the whole platform — since municipal, regional, provincial, and federal powers are genuinely different, and elections, privacy, procurement, and accessibility law bind hard: what can a city platform actually do on its own authority, what needs the province or Ottawa, and where must the program flag counsel rather than assume it can act? *(Jurisdiction honesty as a whole-platform constraint; know the lane.)*"
torontoos,research/torontoos/QUESTION_BANK_EXTENDED.md,T58,bank,"Who GOVERNS TorontoOS, and who OWNS it — the central power question: since the identity layer, the data commons, the deliberation engine, the value rails, and the dashboards concentrate enormous power, what is the ownership and governance structure (a public-benefit body, a civic data trust, a municipally-owned cooperative, a multi-stakeholder foundation) that keeps it genuinely publicly owned, democratically accountable, capture-resistant against private buyout, provincial override, and its own future leaders — and where has anything at this scale been governed well or catastrophically? *(The power question, held honestly; the thing Sidewalk got wrong.)*"
torontoos,research/torontoos/QUESTION_BANK_EXTENDED.md,T59,bank,"How does the program engage the hardest DEBATES without ducking them — the honest FOR/AGAINST on web3-vs-boring-database, on data centralization vs local-first, on ""better than Silicon Valley,"" on build-from-scratch vs integrate, on whether mass digital democracy is empowerment or a pressure valve — in language that survives a hostile technical critic AND a hostile privacy advocate, locating any failure in system design rather than in the character of the workers, vendors, or public servants inside it? *(Evidence honesty + partners-never-adversaries as a writing discipline.)*"
torontoos,research/torontoos/QUESTION_BANK_EXTENDED.md,T60,bank,"How is the platform PROVABLY the answer to Sidewalk Toronto, not a rerun — the question every other question serves: what is the short, testable list a skeptical Torontonian who remembers Quayside can check (the citizen owns the data structurally; the governance is public and accountable; there is no private master; it is transparent, reversible, and forkable; the sovereignty is architectural not promissory) — and does the design actually pass it, or does it fail the very test it was built to pass? *(The Sidewalk anchor as an explicit pass/fail checklist the whole program is measured against.)*"
torontoos,research/torontoos/QUESTION_BANK_EXTENDED.md,T61,bank,"How do we run this as PRACTICE, not theory — since ""life is 99% practice"": is the program measured by real Torontonians who ACTUALLY deliberated this month, ACTUALLY got a service through the platform, ACTUALLY owned their data, ACTUALLY joined a co-op that replaced an extractive app — real events in real weeks — rather than by a beautiful architecture diagram nobody uses? What is the practice-culture design that keeps this from becoming another visionary platform that ships a whitepaper and dies? *(Practice over theory; civic-tech's graveyard is full of elegant unused platforms.)*"
torontoos,research/torontoos/QUESTION_BANK_EXTENDED.md,T62,bank,"How do we guarantee the platform is built BY the people it serves, not TO them — guarding against the trap where well-meaning technologists build civic infrastructure for communities that never held the pen, the keys, or the governance seat, especially for the racialized, disabled, poor, newcomer, and Indigenous Torontonians the digital world has most excluded and surveilled? What is ""nothing about us without us,"" applied to the code and the commons? *(Dignity, inclusion, and community control as the design foundation; the anti-Sidewalk stance made participatory.)*"
torontoos,research/torontoos/QUESTION_BANK_EXTENDED.md,T63,bank,"How does the movement itself stay healthy building this — since a decade-scale public- infrastructure effort will fail if it burns out the volunteers, the civic technologists, and the City staff it depends on, exactly as civic-tech communities repeatedly have? What does it look like to build the platform sustainably, at a pace the humans can hold? *(The build's own sustainability as a first-class question; partners-never-adversaries includes our own people.)*"
torontoos,research/torontoos/QUESTION_BANK_EXTENDED.md,T64,bank,"What is the honest evidence base and reading list this program stands on — the projects, people, and organizations already working in this exact space (Taiwan's digital democracy, Barcelona's Decidim and DECODE data sovereignty, Estonia's X-Road, the platform-cooperative movement, the digital public goods and Gov-tech-commons communities, the Polis/deliberation lineage the pilot already uses), the failures to learn from (Sidewalk itself, Aadhaar's exclusion harms, the DAO collapses, the government-IT graveyard), and the best books and thinkers — assembled as a living mega-question, not asserted from memory? *(The operator's ""who else, what to read, thought leaders"" mega-note, folded in as a "
torontoos,research/torontoos/QUESTION_BANK_EXTENDED.md,T65,bank,"How do we make the whole thing REVERSIBLE and exitable at every layer — since the ultimate protection against capture is that the city, a community, or a citizen can always walk away with their data and workflows intact: is exit designed into every layer (identity, data, services, value, governance), and can we prove it by actually exercising it, so ""the people own it"" is demonstrable rather than declared? *(Reversibility as the structural guarantee of ownership; anti-lock-in applied to the whole stack.)*"
vitality,research/vitality/QUESTION_BANK_EXTENDED.md,V1,bank,"Where is Toronto's health ACTUALLY at — the honest, measured baseline, not the imagined one: life expectancy and healthy-life-expectancy by neighbourhood and income (the documented gap between the richest and poorest postal codes is years of life), chronic-disease and mental-illness burden, the loneliness and inactivity numbers, and the size of the equity gap the program exists to close? Meet the city where it IS before designing where it could go."
vitality,research/vitality/QUESTION_BANK_EXTENDED.md,V2,bank,"What does the geroscience evidence ACTUALLY show, separated cleanly from the ambition — the real, published state of aging biology (senescence, the hallmarks of aging, the human trials that exist and their honest results) versus the contested speculation (radical life-extension, ""longevity escape velocity"") that is a vision, not an established fact? How does the program frame a bold aspiration for its children's generation without ever presenting escape-velocity claims as proven, or selling false hope to the sick and grieving? *(Longevity honesty: ambition and evidence in separate, clearly-labelled lanes.)*"
vitality,research/vitality/QUESTION_BANK_EXTENDED.md,V3,bank,"How do we make the equity imperative the FIRST engineering constraint, not a footnote — since any longevity or advanced-health technology, left to markets, reaches the richest first and hardens the life-expectancy gap into a life-expectancy chasm: what is the design where a new intervention reaches the poorest Toronto neighbourhood on the same day it reaches the wealthiest, and how do we prove it did? *(The operator's ""reach us first, in an equitable way for all"" — made the load-bearing constraint.)*"
vitality,research/vitality/QUESTION_BANK_EXTENDED.md,V4,bank,"How do we honour the operator's diaspora-equity vision — ""then our communities from where we came from"" — so that a health advance proven in Toronto reaches the homelands FAIRLY rather than extractively: not Toronto as a lab that harvests and sells, but Toronto as a city that shares what works with the fields, clinics, and villages its people came from, on terms those communities set? What is non-extractive global health-benefit-sharing, and how does it avoid becoming a new colonialism of care? *(Composes with the NEWCOMERS diaspora bridge — the health crossing.)*"
vitality,research/vitality/QUESTION_BANK_EXTENDED.md,V5,bank,"What does ""happiest"" actually mean and how would we measure it without corrupting it — since a city can juke a wellbeing dashboard the way it juked test scores: what is the honest happiness / wellbeing / connection baseline (loneliness, belonging, meaning, mental-health measures), what does the evidence say actually moves it (relationships, purpose, security, autonomy — not consumption), and what does the program refuse to target directly so the metric doesn't eat the mission (Goodhart)?"
vitality,research/vitality/QUESTION_BANK_EXTENDED.md,V6,bank,"How do we make being HEALTHY high-status and aspirational — ""sexy"" — so that vitality, testing, discipline, and care for the body are things people compete to embody and celebrate, rather than a chore, a privilege, or a moralizing scold? What does the evidence say actually shifts a culture's health norms (social proof, belonging, identity, joy) versus what backfires (shame, fear, the wellness-industry status game that excludes the people who need it most)?"
vitality,research/vitality/QUESTION_BANK_EXTENDED.md,V7,bank,"What does the PHYSICIAN become in the AI era — if diagnosis, triage, and guideline-recall are increasingly assisted by frontier tools, does the doctor become the one thing software can't be: the trusted human who holds the whole person, makes the judgment call, and does the healing that requires a relationship? How do we fund and dignify that higher role rather than treating the efficiency as a reason to see more patients faster? *(Partners, never adversaries — physicians and their colleges invited into their own transformation.)*"
vitality,research/vitality/QUESTION_BANK_EXTENDED.md,V8,bank,"What does the NURSE, the nurse practitioner, and the community health worker become when the system shifts from treating sickness to sustaining vitality — do they move to the front of a prevention-first, community-embedded model where the highest-value work is relationship, coaching, and continuity? How do we redesign the roles, the training, and the pay around that shift, working WITH their unions and colleges rather than around them? *(The nursing and allied-health workforce as the partners this whole vision depends on.)*"
vitality,research/vitality/QUESTION_BANK_EXTENDED.md,V9,bank,"What does the PUBLIC-HEALTH worker become when the population is the most-tested in the world and the data is (voluntarily) centralized — from reactive outbreak-and-inspection work toward real-time, population-scale vitality stewardship? Where is Toronto Public Health ACTUALLY at now (its mandate, capacity, and constraints), what should it become, and what must be protected against as its power grows (the surveillance risk V-S3 confronts)?"
vitality,research/vitality/QUESTION_BANK_EXTENDED.md,V10,bank,"How do we bring the community's OWN healers into the system as partners — the traditional, cultural, faith, and lay healers people already trust (and often reach before a doctor) — through secular, evidence-honest collaboration that neither dismisses them nor endorses the unproven, and that is led by those communities and, for Indigenous healing, by published Indigenous voices on their own protocol? Where is the honest line between ""trusted community healer"" and ""unregulated harm,"" and who draws it? *(Spiritual/Indigenous content via secular access + Indigenous voices, protocol-flagged.)*"
vitality,research/vitality/QUESTION_BANK_EXTENDED.md,V11,bank,"How do we transform the health workforce fast-but-safe WITHOUT a wave of burnout, moral injury, and attrition — since the people we need for the new system are the exhausted people holding up the old one? What does the evidence show about health-worker wellbeing, and what is the sequencing that lightens the load before it adds the new expectations? *(The workforce's own vitality is a first-class question, not an afterthought.)*"
vitality,research/vitality/QUESTION_BANK_EXTENDED.md,V12,bank,"What does the overtesting / overdiagnosis / screening-harms evidence ACTUALLY show, engaged head-on — since ""most-tested population in the world"" collides directly with the Cochrane finding that general health checks don't reduce mortality, with USPSTF cautions, and with the documented harms of false positives, incidentalomas, overdiagnosis, cascade testing, radiation, and the anxiety of being told you might be sick? What is the design that captures the genuine value of testing WITHOUT manufacturing a city of the worried well and iatrogenic harm? Any comprehensive-testing plan must answer this before it starts. *(Testing honesty: this is a QUESTION the design must pass, not a rule it may ski"
vitality,research/vitality/QUESTION_BANK_EXTENDED.md,V13,bank,"Which tests actually EARN their place — since ""test everything, everyone, constantly"" is not the same as ""test the right things, for the right people, at the right time"": what does the evidence say has real predictive and actionable value versus what is expensive noise, and how does the program distinguish testing that changes a life from testing that just generates data and dread? Where is the line between empowering someone with their own biology and burdening them with it?"
vitality,research/vitality/QUESTION_BANK_EXTENDED.md,V14,bank,"How do we make the testing genuinely VOLUNTARY and never coercive — since the whole thesis is built on mass participation, the temptation to nudge, condition, or pressure is enormous: what is the architecture that guarantees no service, no benefit, no employment, and no insurance is ever tied to participation, that consent is real and revocable, and that the person who opts out is never penalized or made lesser? *(Consent is the product — voluntary absolutely.)*"
vitality,research/vitality/QUESTION_BANK_EXTENDED.md,V15,bank,"Who OWNS the data and the upside — the operator's sharpest question: how do we build the ""health-data sovereign wealth fund"" so that the people whose bodies produced the data own it collectively, share in any profit from research and treatments seeded by it, and get first access at lowest cost — rather than a private company enclosing a public resource for free? What is the legal and governance structure (data trust, public benefit corporation, cooperative, community-controlled fund) that actually holds that promise, and where has anything like it worked or failed?"
vitality,research/vitality/QUESTION_BANK_EXTENDED.md,V16,bank,"How do we start small and scale fast the way the operator asks — what is the smallest honest pilot (a neighbourhood, a cohort, a single test type) that proves the model, protects the participants under a two-key ethics gate, and earns the trust needed to scale, rather than a city-wide rollout of an unproven system on real bodies? What is the fast-but-safe sequencing from one block to the whole city? *(Two-key ethics gate on anything touching real people.)*"
vitality,research/vitality/QUESTION_BANK_EXTENDED.md,V17,bank,"On centralization — the one thing the operator explicitly favours — what is the honest FOR/AGAINST, argued straight? FOR: care coordination, research power, no repeated tests, population health at a resolution never before possible, and the collective bargaining power that makes the sovereign-wealth-fund thesis work. AGAINST: the catastrophic breach, the single point of failure, function creep, insurer and employer and state access, the chilling effect on who seeks care, and the history of centralized health data being turned against the vulnerable. What is the design that captures the FOR while structurally preventing the AGAINST, and is that even possible? *(The operator's own instinct get"
vitality,research/vitality/QUESTION_BANK_EXTENDED.md,V18,bank,"How do we govern Indigenous health data to OCAP®/CARE-grade sovereignty — since the centralization thesis, applied without care, would repeat exactly the extraction Indigenous nations have fought: how does the design guarantee Indigenous ownership, control, access, and possession of Indigenous data as a non-negotiable, led by Indigenous data-governance bodies on their own terms, not as a courtesy the fund grants? *(OCAP®/CARE governance; Indigenous data self-determination.)*"
vitality,research/vitality/QUESTION_BANK_EXTENDED.md,V19,bank,"What OTHER benefits and OTHER harms come from being the most-tested population — the operator asks for the upside (early disease detection at scale, faster trials, a research magnet, a new local health economy); what is the matching honest ledger of the downside (genetic discrimination, a surveillance-medicine culture, the psychological weight of constant monitoring, and the equity risk that the data of the poor funds treatments only the rich can afford)? How does the program bank the benefits while the equity constraint (V3) and consent architecture (V14) hold the line?"
vitality,research/vitality/QUESTION_BANK_EXTENDED.md,V20,bank,"How do we put MUSIC AND DANCE at the literal forefront of the city's vitality — building the ecstatic-dance, inner-dance, 5 Rhythms, and conscious-movement forms the operator names by name into civic infrastructure (regular, accessible, sober or all-ages where appropriate, everywhere), so that moving the body in a room full of others is as normal and celebrated as going to the gym? What does the evidence show about dance and rhythmic movement for mood, connection, and physical health, and what does the program build so it reaches beyond the already-initiated to the whole city?"
vitality,research/vitality/QUESTION_BANK_EXTENDED.md,V21,bank,"How do we make music-making itself a mass practice, not a spectator sport — community choirs, drumming circles, mixed-origin bands, singing as the thing you DO rather than the thing you stream? What does the evidence say about group singing and music-making for wellbeing, social bonding, and even physiology (the synchrony research), and how do we scale participation across language, class, and age? *(Composes with the NEWCOMERS music-as-front-door frame.)*"
vitality,research/vitality/QUESTION_BANK_EXTENDED.md,V22,bank,"How do we prescribe NATURE as medicine at city scale — since the evidence on green space, ""nature dose,"" blue space, and outdoor time for mental and physical health is among the strongest in public health: what does a Toronto that treats the ravines, waterfront, parks, and urban forest as a health system look like, how do we get the least-served neighbourhoods (which have the least green space) the most access, and what is ""nature prescription"" done as real infrastructure rather than a slogan? *(Equity constraint: green-space access maps onto the income gap.)*"
vitality,research/vitality/QUESTION_BANK_EXTENDED.md,V23,bank,"How do we build the TRUST SYSTEMS the operator asks for — the actual mechanisms that let strangers safely connect, help each other, share resources, and show up for one another — since the deepest finding in health research is that connection and social capital predict longevity as strongly as smoking or exercise? What does the evidence say builds trust between strangers (repeated contact, shared projects, reciprocity, safe first meetings), and what is the design that manufactures those conditions deliberately rather than hoping for them?"
vitality,research/vitality/QUESTION_BANK_EXTENDED.md,V24,bank,"How do we make CONNECTION the explicit, measured, funded intervention it deserves to be — since loneliness and isolation carry a mortality risk comparable to major clinical risk factors, yet the health system spends almost nothing on it: what is ""social prescribing"" done at city scale (the UK link-worker model and its evidence), how do we build the third places, the shared meals, the clubs and projects where connection actually happens, and how do we prove it moved the outcome? *(Connection as the underlying answer — the operator's, and the movement's, core bet.)*"
vitality,research/vitality/QUESTION_BANK_EXTENDED.md,V25,bank,"How do we enhance the ENJOYMENT of culture, not just its consumption — festivals, food, ritual, celebration, the arts as things a whole city participates in across every origin and class, such that joy and belonging are understood as vitality inputs and funded accordingly? What is the design that makes shared cultural joy a public-health strategy rather than a nice-to-have, and how does it reach the isolated rather than only entertaining the connected? *(Composes with the NEWCOMERS and EDU culture-as-connection frames.)*"
vitality,research/vitality/QUESTION_BANK_EXTENDED.md,V26,bank,"What does it mean to LOCALIZE vitality — to build health at the scale of the block, the neighbourhood, the community hub, rather than the hospital and the clinic downtown? What is the evidence for hyper-local, place-based health (community health centres, neighbourhood hubs, the ""15-minute health"" idea), and what is the design where every neighbourhood has its own vitality infrastructure — movement, food, testing access, connection, nature — within a walk?"
vitality,research/vitality/QUESTION_BANK_EXTENDED.md,V27,bank,"How do we grow a LOCAL vitality economy that keeps the value in the community — since the operator's economies-of-scale and collective-profit thesis is fundamentally local: local food production, community-owned fitness and movement spaces, neighbourhood health cooperatives, local testing and care? What does a vitality economy owned by the people it serves look like, and how does it resist being bought out and enclosed the moment it works? *(Composes with the collective-ownership thesis in V-S3.)*"
vitality,research/vitality/QUESTION_BANK_EXTENDED.md,V28,bank,"How does Ontario become a genuine health-and-fitness DESTINATION without building a two-tier system — since ""medical tourism"" and ""wellness tourism"" can easily mean world-class care for wealthy visitors alongside wait-listed residents? What is the design where being a destination FUNDS and RAISES resident vitality (shared infrastructure, reinvested revenue, talent and knowledge drawn in) rather than diverting it, and where does the honest line sit? *(Equity constraint applied to the destination thesis.)*"
vitality,research/vitality/QUESTION_BANK_EXTENDED.md,V29,bank,"What is the honest baseline and the honest draw — where is Ontario ACTUALLY at as a health destination now, what does it genuinely have that the world wants (the natural environment, the four-season outdoors, the multicultural food and movement cultures, the research base, universal care as a differentiator), and what would it take to build a reputation the evidence actually supports rather than a marketing campaign? *(Where-is-Ontario-ACTUALLY-at.)*"
vitality,research/vitality/QUESTION_BANK_EXTENDED.md,V30,bank,"How does the destination thesis compose with the diaspora-equity vision — could Ontario become the place people come to learn health practices they carry BACK to their homelands (the brain-circulation model from NEWCOMERS, applied to vitality), so the destination is a teaching hub that strengthens the world rather than a spa that extracts from it? What is non-extractive vitality tourism? *(Composes with V4 and the NEWCOMERS improve-home-from-here thesis.)*"
vitality,research/vitality/QUESTION_BANK_EXTENDED.md,V31,bank,"How do we make sport and movement a LIFELONG habit rather than something that ends at graduation — since the drop-off in physical activity after school is one of the most predictable and damaging health patterns there is? Where is Toronto ACTUALLY at on adult and lifelong participation (the measured baseline, by age, gender, income, and neighbourhood), and what does the evidence show keeps people moving across a whole life rather than for a season?"
vitality,research/vitality/QUESTION_BANK_EXTENDED.md,V32,bank,"How do we 100x clubs and community sport the operator asks for — what is the actual math and design of going from scarce, gated, expensive facilities to abundant, cheap, everywhere ones (school gyms open evenings and weekends, park programming, pick-up culture, low-cost community clubs), and where do the real bottlenecks sit (facilities, cost, coaching, permits, insurance, time)? What is the fastest path to abundance? *(Practice over theory: real clubs people actually join this month.)*"
vitality,research/vitality/QUESTION_BANK_EXTENDED.md,V33,bank,"How do we make DISCIPLINE and self-mastery aspirational — ""sexy"" — so that showing up, progressing, and mastering a hard thing is high-status and celebrated across a whole culture, not a grind people dread or a flex only the privileged can afford? What does the evidence on habit formation, mastery motivation, and intrinsic vs extrinsic reward say actually builds a lifelong practice, and what does the program design so the win is the doing, not the medal? *(Making virtue aspirational; composes with the EDU ""self-discipline sexy"" frame.)*"
vitality,research/vitality/QUESTION_BANK_EXTENDED.md,V34,bank,"How do we design HEALTHY competition and visible PROGRESSION — leagues, ladders, belts, levels, the ""Game of Life"" progression the movement uses elsewhere — so competition motivates and connects rather than excludes and shames, and so progress is legible and rewarding at every level from beginner to master? Where does competition help (motivation, community, mastery) and where does it harm (dropout of the less-gifted, injury, obsession), and what is the design that captures the first without the second?"
vitality,research/vitality/QUESTION_BANK_EXTENDED.md,V35,bank,"How do we reach the people sport currently EXCLUDES — women and girls in the activities where they drop out, disabled people, larger-bodied people, older adults, low-income families priced out, and the un-athletic who were shamed out young — so ""lifelong sport for all"" is real rather than a program for the already-fit? What does the evidence say brings the excluded IN, and where is Toronto ACTUALLY failing them now? *(Equity and dignity: sport for every body.)*"
vitality,research/vitality/QUESTION_BANK_EXTENDED.md,V36,bank,"How do we build self-mastery beyond sport — breath, cold, strength, skill, focus, the disciplines of the body and attention the ""biohacking"" culture the operator gestures at explores — in an evidence-honest way that separates what's genuinely supported from what's hype and hazard, and that democratizes the practices rather than leaving them a status game for the wealthy? Where is the line between empowering self-mastery and selling unproven self-optimization? *(Frontier-but-honest; composes with V-S7.)*"
vitality,research/vitality/QUESTION_BANK_EXTENDED.md,V37,bank,"What is the honest FOR/AGAINST on being a bleeding-edge health city — FOR: earlier access to genuine breakthroughs, a research and innovation magnet, hope for the currently-untreatable, and the leadership the operator envisions. AGAINST: unproven interventions on real bodies, the DIY- biohacking harm frontier, snake-oil dressed as innovation, and the equity risk that the frontier serves the rich and the desperate first? What is the frame that lets Toronto move fast on the edge while the protection is structural, not aspirational?"
vitality,research/vitality/QUESTION_BANK_EXTENDED.md,V38,bank,"How do we run frontier health under a two-key ethics gate the movement cannot waive — since ""protecting people"" is only real if there's a mechanism no enthusiasm can override: what is the ethics, consent, and safety architecture (independent review, informed and revocable consent, no vulnerable-population testing without the highest safeguards, honest adverse-event reporting) that gates anything experimental touching a real person? *(Two-key ethics gate, non-waivable.)*"
vitality,research/vitality/QUESTION_BANK_EXTENDED.md,V39,bank,"How do we protect people from the FRONTIER'S dark side while embracing its light — the unregulated longevity clinics, the direct-to-consumer tests of dubious value, the supplement and peptide grey market, the ""wellness"" grift that preys on fear and hope? What does honest consumer protection and evidence-literacy look like in a city that also wants to lead on genuine innovation, and how does it avoid becoming either a rubber stamp or a wall? *(Corporate-gates and testing-honesty compose here.)*"
vitality,research/vitality/QUESTION_BANK_EXTENDED.md,V40,bank,"How do we build the evidence-honesty muscle at population scale — since the whole frontier question turns on a city that can tell a real breakthrough from a hyped one: what does it take to make the public (and the program itself) genuinely literate in evidence grades, trial quality, and the difference between ""promising"" and ""proven,"" so people can navigate the frontier without being either credulous or paralyzed? *(Practice over theory; making evidence-literacy a civic skill.)*"
vitality,research/vitality/QUESTION_BANK_EXTENDED.md,V41,bank,"Where are the corporate gates ACTUALLY located, argued from published evidence at the institutional level — the documented patterns in pharmaceutical pricing and patent strategy, the food industry's role in the ultra-processed-food and chronic-disease burden, the consolidation of primary care and pharmacy, the paywalls on nutrition and health knowledge? How does the program name the SYSTEM-level failures precisely, from the record, without ever authoring an unverified claim or turning the nurses, pharmacists, farmers, and grocers inside those systems into the enemy? *(Pointer-never-author; institutional level only; workforce as partner.)*"
vitality,research/vitality/QUESTION_BANK_EXTENDED.md,V42,bank,"How do we break the gates by BUILDING alternatives rather than only attacking incumbents — community-owned food production and distribution, generic and compounded medicine access, open health knowledge, cooperative pharmacies and clinics, public-interest research — so that the gates fall because something better and community-owned outcompetes them? What is the build-not-just-fight design, and where has it worked?"
vitality,research/vitality/QUESTION_BANK_EXTENDED.md,V43,bank,"What does FOOD AS MEDICINE mean built as real infrastructure — since the Hippocrates line is quoted everywhere and practiced almost nowhere: produce prescriptions, medically-tailored meals, teaching kitchens, food-is-medicine programs integrated into care, and the evidence for each? Where is the honest line between the genuine evidence (diet's role in chronic disease is among the strongest in medicine) and the overreach (food cannot cure everything, and ""let food be thy medicine"" has been used to sell dangerous nonsense and to blame the sick)? *(Food-as-medicine with evidence discipline; never medical advice.)*"
vitality,research/vitality/QUESTION_BANK_EXTENDED.md,V44,bank,"How do we fix the FOOD ENVIRONMENT that makes the healthy choice the hard choice — since personal nutrition advice is nearly useless against a food system engineered for overconsumption: what is the municipal and community lane on food deserts and swamps, on the affordability and accessibility of real food, on local and community food production, so that the default becomes healthy rather than the exception? Where is Toronto ACTUALLY at on food access by neighbourhood, and who profits from it staying broken? *(Where-is-Toronto-ACTUALLY-at; equity constraint.)*"
vitality,research/vitality/QUESTION_BANK_EXTENDED.md,V45,bank,"How do we take the money and the perverse incentives OUT of the system honestly — since much of the corporate gate is an incentive structure that profits from sickness and scarcity: where does the money actually flow in food and medicine and health today, who loses income if the incentives flip toward prevention and access, and how do we design that transition so the honest workers land somewhere better rather than being thrown out with the rent-seekers? *(Take the money out; honest costs; fast-but-safe.)*"
vitality,research/vitality/QUESTION_BANK_EXTENDED.md,V46,bank,"How do we do all of this WITH the health and food workforce as partners — the farmers, grocers, pharmacists, dietitians, nurses, and physicians whose livelihoods are inside the system being reformed — so that breaking the corporate gates never means breaking the people, and the reform is something they help lead because it dignifies their work? *(Partners-never-adversaries, the operator's and the movement's standing rule.)*"
vitality,research/vitality/QUESTION_BANK_EXTENDED.md,V47,bank,"How do we PREVENT mental illness from developing at population scale — since the operator asks for prevention first, and since the evidence points upstream to connection, security, purpose, early-life conditions, and belonging (the very things this whole program builds)? Where is Toronto ACTUALLY at on mental-health burden by age and population, what are the highest-ROI upstream interventions the evidence supports, and how does the program measure prevention (the hardest thing to prove because success is an absence)? *(Prevention as the first move; dignity throughout.)*"
vitality,research/vitality/QUESTION_BANK_EXTENDED.md,V48,bank,"How do we RESOLVE the mental illness people already carry — building access to effective, timely, affordable, culturally-matched, and de-stigmatized care, since the operator asks for both prevention AND resolution? Where are the honest gaps (wait times, cost, cultural and language barriers, the crisis-only system that catches people too late), and what is the design that meets people early and holds them with dignity rather than only in emergencies? *(Dignity center: describe the condition, never stigmatize the person.)*"
vitality,research/vitality/QUESTION_BANK_EXTENDED.md,V49,bank,"How do we recognize and work with SPIRITUAL health through secular access — since the operator asks for it directly and the evidence on meaning, ritual, contemplative practice, and belonging for wellbeing is real, but the movement is never doctrinal: what does it look like to honour the wisdom lineages (contemplative, meditative, ceremonial) and the human need for meaning and transcendence, offered as secular-accessible practice available to all, with Indigenous spiritual practice represented only through published Indigenous voices on their own protocol, never appropriated? *(Spiritual health via secular access; Indigenous content protocol-flagged.)*"
vitality,research/vitality/QUESTION_BANK_EXTENDED.md,V50,bank,"What does the EVIDENCE actually show on psychedelic-assisted and other emerging therapies — argued honestly, separating the genuine clinical-trial signal (the published research on psilocybin, MDMA, ketamine, and others for specific conditions) from the hype, the harms, and the populations for whom these carry serious risk? What is the honest state of the science, and what does the program refuse to overstate? *(Drugs-as-medicine = trial evidence, honestly graded; never medical advice.)*"
vitality,research/vitality/QUESTION_BANK_EXTENDED.md,V51,bank,"How do we engage ""recognize illegal drugs as medicine"" within REGULATORY and JURISDICTIONAL reality — since drug scheduling is FEDERAL, not municipal: what are the actual legal pathways that exist (Health Canada's Special Access Program, Section 56 exemptions, clinical trials, the documented history of Toronto's and Canada's own policy decisions), how does a city work within them and advocate to change them through legitimate channels, and how does the program discuss all of this with zero advocacy of illegal activity? *(Regulatory + jurisdiction honesty; zero illegal-activity advocacy.)*"
vitality,research/vitality/QUESTION_BANK_EXTENDED.md,V52,bank,"How do we hold the HARM-REDUCTION evidence with dignity and honesty — since addiction is a health condition, not a moral failing, and since the harm-reduction literature (supervised consumption, naloxone, safer supply where evidence exists, treatment-on-demand) is contested in public debate but has a real evidence base? What does the evidence actually show, argued straight, and how does the program center the dignity and lives of people who use drugs while being honest about what's proven, what's debated, and what remains a federal and provincial jurisdiction? *(Dignity for people who use drugs; evidence honesty; FOR/AGAINST where the evidence is genuinely contested.)*"
vitality,research/vitality/QUESTION_BANK_EXTENDED.md,V53,bank,"How do we run anything psychedelic-adjacent or touching people in crisis under a two-key ethics gate the movement cannot waive — since these are the highest-risk interventions touching the most vulnerable people: what is the consent, screening, safety, and independent-review architecture that gates any program in this stream, exactly as the vulnerable-population gates protect minors and frail elders elsewhere in the series? *(Two-key ethics gate, non-waivable; vulnerable-population safeguarding.)*"
vitality,research/vitality/QUESTION_BANK_EXTENDED.md,V54,bank,"Who GOVERNS the vitality commons — since the sovereign-wealth-fund, the centralized data, the collective-profit thesis, and the local-ownership design all concentrate real power and money: what is the governance structure that keeps the commons genuinely community-controlled (accountable, transparent, democratically governed, capture-resistant against private buyout, insurer access, state overreach, and its own future leaders), and where has anything at this scale been governed well or badly? *(The central power question, held honestly.)*"
vitality,research/vitality/QUESTION_BANK_EXTENDED.md,V55,bank,"How do we hold the HONEST costs and the honest ledger — since a city cannot test everyone in every way, prescribe nature and connection at scale, break the corporate gates, and lead the frontier all at once without hard tradeoffs: what does this actually cost, what does it save (and how sure are we, given the screening-harms and community-care-savings debates the series has already stress- tested), and what does the program refuse to promise it can afford? *(Take-the-money-out and honest-costs discipline; no invented savings.)*"
vitality,research/vitality/QUESTION_BANK_EXTENDED.md,V56,bank,"How does the program engage the hardest public DEBATES without ducking them — the honest FOR/AGAINST on comprehensive testing, on data centralization, on harm reduction, on medical tourism, on frontier medicine — in language that survives a hostile fact-checker AND leaves every reader (including the sick, the addicted, the frail, and the poor) feeling described with dignity, locating failures in system design rather than in the character of the people the system failed?"
vitality,research/vitality/QUESTION_BANK_EXTENDED.md,V57,bank,"What are the genuine high-ROI vitality wins — measured, not assumed — where a dollar spent on connection, prevention, movement, nature, or early access returns multiples in avoided illness, avoided hospitalization, and years of good life? What does the program MEASURE as success, and what does it refuse to target directly so the metric doesn't corrupt the mission (Goodhart), given how easily ""healthiest and happiest"" numbers can be gamed?"
vitality,research/vitality/QUESTION_BANK_EXTENDED.md,V58,bank,"How do we run the whole thing as PRACTICE, not theory — since ""life is 99% practice"" — so the program is measured by Torontonians who ACTUALLY danced this week, ACTUALLY got outside, ACTUALLY made a friend, ACTUALLY moved their body, ACTUALLY reached care early — real events in real weeks, not frameworks and pledges? What is the practice-culture design that keeps this program from becoming another well-worded wellness report? *(Practice over theory.)*"
vitality,research/vitality/QUESTION_BANK_EXTENDED.md,V59,bank,"How do we guarantee the program is done BY the people, not TO them — guarding against the trap where a well-meaning designer builds a vitality program for a community without that community holding the pen, the data, the fund, and the payroll — especially for the neighbourhoods, the racialized, the disabled, the poor, and the Indigenous communities the health system has historically harmed and who have the most reason to distrust it? What is the ""nothing about us without us"" governance, applied to health? *(Dignity, trust, and community control as the design foundation.)*"
vitality,research/vitality/QUESTION_BANK_EXTENDED.md,V60,bank,"How does the movement itself stay HEALTHY — since a program preaching vitality, connection, and sustainable practice will fail its own thesis if it burns out its people, and since the health workforce and organizers it depends on are already exhausted? What does it look like to build a vitality movement that practices what it prescribes on its own members first?"
vitality,research/vitality/QUESTION_BANK_EXTENDED.md,V61,bank,"How do we make Toronto the city the WORLD copies on vitality — since the movement's frame is ""Toronto demonstrates, the world copies"" and the operator's equity vision reaches to the homelands: what is the minimum demonstrable proof (the smallest honest thing that works and travels), and how is it built to be shared non-extractively with the world's cities and the diaspora's home communities rather than sold? *(Composes with V4, V30, and the series-wide demonstration frame.)*"
transit_foundations,research/transit_foundations/QUESTIONS_EXTENDED.md,TF-Q1,bank,"What is the current distribution of TTC bus network operating hours across 24-hour service vs. reduced evening/night frequency, and what are the ridership and latent demand profiles for each window?"
transit_foundations,research/transit_foundations/QUESTIONS_EXTENDED.md,TF-Q2,bank,"What is the average passenger load factor (actual riders per available seat per hour) across the TTC bus and streetcar networks, stratified by time of day, route, and neighborhood?"
transit_foundations,research/transit_foundations/QUESTIONS_EXTENDED.md,TF-Q3,bank,"How many TTC bus routes are currently operating below cost recovery per passenger (subsidy-dependent below a defined threshold), and what are the common characteristics of these routes (geography, ridership density, service type)?"
transit_foundations,research/transit_foundations/QUESTIONS_EXTENDED.md,TF-Q4,bank,"What are the historical and current sources of TTC operational and capital funding (property tax, fares, provincial/federal grants) as a share of total budget, and how does this mix compare to other major transit agencies?"
transit_foundations,research/transit_foundations/QUESTIONS_EXTENDED.md,TF-Q5,bank,"What is the annual cost of deferred TTC maintenance across infrastructure (stations, vehicles, signalling, power systems) and how does it compare to current annual capital spending?"
transit_foundations,research/transit_foundations/QUESTIONS_EXTENDED.md,TF-Q6,bank,"How are resource allocation decisions (route changes, service hours, capital projects) currently made within TTC governance, and what is the documented input from riders, community stakeholders, and equity advocates?"
transit_foundations,research/transit_foundations/QUESTIONS_EXTENDED.md,TF-Q7,bank,"What is the composition and capacity of the TTC Board (skills, diversity, transit expertise, meeting frequency, staffing support), and how does it compare to peer transit agencies?"
transit_foundations,research/transit_foundations/QUESTIONS_EXTENDED.md,TF-Q8,bank,"What is the current incidence rate of TTC bus driver assaults, passenger injuries, and operational accidents per million service miles, and what is the trend over the past 5–10 years?"
transit_foundations,research/transit_foundations/QUESTIONS_EXTENDED.md,TF-Q9,bank,"What are the top contributing factors to TTC bus collisions and near-misses (driver behavior, vehicle mechanical issues, infrastructure design, traffic signal timing, cyclist/pedestrian exposure)?"
transit_foundations,research/transit_foundations/QUESTIONS_EXTENDED.md,TF-Q10,bank,"What is the current state of TTC station accessibility for passengers with mobility, vision, hearing, and cognitive disabilities (elevator availability, audible announcements, tactile paving, signage, staff training)?"
transit_foundations,research/transit_foundations/QUESTIONS_EXTENDED.md,TF-Q11,bank,"What percentage of TTC bus stops have shelters, benches, real-time arrival information, and weather protection, and how does this vary by neighborhood income and ridership volume?"
transit_foundations,research/transit_foundations/QUESTIONS_EXTENDED.md,TF-Q12,bank,"What is the current age profile, turnover rate, and recruitment pipeline for TTC bus operators, and how do wages, benefits, and working conditions compare to peer transit systems and alternative employment?"
transit_foundations,research/transit_foundations/QUESTIONS_EXTENDED.md,TF-Q13,bank,"What is the documented rate of TTC driver training, certification in advanced safety techniques (e.g., defensive driving, trauma-informed customer service), and professional development, and how does this compare to world-leading transit systems?"
transit_foundations,research/transit_foundations/QUESTIONS_EXTENDED.md,TF-Q14,bank,"What is the current gender and racial composition of the TTC workforce (operators, maintenance, management) and what are the documented barriers to diversity and inclusion in hiring, promotion, and workplace culture?"
transit_foundations,research/transit_foundations/QUESTIONS_EXTENDED.md,TF-Q15,bank,"What is the TTC's current real-time tracking accuracy and reliability of arrival predictions (actual vs. predicted arrival times) across the bus and streetcar networks, stratified by time of day and route?"
transit_foundations,research/transit_foundations/QUESTIONS_EXTENDED.md,TF-Q16,bank,"What is the spatial distribution of rush-hour traffic congestion across Toronto by corridor, and what are the primary bottleneck locations (intersections, bridges, merge points)?"
transit_foundations,research/transit_foundations/QUESTIONS_EXTENDED.md,TF-Q17,bank,"What is the current baseline congestion level in Toronto (Travel Time Index, Planning Time Index) compared to peer cities (Vancouver, Montreal, Chicago), and how has it trended over the past 5–10 years?"
transit_foundations,research/transit_foundations/QUESTIONS_EXTENDED.md,TF-Q18,bank,"What is the breakdown of congestion causes in Toronto by proportion (traffic incidents, weather, work zones, bad signal timing, demand exceeding capacity, vehicle breakdowns)?"
transit_foundations,research/transit_foundations/QUESTIONS_EXTENDED.md,TF-Q19,bank,"How many daily vehicle trips in Toronto are generated by commercial traffic (freight delivery, service vehicles, taxis, for-hire) vs. personal passenger vehicles, and what is the curb occupancy and dwell time?"
transit_foundations,research/transit_foundations/QUESTIONS_EXTENDED.md,TF-Q20,bank,"What percentage of Toronto vehicle trips are crossing the city vs. internal to specific zones, and what is the average trip distance and duration by origin-destination pair?"
transit_foundations,research/transit_foundations/QUESTIONS_EXTENDED.md,TF-Q21,bank,"What is the documented impact of school commutes, hospital visits, sports events, and cultural events on peak-hour congestion and transit ridership?"
transit_foundations,research/transit_foundations/QUESTIONS_EXTENDED.md,TF-Q22,bank,"What is the spatial and temporal distribution of on-street parking occupancy in Toronto's core and inner neighborhoods, and how does it correlate with congestion and transit ridership?"
transit_foundations,research/transit_foundations/QUESTIONS_EXTENDED.md,TF-Q23,bank,"What is the documented rate of red-light running, speeding, and aggressive driving in Toronto, and how does it vary by corridor and time of day?"
transit_foundations,research/transit_foundations/QUESTIONS_EXTENDED.md,TF-Q24,bank,"How do weather events (snow, ice, rain, wind, extreme heat) impact Toronto transit ridership and road traffic flow, and what is the service disruption cost?"
transit_foundations,research/transit_foundations/QUESTIONS_EXTENDED.md,TF-Q25,bank,"What is the current mode share in Toronto (vehicle, transit, cycling, walking) by corridor and neighborhood, and how has it changed over past 10–20 years?"
transit_foundations,research/transit_foundations/QUESTIONS_EXTENDED.md,TF-Q26,bank,"What is the distribution of vehicle occupancy (persons per vehicle) during rush hours in Toronto by corridor, and what is the impact of single-occupant vehicles on road capacity?"
transit_foundations,research/transit_foundations/QUESTIONS_EXTENDED.md,TF-Q27,bank,"What is the documented impact of the Go Train and Go Bus networks on Toronto area congestion, and what is the latent demand for regional rapid transit integration?"
transit_foundations,research/transit_foundations/QUESTIONS_EXTENDED.md,TF-Q28,bank,"What is the economic cost of Toronto traffic congestion (lost productivity, health impacts, emissions, supply chain delays) expressed as a percentage of regional GDP?"
transit_foundations,research/transit_foundations/QUESTIONS_EXTENDED.md,TF-Q29,bank,"What is the marginal cost of adding one additional service hour to the TTC bus network (fleet, operations, maintenance), and what is the ridership elasticity (additional riders per additional service hour)?"
transit_foundations,research/transit_foundations/QUESTIONS_EXTENDED.md,TF-Q30,bank,"What is the current alignment between TTC bus routes and land-use density, employment centers, and transit-dependent population in Toronto, and where are service-density mismatches?"
transit_foundations,research/transit_foundations/QUESTIONS_EXTENDED.md,TF-Q31,bank,What is the potential ridership impact of converting TTC bus routes to all-door boarding and tap-to-pay farecard systems (reducing dwell time and fare evasion)?
transit_foundations,research/transit_foundations/QUESTIONS_EXTENDED.md,TF-Q32,bank,"What is the current level of bus bunching (multiple buses arriving in close sequence due to traffic and dwell variability) on the TTC network, and what operational interventions (signal priority, schedule padding, vehicle rerouting) could reduce it?"
transit_foundations,research/transit_foundations/QUESTIONS_EXTENDED.md,TF-Q33,bank,"What is the optimal bus network topology for Toronto (e.g., hub-and-spoke vs. grid vs. radial) given current land use, employment, and population distribution, and what are the capital and operational trade-offs?"
transit_foundations,research/transit_foundations/QUESTIONS_EXTENDED.md,TF-Q34,bank,"What is the current bus rapid transit (BRT) or limited-stop service coverage in Toronto, and what is the ridership and speed benefit compared to all-stop local service on shared corridors?"
transit_foundations,research/transit_foundations/QUESTIONS_EXTENDED.md,TF-Q35,bank,What is the potential for increasing streetcar service frequency and coverage (off-street track expansion or mixed-traffic priority) on Toronto's legacy streetcar network?
transit_foundations,research/transit_foundations/QUESTIONS_EXTENDED.md,TF-Q36,bank,"What is the current fuel and energy consumption (kWh per passenger-km) across TTC bus and streetcar networks, and what is the potential ROI of transitioning to full battery electric or hydrogen fuel-cell fleets?"
transit_foundations,research/transit_foundations/QUESTIONS_EXTENDED.md,TF-Q37,bank,"What is the current TTC bus dwell time (passengers boarding/alighting per stop) and its contribution to total route travel time, and what design interventions (platform doors, level boarding, off-vehicle fare payment) could reduce it?"
transit_foundations,research/transit_foundations/QUESTIONS_EXTENDED.md,TF-Q38,bank,"What is the current TTC schedule reliability (on-time performance) and bunching levels, and what is the rider satisfaction impact of improved reliability independent of frequency?"
transit_foundations,research/transit_foundations/QUESTIONS_EXTENDED.md,TF-Q39,bank,"What is the current capacity utilization of TTC bus fleet during peak vs. off-peak periods, and what is the opportunity for dynamic fleet redeployment or vehicle-size optimization?"
transit_foundations,research/transit_foundations/QUESTIONS_EXTENDED.md,TF-Q40,bank,"What is the ridership impact of introducing express or limited-stop routing options on high-demand corridors (e.g., Yonge-Dundas-Bathurst) for riders willing to pay a premium or accept longer wait times for faster service?"
transit_foundations,research/transit_foundations/QUESTIONS_EXTENDED.md,TF-Q41,bank,"What is the documented ridership and speed impact of transit signal priority (TSP) on TTC bus routes that have been equipped with priority, and what is the ROI of expanding TSP across the network?"
transit_foundations,research/transit_foundations/QUESTIONS_EXTENDED.md,TF-Q42,bank,"What is the potential for integrating TTC shuttle service with automated or on-demand micro-transit (e.g., small vehicle fleets responding to demand on lower-density routes) to maintain coverage while reducing cost?"
transit_foundations,research/transit_foundations/QUESTIONS_EXTENDED.md,TF-Q43,bank,"What are the fastest, most efficient, and most equitable transit systems in the world (by ridership per capita, cost per ride, customer satisfaction), and what are the critical success factors in each?"
transit_foundations,research/transit_foundations/QUESTIONS_EXTENDED.md,TF-Q44,bank,"What is the reliability (on-time performance, service frequency adherence, uptime) of peer city transit systems compared to TTC, and what operational practices drive reliability?"
transit_foundations,research/transit_foundations/QUESTIONS_EXTENDED.md,TF-Q45,bank,"What is the cost structure (operating cost per passenger-km, capital cost per km of service) of transit systems in comparable cities (Vancouver, Montreal, Calgary, Seattle, Portland), and how does TTC compare?"
transit_foundations,research/transit_foundations/QUESTIONS_EXTENDED.md,TF-Q46,bank,"What is the service coverage (percent of population within 400 m of transit) and service frequency (headways < 15 minutes) in comparable cities, and how does Toronto compare?"
transit_foundations,research/transit_foundations/QUESTIONS_EXTENDED.md,TF-Q47,bank,"What are the most advanced real-time information systems, fare payment technologies, and operational control systems deployed in world-leading transit agencies?"
transit_foundations,research/transit_foundations/QUESTIONS_EXTENDED.md,TF-Q48,bank,"What is the documented ridership mode share across transit agencies in comparable cities, and what are the drivers of higher transit share (density, affordability, service quality, car restrictions)?"
transit_foundations,research/transit_foundations/QUESTIONS_EXTENDED.md,TF-Q49,bank,"What is the documented demographic profile of transit users in comparable cities, and what are the equity impacts of fare, service, and accessibility policies?"
transit_foundations,research/transit_foundations/QUESTIONS_EXTENDED.md,TF-Q50,bank,"What is the extent and effectiveness of regional integration (fare payment, service coordination, unified branding) in peer city regions (Greater Toronto Area, Vancouver, Bay Area, London)?"
transit_foundations,research/transit_foundations/QUESTIONS_EXTENDED.md,TF-Q51,bank,"What is the documented accessibility performance (wait time for accessible vehicles, station elevator uptime, real-time accessible information) in comparable transit systems, and what is the best-practice standard?"
transit_foundations,research/transit_foundations/QUESTIONS_EXTENDED.md,TF-Q52,bank,"What are the documented assault rates, crime rates, and safety perception among riders in comparable transit systems, and what interventions are associated with safer service?"
transit_foundations,research/transit_foundations/QUESTIONS_EXTENDED.md,TF-Q53,bank,"What are the most promising innovations being piloted or deployed in transit agencies globally (autonomous shuttles, hyperloop, on-demand transit, AI-based operations, real-time passenger information)?"
transit_foundations,research/transit_foundations/QUESTIONS_EXTENDED.md,TF-Q54,bank,"What is the staffing model (operator-to-vehicle ratio, management structure, training investment, compensation) in high-performing transit systems, and how does TTC compare?"
transit_foundations,research/transit_foundations/QUESTIONS_EXTENDED.md,TF-Q55,bank,"What is the customer satisfaction score (NPS, CSAT) in comparable transit systems, and what are the drivers of satisfaction (cleanliness, reliability, speed, safety, staff courtesy, accessibility)?"
transit_foundations,research/transit_foundations/QUESTIONS_EXTENDED.md,TF-Q56,bank,"What is the historical capital cost per km of new transit line in Toronto (TTC subway, streetcar, bus rapid transit) compared to comparable North American projects and international benchmarks?"
transit_foundations,research/transit_foundations/QUESTIONS_EXTENDED.md,TF-Q57,bank,"What is the typical project development timeline (concept to revenue service opening) for transit projects in Toronto compared to peer cities, and what are the delays and cost drivers?"
transit_foundations,research/transit_foundations/QUESTIONS_EXTENDED.md,TF-Q58,bank,"What is the current procurement process for TTC capital projects (design-bid-build vs. design-build vs. public-private partnership), and what are the performance outcomes (cost, schedule, quality) by procurement model?"
transit_foundations,research/transit_foundations/QUESTIONS_EXTENDED.md,TF-Q59,bank,"What financing mechanisms are available for transit capital projects in Toronto (property tax, debt, toll revenues, air rights, transit-oriented development value capture) and what is the current and potential revenue from each?"
transit_foundations,research/transit_foundations/QUESTIONS_EXTENDED.md,TF-Q60,bank,"What is the ridership outcome per dollar of capital investment for TTC projects (passengers per annum per million dollars invested), and what predicts cost-effectiveness?"
transit_foundations,research/transit_foundations/QUESTIONS_EXTENDED.md,TF-Q61,bank,What is the documented cost of land acquisition for transit projects in Toronto (per km or per station) and how does it vary by location and zoning context?
transit_foundations,research/transit_foundations/QUESTIONS_EXTENDED.md,TF-Q62,bank,"What is the documented cost of utility relocation and conflicts on transit construction projects in Toronto, and what percentage of cost overruns are attributable to utility issues?"
transit_foundations,research/transit_foundations/QUESTIONS_EXTENDED.md,TF-Q63,bank,What is the current union staffing requirements for TTC capital projects (as proportion of total project labor) and what is the labor cost inflation from prevailing wage requirements?
transit_foundations,research/transit_foundations/QUESTIONS_EXTENDED.md,TF-Q64,bank,"What are the documented capital and operating costs of emerging construction technologies (tunnelling boring machine advances, modular station construction, prefabricated components) and their potential application in Toronto transit projects?"
transit_foundations,research/transit_foundations/QUESTIONS_EXTENDED.md,TF-Q65,bank,"What is the documented traffic, business, and resident disruption from transit construction in Toronto (lane closures, noise, vibration, air quality) and what is the economic impact and mitigation strategy?"
transit_foundations,research/transit_foundations/QUESTIONS_EXTENDED.md,TF-Q66,bank,"What are the environmental review and permitting requirements for transit projects in Toronto, and what is the timeline and cost impact of the environmental assessment process?"
transit_foundations,research/transit_foundations/QUESTIONS_EXTENDED.md,TF-Q67,bank,"What is the documented community opposition and litigation risk for transit projects in Toronto, what are the main sources of opposition, and what mitigation strategies reduce opposition and delay?"
transit_foundations,research/transit_foundations/QUESTIONS_EXTENDED.md,TF-Q68,bank,"What is the current TTC fare structure (adult, student, senior, cash/card, token, monthly pass) and what is the effective price paid per ride by demographic (income, age, frequency)?"
transit_foundations,research/transit_foundations/QUESTIONS_EXTENDED.md,TF-Q69,bank,"What is the proportion of TTC riders' income spent on transit (transit cost as share of household income) by income quintile, and what is the equity impact of current fares?"
transit_foundations,research/transit_foundations/QUESTIONS_EXTENDED.md,TF-Q70,bank,"What is the price elasticity of demand for TTC service (ridership change per 1% fare change) overall and by demographic (income, age, purpose)?"
transit_foundations,research/transit_foundations/QUESTIONS_EXTENDED.md,TF-Q71,bank,"What percentage of Toronto's low-income population has access to TTC affordability programs (low-income passes, subsidized fares) and what is the eligibility, uptake, and barriers?"
transit_foundations,research/transit_foundations/QUESTIONS_EXTENDED.md,TF-Q72,bank,"What is the current fare integration between TTC and GO Transit (separate fares, payment systems, transfer policies) and what is the revenue and ridership impact of full One Fare integration?"
transit_foundations,research/transit_foundations/QUESTIONS_EXTENDED.md,TF-Q73,bank,What is the geographic equity in transit fares across Toronto (central vs. outer ring) and what is the impact on access to jobs and services for outer-ring residents?
transit_foundations,research/transit_foundations/QUESTIONS_EXTENDED.md,TF-Q74,bank,"What is the current adoption of contactless/mobile payment methods (credit card, mobile wallet, phone app) among TTC riders and what is the impact on dwell time and payment processing cost?"
transit_foundations,research/transit_foundations/QUESTIONS_EXTENDED.md,TF-Q75,bank,What is TTC's current fare revenue as percentage of operating budget and what is the sensitivity of operating budget to fare increases (how much fare increase is needed to offset cost increases)?
transit_foundations,research/transit_foundations/QUESTIONS_EXTENDED.md,TF-Q76,bank,What is the potential ridership and equity impact of pass-based pricing (unlimited monthly pass at below per-ride breakeven) vs. distance-based or usage-based pricing?
transit_foundations,research/transit_foundations/QUESTIONS_EXTENDED.md,TF-Q77,bank,What is the potential for dynamic or congestion-based pricing (peak vs. off-peak fares) to encourage off-peak ridership and reduce peak crowding?
transit_foundations,research/transit_foundations/QUESTIONS_EXTENDED.md,TF-Q78,bank,"What is the potential for subsidizing transit fares for specific low-income groups (students, seniors, essential workers) as equity intervention, and what would be the cost and ridership impact?"
transit_foundations,research/transit_foundations/QUESTIONS_EXTENDED.md,TF-Q79,bank,"What is the current separation in service planning, fare, technology, and branding between TTC and GO Transit, and what are the barriers to full integration?"
transit_foundations,research/transit_foundations/QUESTIONS_EXTENDED.md,TF-Q80,bank,"What would be the revenue, ridership, and fare impact of full One Fare integration (unified fare for TTC and GO), and what is the transition path?"
transit_foundations,research/transit_foundations/QUESTIONS_EXTENDED.md,TF-Q81,bank,"What is the current modal split for GO Transit commutes to downtown Toronto, and what would be the demand shift if GO integrated with TTC at Union Station or other key interchange points?"
transit_foundations,research/transit_foundations/QUESTIONS_EXTENDED.md,TF-Q82,bank,"What is the potential for service coordination between TTC and the 905 municipal transit agencies (Durham RT, York Region Transit, Peel Transit, Halton Transit) on shared corridors and cross-regional trips?"
transit_foundations,research/transit_foundations/QUESTIONS_EXTENDED.md,TF-Q83,bank,"What are the barriers to deploying a unified fare payment and real-time information technology system across TTC, GO, and 905 agencies?"
transit_foundations,research/transit_foundations/QUESTIONS_EXTENDED.md,TF-Q84,bank,What is the potential for congestion-based pricing that spans municipal boundaries (Toronto and 905) to manage regional commute traffic and fund transit?
transit_foundations,research/transit_foundations/QUESTIONS_EXTENDED.md,TF-Q85,bank,"What percentage of GO Transit demand is generated by 905 residents vs. Toronto residents, and what is the commute pattern by destination (downtown core, office parks, employment centers)?"
transit_foundations,research/transit_foundations/QUESTIONS_EXTENDED.md,TF-Q86,bank,What is the accessibility performance for inter-regional trips (transferring between TTC and GO or municipal agencies) and what are the barriers to accessible regional travel?
transit_foundations,research/transit_foundations/QUESTIONS_EXTENDED.md,TF-Q87,bank,What is the demographic profile of regional transit users (TTC and GO combined) and how do equity impacts of fares and service differ for regional vs. Toronto-internal trips?
transit_foundations,research/transit_foundations/QUESTIONS_EXTENDED.md,TF-Q88,bank,"What is the current and projected capacity of GO Union Station and key interchange stations (Bloor, Dundas) for inter-agency transfers, and what capital investment is needed to support integrated service growth?"
transit_foundations,research/transit_foundations/QUESTIONS_EXTENDED.md,TF-Q89,bank,"What is the potential for regional land-use planning (density around GO stations, affordable housing, employment centers) to support integrated transit growth and reduce car dependency?"
transit_foundations,research/transit_foundations/QUESTIONS_EXTENDED.md,TF-Q90,bank,"What is the optimal institutional structure for regional transit governance and operations (merged agency, federal coordinating body, service agreements) and how would it compare to peer regions?"
transit_foundations,research/transit_foundations/QUESTIONS_EXTENDED.md,TF-Q91,bank,"What is the potential for implementing urban congestion pricing in Toronto (per-entry fee, time-varying pricing, vehicle-type differentiation), and what is the revenue and traffic impact based on peer city experience?"
transit_foundations,research/transit_foundations/QUESTIONS_EXTENDED.md,TF-Q92,bank,"What is the projected annual revenue from congestion pricing in Toronto under different scenarios (cordon pricing, area pricing, zone-based), and what is the optimal allocation of revenue (transit investment, traffic management, or general revenue)?"
transit_foundations,research/transit_foundations/QUESTIONS_EXTENDED.md,TF-Q93,bank,"What categories of vehicles should be exempted or discounted from congestion pricing (emergency vehicles, transit, taxis, commercial, residents) and what is the traffic and equity impact of exemption policies?"
transit_foundations,research/transit_foundations/QUESTIONS_EXTENDED.md,TF-Q94,bank,"What is the documented behavioral response to congestion pricing in peer cities (mode shift, route change, time-of-travel change, trip suppression) and what can be expected in Toronto?"
transit_foundations,research/transit_foundations/QUESTIONS_EXTENDED.md,TF-Q95,bank,"What is the equity impact of congestion pricing on low-income residents, essential workers, and rural commuters who may lack transit alternatives?"
transit_foundations,research/transit_foundations/QUESTIONS_EXTENDED.md,TF-Q96,bank,"What is the required technology infrastructure for congestion pricing implementation (license plate recognition, transponders, app-based payment, integration with parking systems)?"
transit_foundations,research/transit_foundations/QUESTIONS_EXTENDED.md,TF-Q97,bank,"What is the required transit capacity increase to absorb demand shift from congestion pricing, and what would be the capital and operating cost?"
transit_foundations,research/transit_foundations/QUESTIONS_EXTENDED.md,TF-Q98,bank,"What is the potential for regional congestion pricing (spanning Toronto and surrounding municipalities) vs. city-only congestion pricing, and how would it affect commute patterns and transit ridership?"
transit_foundations,research/transit_foundations/QUESTIONS_EXTENDED.md,TF-Q99,bank,"What is the relationship between on-street parking prices and congestion, and what is the potential for dynamic parking pricing to manage congestion and fund transit?"
transit_foundations,research/transit_foundations/QUESTIONS_EXTENDED.md,TF-Q100,bank,"What is the potential for employer-based demand management (transit pass subsidies, telecommuting incentives, parking pricing, carpool matching) to reduce peak-hour vehicle trips and congestion?"
transit_foundations,research/transit_foundations/QUESTIONS_EXTENDED.md,TF-Q101,bank,"What is the documented political opposition to congestion pricing in Toronto, what are the main arguments against, and what political strategies have been successful in peer cities for overcoming opposition?"
transit_foundations,research/transit_foundations/QUESTIONS_EXTENDED.md,TF-Q102,bank,What is the potential for truck delivery pricing or time-of-delivery restrictions to reduce freight congestion and improve air quality while maintaining commercial viability?
transit_foundations,research/transit_foundations/QUESTIONS_EXTENDED.md,TF-Q103,bank,"What is the impact of congestion pricing on average vehicle speeds and travel time in congested corridors, and what is the elasticity of trip-making to speed improvement?"
transit_foundations,research/transit_foundations/QUESTIONS_EXTENDED.md,TF-Q104,bank,"What is the current allocation of curb space in Toronto's core and inner neighborhoods (transit, vehicle parking, loading, outdoor seating, cycling), and what is the optimal allocation based on demand and equity?"
transit_foundations,research/transit_foundations/QUESTIONS_EXTENDED.md,TF-Q105,bank,"What is the magnitude of commercial vehicle activity (delivery, service calls, temporary parking) on Toronto streets, how is it currently managed, and what are the barriers to efficient curb management?"
transit_foundations,research/transit_foundations/QUESTIONS_EXTENDED.md,TF-Q106,bank,"What are the available technologies for curb management (app-based reservation, smart signage, license plate recognition, payment systems) and what is the cost and readiness for Toronto deployment?"
transit_foundations,research/transit_foundations/QUESTIONS_EXTENDED.md,TF-Q107,bank,"What is the current last-mile delivery efficiency in Toronto (vehicles per delivery, stops per route, time in vehicle vs. time at destination) and what is the potential for consolidation or alternative delivery models?"
transit_foundations,research/transit_foundations/QUESTIONS_EXTENDED.md,TF-Q108,bank,"What is the current mode share for urban goods delivery (package trucks, bicycles, e-cargo bikes, drones) in Toronto, and what is the potential for shifting delivery to lower-impact modes?"
transit_foundations,research/transit_foundations/QUESTIONS_EXTENDED.md,TF-Q109,bank,"What is the feasibility of off-hours delivery (evening, early morning, night) to reduce daytime congestion, and what are the costs, noise impacts, and delivery operator acceptance?"
transit_foundations,research/transit_foundations/QUESTIONS_EXTENDED.md,TF-Q110,bank,"What regulatory changes would support efficient freight delivery in Toronto (curb pricing, off-hours incentives, mode requirements, congestion pricing exemptions/charges)?"
transit_foundations,research/transit_foundations/QUESTIONS_EXTENDED.md,TF-Q111,bank,"What is the equity impact of curb allocation decisions (e.g., prioritizing commercial loading vs. affordable on-street parking for residents, or transit priority vs. parking)?"
transit_foundations,research/transit_foundations/QUESTIONS_EXTENDED.md,TF-Q112,bank,"What is the current cycling mode share in Toronto (percentage of trips by bike) by neighborhood, and what is the relationship between bike lane density, hills, weather, and mode share?"
transit_foundations,research/transit_foundations/QUESTIONS_EXTENDED.md,TF-Q113,bank,"What is the extent and quality of Toronto's cycling infrastructure (protected lanes, painted lanes, sharrows, off-street paths) and what are the gaps relative to demand and peer city standards?"
transit_foundations,research/transit_foundations/QUESTIONS_EXTENDED.md,TF-Q114,bank,"What is the documented rate of cycling crashes and injuries in Toronto by location, what are the root causes, and what infrastructure improvements reduce crash risk?"
transit_foundations,research/transit_foundations/QUESTIONS_EXTENDED.md,TF-Q115,bank,"What is the extent and quality of bike parking in Toronto (on-street racks, secure parking, shelters) and what is the barrier to cycling from lack of secure destination parking?"
transit_foundations,research/transit_foundations/QUESTIONS_EXTENDED.md,TF-Q116,bank,"What is the current adoption and trip patterns of micromobility (e-scooters, e-bikes, shared bikes/scooters) in Toronto, and what is the potential for increasing mode share as last-mile connector to transit?"
transit_foundations,research/transit_foundations/QUESTIONS_EXTENDED.md,TF-Q117,bank,"What is the relationship between weather (temperature, precipitation, snow, ice) and cycling mode share in Toronto, and what is the potential for weather-hardened cycling infrastructure to enable year-round cycling?"
transit_foundations,research/transit_foundations/QUESTIONS_EXTENDED.md,TF-Q118,bank,"What is the demographic profile of Toronto cyclists and what are the barriers to cycling for low-income residents, women, visible minorities, and other underrepresented groups?"
transit_foundations,research/transit_foundations/QUESTIONS_EXTENDED.md,TF-Q119,bank,"What is the potential impact of increasing cycling mode share (e.g., to 10% or 20% of trips in core neighborhoods) on vehicle congestion and total transportation system efficiency?"
transit_foundations,research/transit_foundations/QUESTIONS_EXTENDED.md,TF-Q120,bank,"What is the current state of TTC traffic signal coordination and optimization (timing plans, detection, adaptive control) and what is the potential for AI-based real-time signal control to reduce travel time and emissions?"
transit_foundations,research/transit_foundations/QUESTIONS_EXTENDED.md,TF-Q121,bank,"What real-time data is currently available on Toronto traffic conditions (vehicle counts, speed, occupancy, incident detection) and how could it be leveraged for congestion prediction, incident response, and travel information?"
transit_foundations,research/transit_foundations/QUESTIONS_EXTENDED.md,TF-Q122,bank,"What is the potential for AI-based transit operations optimization (vehicle dispatch, route planning, maintenance scheduling, crew management) to reduce cost and improve service?"
transit_foundations,research/transit_foundations/QUESTIONS_EXTENDED.md,TF-Q123,bank,"What is the potential value of developing a digital twin of Toronto's transportation system (traffic, transit, land use, demand) for scenario planning and optimization?"
transit_foundations,research/transit_foundations/QUESTIONS_EXTENDED.md,TF-Q124,bank,"What is the potential for autonomous vehicles (self-driving cars, trucks, shuttles) to reduce congestion, labor costs, and emissions, and what is the timeline and regulatory readiness in Toronto?"
transit_foundations,research/transit_foundations/QUESTIONS_EXTENDED.md,TF-Q125,bank,"What are the most advanced fare payment technologies being deployed in transit agencies globally (contactless, mobile wallet, biometric, integration with MaaS), and what should Toronto's fare technology roadmap be?"
transit_foundations,research/transit_foundations/QUESTIONS_EXTENDED.md,TF-Q126,bank,"What is the quality and completeness of Toronto's real-time public transit information (GTFS-realtime availability, accuracy, app coverage), and what are the gaps compared to peer city standards?"
transit_foundations,research/transit_foundations/QUESTIONS_EXTENDED.md,TF-Q128,bank,"What is the potential for machine learning models to predict demand for transit, traffic, and other transportation services at high granularity (location, time, weather, events), and how could predictions improve system operations and planning?"
problem-register,research/problems/PROBLEM_REGISTER.md,PR-X14,gap-cell,wage-distribution receipt.
problem-register,research/problems/PROBLEM_REGISTER.md,C1★,gap-cell,completion-rate trend over multiple years.
problem-register,research/problems/PROBLEM_REGISTER.md,C2★,gap-cell,resolve the population-figure contradiction (docket item 1) before any publish.
problem-register,research/problems/PROBLEM_REGISTER.md,C4,gap-cell,current Toronto DC schedule + timeline receipts; province's latest DC amendments.
problem-register,research/problems/PROBLEM_REGISTER.md,C5,gap-cell,Toronto eviction-filings receipt; above-guideline-increase volume.
problem-register,research/problems/PROBLEM_REGISTER.md,E4,gap-cell,2026 in-year actuals once budget variance reports land.
problem-register,research/problems/PROBLEM_REGISTER.md,PR-X09,gap-cell,2026 in-year actuals vs FAO projection.
problem-register,research/problems/PROBLEM_REGISTER.md,PR-X01,gap-cell,Toronto-CMA exposure receipt; realized-displacement tracking beyond the entry-level signal.
problem-register,research/problems/PROBLEM_REGISTER.md,PR-X16,gap-cell,truck/delivery count; Waymo application status as it lands.
problem-register,research/problems/PROBLEM_REGISTER.md,PR-X03,gap-cell,Toronto-CMA precarity share receipt.
problem-register,research/problems/PROBLEM_REGISTER.md,PR-X06,gap-cell,all-ages Toronto poverty receipt; depth-of- poverty (average distance below line) receipt.
problem-register,research/problems/PROBLEM_REGISTER.md,PR-X07,gap-cell,underemployment receipt (newcomer earnings gap).
problem-register,research/problems/PROBLEM_REGISTER.md,D6,gap-cell,current Toronto office/retail vacancy receipt.
problem-register,research/problems/PROBLEM_REGISTER.md,PR-X04,gap-cell,Toronto-specific unattached count receipt.
problem-register,research/problems/PROBLEM_REGISTER.md,H2,gap-cell,household food-insecurity *rate* receipt (StatCan CIS) to pair with the visits count.
problem-register,research/problems/PROBLEM_REGISTER.md,A4,gap-cell,treatment-wait receipt.
problem-register,research/problems/PROBLEM_REGISTER.md,E3,gap-cell,current LTC waitlist receipt; home-care hours gap.
problem-register,research/problems/PROBLEM_REGISTER.md,C6,gap-cell,Toronto waitlist receipt.
problem-register,research/problems/PROBLEM_REGISTER.md,H1,gap-cell,none blocking — current-year receipt landed above.
problem-register,research/problems/PROBLEM_REGISTER.md,PR-X02,gap-cell,Toronto-specific loneliness receipt.
problem-register,research/problems/PROBLEM_REGISTER.md,A1★,gap-cell,per-capita harm trend receipt; current TPS surveillance-asset inventory.
problem-register,research/problems/PROBLEM_REGISTER.md,A6,gap-cell,2025 YTD trend; program-evaluation receipts.
problem-register,research/problems/PROBLEM_REGISTER.md,B2,gap-cell,Toronto KSI 2025 receipt.
problem-register,research/problems/PROBLEM_REGISTER.md,E2,gap-cell,Toronto heat-mortality receipt.
problem-register,research/problems/PROBLEM_REGISTER.md,F4,gap-cell,"citywide emissions-trend receipt vs interim targets (2023: 16.1 Mt, −43% vs 1990 — [`futures`](../futures/TORONTO_FUTURES_AND_PEER_CITIES.md) ⚠️)."
problem-register,research/problems/PROBLEM_REGISTER.md,H10,gap-cell,Great-Lakes-scale water questions parked to a provincial-lens future row.
problem-register,research/problems/PROBLEM_REGISTER.md,PR-X10,gap-cell,the §S1 baseline audit is literally the program's first deliverable; operator's DR3 review gate (queue card 2) is the unlock.
problem-register,research/problems/PROBLEM_REGISTER.md,B1★,gap-cell,none blocking — congestion receipt landed above.
problem-register,research/problems/PROBLEM_REGISTER.md,PR-X05,gap-cell,none blocking — EQAO + funding receipts landed above (AG's 72% EA figure still secondary-corroborated; primary AG pull owed at mint).
problem-register,research/problems/PROBLEM_REGISTER.md,C3,gap-cell,Toronto's current structural-deficit receipt.
problem-register,research/problems/PROBLEM_REGISTER.md,F2+H4,gap-cell,inventory of live city AI systems.
problem-register,research/problems/PROBLEM_REGISTER.md,PR-X12,gap-cell,Toronto-CMA 2025-26 actuals.
problem-register,research/problems/PROBLEM_REGISTER.md,PR-X15,gap-cell,a Toronto entanglement map (candidate Phase-E artifact).
